id,account_id,value_date,posted_date,debit,credit,amount,running_balance,raw_narration,counterparty_text,bank_ref,cheque_no,signed_amount,is_debit,is_credit,day_of_week,day_of_month,month,account_transaction_count,account_mean_amount,account_median_amount,account_std_amount,account_max_amount,amount_zscore,amount_vs_account_median,daily_transaction_count,counterparty_frequency,narration_frequency,has_bank_ref,has_cheque,balance_difference,balance_mismatch,anomaly_score,risk_score,risk_level,is_anomaly,anomaly_reason,transaction_class
btx_c94a44786968,bac_4934eb4d,2026-03-27,2026-03-27,1250000.0,0.0,1250000.0,-4377609.47,TO TRANSFER-INB OWN A/C 6220--,SELF,5103540545,,-1250000.0,1,0,4,27,3,139,534153.6267625899,102298.73,831171.1727670145,3072000.0,0.8612502414566644,12.219115525676614,6,120,14,1,0,1250000.0,1,0.0849846912974,100.0,HIGH,1,Appears to be a transfer between own accounts; Running balance does not match expected transaction change; Elevated transaction activity for this account on the same day,OWN_ACCOUNT_TRANSFER
btx_e860dd31f3d8,bac_4934eb4d,2026-01-26,2026-01-26,2874000.0,0.0,2874000.0,-4375176.18,TO TRANSFER-INB OWN A/C 6220--,SELF,5720051284,,-2874000.0,1,0,0,26,1,139,534153.6267625899,102298.73,831171.1727670145,3072000.0,2.815119736946522,28.094190416635676,2,120,14,1,0,0.0,0,0.0694649598343895,99.9251497005988,HIGH,1,Appears to be a transfer between own accounts; Amount is unusually high for this account,OWN_ACCOUNT_TRANSFER
btx_cc09ad1ef31a,bac_eb0ff218,2026-06-29,2026-06-29,0.0,2196000.0,2196000.0,3399771.96,FT - CR - 50200004328504 - OWN A/C TRF,SELF,9588832317,,2196000.0,0,1,0,29,6,631,116974.839207607,38044.38,203932.55657779044,2196000.0,10.194670216863312,57.72206039367708,6,120,1,1,0,0.0,0,0.0634813196047854,99.8502994011976,HIGH,1,Appears to be a transfer between own accounts; Amount is extremely unusual for this account; Elevated transaction activity for this account on the same day; Transaction narration pattern is rarely seen,OWN_ACCOUNT_TRANSFER
btx_31890541a580,bac_afe3ea72,2026-01-26,2026-01-26,0.0,2874000.0,2874000.0,3331473.7,TRF/OWN/8504,SELF,5720051284,,2874000.0,0,1,0,26,1,137,532932.7678832117,374904.68,619248.6439248768,3072000.0,3.780496340337228,7.665948581916876,2,120,5,1,0,0.0,0,0.0624931639771365,99.7754491017964,HIGH,1,Appears to be a transfer between own accounts; Amount is extremely unusual for this account,OWN_ACCOUNT_TRANSFER
btx_176c578fa8be,bac_4934eb4d,2026-06-29,2026-06-29,2196000.0,0.0,2196000.0,-4384751.98,TO TRANSFER-INB OWN A/C 5347--,SELF,9588832317,,-2196000.0,1,0,0,29,6,139,534153.6267625899,102298.73,831171.1727670145,3072000.0,1.999403285011717,21.46654215550868,2,120,37,1,0,-4.656612873077393e-10,0,0.0587408375524333,99.7005988023952,HIGH,1,Appears to be a transfer between own accounts,OWN_ACCOUNT_TRANSFER
btx_9ceffeaaed9a,bac_4934eb4d,2026-06-22,2026-06-22,0.0,1000000.0,1000000.0,-3276595.16,BY TRANSFER-INB OWN A/C 2004--,SELF,2120224145,,1000000.0,0,1,0,22,6,139,534153.6267625899,102298.73,831171.1727670145,3072000.0,0.5604698388258365,9.775292420541293,3,120,8,1,0,-1000000.0,1,0.0581471664041428,99.625748502994,HIGH,1,Appears to be a transfer between own accounts; Running balance does not match expected transaction change,OWN_ACCOUNT_TRANSFER
btx_27d4b463a2db,bac_afe3ea72,2026-08-27,2026-08-27,0.0,3072000.0,3072000.0,3365507.92,RTGS/SBINR26082789525705/A/C 8504,,SBINR26082789525705,,3072000.0,0,1,3,27,8,137,532932.7678832117,374904.68,619248.6439248768,3072000.0,4.100238663461346,8.194082826600084,2,404,1,1,0,0.0,0,0.0577594592015466,99.55089820359282,HIGH,1,Amount is extremely unusual for this account; Transaction narration pattern is rarely seen,HIGH_ANOMALY
btx_6a005faf42c4,bac_4934eb4d,2026-08-27,2026-08-27,0.0,2900000.0,2900000.0,-1234003.38,BY LOAN DISBURSEMENT WC3307427115,,WC3307427115,,2900000.0,0,1,3,27,8,139,534153.6267625899,102298.73,831171.1727670145,3072000.0,2.846400898820128,28.348348019569745,3,404,1,1,0,0.0,0,0.0570707095845672,99.47604790419162,HIGH,1,Amount is unusually high for this account; Transaction narration pattern is rarely seen,HIGH_ANOMALY
btx_71ace658eccc,bac_4934eb4d,2025-11-24,2025-11-24,2588000.0,0.0,2588000.0,-4308881.58,TO TRANSFER-INB OWN A/C 6220--,SELF,3628326222,,-2588000.0,1,0,0,24,11,139,534153.6267625899,102298.73,831171.1727670145,3072000.0,2.471026956336855,25.298456784360862,3,120,14,1,0,0.0,0,0.0568765003854576,99.4011976047904,HIGH,1,Appears to be a transfer between own accounts; Amount is unusually high for this account,OWN_ACCOUNT_TRANSFER
btx_df6793245915,bac_afe3ea72,2026-04-26,2026-04-26,0.0,2549000.0,2549000.0,3398484.51,RTGS/SBINR26042663950639/A/C 8504,,SBINR26042663950639,,2549000.0,0,1,6,26,4,137,532932.7678832117,374904.68,619248.6439248768,3072000.0,3.25566676955269,6.799061564128781,2,404,1,1,0,0.0,0,0.0537983447145935,99.32634730538922,HIGH,1,Amount is extremely unusual for this account; Transaction narration pattern is rarely seen,HIGH_ANOMALY
btx_3b7270041b11,bac_4934eb4d,2026-08-27,2026-08-27,3072000.0,0.0,3072000.0,-4306003.38,TO TRANSFER-RTGS UTR NO: SBINR26082789525705--A/C 6220,,SBINR26082789525705,,-3072000.0,1,0,3,27,8,139,534153.6267625899,102298.73,831171.1727670145,3072000.0,3.0533378158301376,30.02969831590285,3,404,1,1,0,0.0,0,0.0518859289198392,99.251497005988,HIGH,1,Amount is extremely unusual for this account; Transaction narration pattern is rarely seen,HIGH_ANOMALY
btx_30805b44e842,bac_afe3ea72,2025-11-24,2025-11-24,0.0,2588000.0,2588000.0,3286087.0,TRF/OWN/8504,SELF,3628326222,,2588000.0,0,1,0,24,11,137,532932.7678832117,374904.68,619248.6439248768,3072000.0,3.3186463180468357,6.903088006263352,2,120,5,1,0,0.0,0,0.0512890802714093,99.17664670658682,HIGH,1,Appears to be a transfer between own accounts; Amount is extremely unusual for this account,OWN_ACCOUNT_TRANSFER
btx_37e4f9798322,bac_afe3ea72,2026-06-26,2026-06-26,0.0,2679000.0,2679000.0,3380236.51,TRF/OWN/8504,SELF,2226544810,,2679000.0,0,1,4,26,6,137,532932.7678832117,374904.68,619248.6439248768,3072000.0,3.4655985978665056,7.145816371244019,2,120,5,1,0,0.0,0,0.0501818754959699,99.10179640718565,HIGH,1,Appears to be a transfer between own accounts; Amount is extremely unusual for this account,OWN_ACCOUNT_TRANSFER
btx_41e62fe9ff08,bac_4934eb4d,2026-06-26,2026-06-26,2679000.0,0.0,2679000.0,-4388751.98,TO TRANSFER-INB OWN A/C 6220--,SELF,2226544810,,-2679000.0,1,0,4,26,6,139,534153.6267625899,102298.73,831171.1727670145,3072000.0,2.5805110228944765,26.18800839463012,2,120,14,1,0,-4.656612873077393e-10,0,0.0491001525983638,99.02694610778444,HIGH,1,Appears to be a transfer between own accounts; Amount is unusually high for this account,OWN_ACCOUNT_TRANSFER
btx_92b9fc1db529,bac_4934eb4d,2025-11-24,2025-11-24,0.0,2600000.0,2600000.0,-1720881.58,BY LOAN DISBURSEMENT WC3512134320,,WC3512134320,,2600000.0,0,1,0,24,11,139,534153.6267625899,102298.73,831171.1727670145,3072000.0,2.485464415663135,25.41576029340736,3,404,1,1,0,0.0,0,0.0473935450345563,98.95209580838323,HIGH,1,Amount is unusually high for this account; Transaction narration pattern is rarely seen,HIGH_ANOMALY
btx_664367265dfa,bac_4934eb4d,2026-02-23,2026-02-23,2670000.0,0.0,2670000.0,-4366642.65,TO TRANSFER-RTGS UTR NO: SBINR26022340174531--A/C 6220,,SBINR26022340174531,,-2670000.0,1,0,0,23,2,139,534153.6267625899,102298.73,831171.1727670145,3072000.0,2.569682928399766,26.100030762845247,2,404,1,1,0,-4.656612873077393e-10,0,0.0471707732027196,98.87724550898204,HIGH,1,Amount is unusually high for this account; Transaction narration pattern is rarely seen,HIGH_ANOMALY
btx_152c1140fff0,bac_afe3ea72,2026-02-23,2026-02-23,0.0,2670000.0,2670000.0,3325218.62,RTGS/SBINR26022340174531/A/C 8504,,SBINR26022340174531,,2670000.0,0,1,0,23,2,137,532932.7678832117,374904.68,619248.6439248768,3072000.0,3.4510648559063184,7.121810269212964,2,404,1,1,0,0.0,0,0.046904971571041,98.80239520958084,HIGH,1,Amount is extremely unusual for this account; Transaction narration pattern is rarely seen,HIGH_ANOMALY
btx_75a87d47c1c4,bac_afe3ea72,2025-12-27,2025-12-27,0.0,2304000.0,2304000.0,3319542.0,RTGS/SBINR25122729500268/A/C 8504,,SBINR25122729500268,,2304000.0,0,1,5,27,12,137,532932.7678832117,374904.68,619248.6439248768,3072000.0,2.8600260161920392,6.145562119950063,2,404,1,1,0,0.0,0,0.0464976818743858,98.72754491017965,HIGH,1,Amount is unusually high for this account; Transaction narration pattern is rarely seen,HIGH_ANOMALY
btx_af6deadde9f4,bac_4934eb4d,2026-02-23,2026-02-23,0.0,2700000.0,2700000.0,-1696642.65,BY LOAN DISBURSEMENT WC5104033630,,WC5104033630,,2700000.0,0,1,0,23,2,139,534153.6267625899,102298.73,831171.1727670145,3072000.0,2.605776576715466,26.393289535461488,2,404,1,1,0,4.656612873077393e-10,0,0.0461475117785338,98.65269461077844,HIGH,1,Amount is unusually high for this account; Transaction narration pattern is rarely seen,HIGH_ANOMALY
btx_95933f596a91,bac_5bed52aa,2026-01-13,2026-01-13,0.0,568294.41,568294.41,6912137.01,BY TRANSFER/RTGS/SBINR22122242054/Sunrise Hotels,SUNRISE HOTELS,SBINR22122242054,,568294.41,0,1,1,13,1,126,193510.78952380957,69980.845,248130.59903300003,1297326.04,1.5104288706704256,8.12071374674027,2,32,2,1,0,-568294.41,1,0.0454200486462218,98.57784431137723,HIGH,1,Running balance does not match expected transaction change,HIGH_ANOMALY
btx_68cae6f26009,bac_4934eb4d,2026-04-26,2026-04-26,0.0,2500000.0,2500000.0,-1787902.56,BY LOAN DISBURSEMENT WC3855207180,,WC3855207180,,2500000.0,0,1,6,26,4,139,534153.6267625899,102298.73,831171.1727670145,3072000.0,2.365152254610804,24.438231051353227,3,404,1,1,0,-4.656612873077393e-10,0,0.0450082332598879,98.50299401197606,HIGH,1,Amount is unusually high for this account; Transaction narration pattern is rarely seen,HIGH_ANOMALY
btx_394c0c55257b,bac_5bed52aa,2025-12-01,2025-12-01,0.0,502382.55,502382.55,2729230.56,CLG/SUNRISE HOTELS/556146,SUNRISE HOTELS,,556146.0,502382.55,0,1,0,1,12,126,193510.78952380957,69980.845,248130.59903300003,1297326.04,1.244795126759486,7.178858014646722,1,32,1,0,1,2.9103830456733704e-10,0,0.0448509814280755,98.42814371257484,HIGH,1,Transaction narration pattern is rarely seen; Bank reference is missing,HIGH_ANOMALY
btx_56aaaeb3f899,bac_4934eb4d,2026-04-26,2026-04-26,2549000.0,0.0,2549000.0,-4336902.56,TO TRANSFER-RTGS UTR NO: SBINR26042663950639--A/C 6220,,SBINR26042663950639,,-2549000.0,1,0,6,26,4,139,534153.6267625899,102298.73,831171.1727670145,3072000.0,2.424105213526446,24.91722037995975,3,404,1,1,0,4.656612873077393e-10,0,0.0421127267059292,98.35329341317365,HIGH,1,Amount is unusually high for this account; Transaction narration pattern is rarely seen,HIGH_ANOMALY
btx_390a1389323f,bac_5bed52aa,2026-01-10,2026-01-10,0.0,455408.36,455408.36,6384422.8,CLG/Sunrise Hotels Ltd/104050,,,104050.0,455408.36,0,1,5,10,1,126,193510.78952380957,69980.845,248130.59903300003,1297326.04,1.055482763902728,6.507614476504249,1,404,1,0,1,-5.820766091346741e-10,0,0.0413779480659614,98.27844311377244,HIGH,1,Transaction narration pattern is rarely seen; Bank reference is missing,HIGH_ANOMALY
btx_3907b63f5ddb,bac_4934eb4d,2026-01-26,2026-01-26,0.0,2600000.0,2600000.0,-1501176.18,BY LOAN DISBURSEMENT WC6064354140,,WC6064354140,,2600000.0,0,1,0,26,1,139,534153.6267625899,102298.73,831171.1727670145,3072000.0,2.485464415663135,25.41576029340736,2,404,1,1,0,0.0,0,0.0410635073957981,98.20359281437123,HIGH,1,Amount is unusually high for this account; Transaction narration pattern is rarely seen,HIGH_ANOMALY
btx_d76f3f4282e7,bac_4934eb4d,2026-09-14,2026-09-14,0.0,2100000.0,2100000.0,-2205354.12,BY TRANSFER-INB OWN A/C 2004--,SELF,7755795375,,2100000.0,0,1,0,14,9,139,534153.6267625899,102298.73,831171.1727670145,3072000.0,1.883903610401479,20.528114083136717,1,120,8,1,0,0.0,0,0.0410026079392021,98.12874251497006,HIGH,1,Appears to be a transfer between own accounts,OWN_ACCOUNT_TRANSFER
btx_c79effdf7171,bac_4934eb4d,2025-12-27,2025-12-27,0.0,2300000.0,2300000.0,-2089361.71,BY LOAN DISBURSEMENT WC3372756650,,WC3372756650,,2300000.0,0,1,5,27,12,139,534153.6267625899,102298.73,831171.1727670145,3072000.0,2.124527932506141,22.48317256724497,2,404,1,1,0,0.0,0,0.0375652475350127,98.05389221556888,HIGH,1,Amount is unusually high for this account; Transaction narration pattern is rarely seen,HIGH_ANOMALY
btx_c626e1c04d6c,bac_4934eb4d,2026-07-07,2026-07-07,171000.0,0.0,171000.0,-4337360.09,TO TRANSFER-INB OWN A/C 5347--,SELF,6456712302,,-171000.0,1,0,1,7,7,139,534153.6267625899,102298.73,831171.1727670145,3072000.0,-0.4369179762979887,1.6715750039125608,3,120,37,1,0,171000.0,1,0.0370787087669426,97.97904191616766,HIGH,1,Appears to be a transfer between own accounts; Running balance does not match expected transaction change,OWN_ACCOUNT_TRANSFER
btx_15822d71d300,bac_4934eb4d,2026-03-27,2026-03-27,0.0,500000.0,500000.0,-3127609.47,BY LOAN DISBURSEMENT WC2871332521,,WC2871332521,,500000.0,0,1,4,27,3,139,534153.6267625899,102298.73,831171.1727670145,3072000.0,-0.0410909664358192,4.8876462102706455,6,404,2,1,0,-500000.0,1,0.0369693430053624,97.90419161676648,HIGH,1,Running balance does not match expected transaction change; Elevated transaction activity for this account on the same day,HIGH_ANOMALY
btx_3ee9480abaeb,bac_eb0ff218,2026-07-13,2026-07-13,0.0,1122000.0,1122000.0,2623658.69,RTGS CR-SBIN0022561-A/C XXXXXXX2004-SBINR26071336324692,,SBINR26071336324692,,1122000.0,0,1,0,13,7,631,116974.839207607,38044.38,203932.55657779044,2196000.0,4.928223220744179,29.49187238693337,8,404,1,1,0,0.0,0,0.0366681458058589,97.82934131736528,HIGH,1,Amount is extremely unusual for this account; High transaction activity for this account on the same day; Transaction narration pattern is rarely seen,HIGH_ANOMALY
btx_6bb7110f30a5,bac_eb0ff218,2026-05-26,2026-05-26,0.0,500000.0,500000.0,1588190.82,RTGS CR-SBIN0022561-A/C XXXXXXX2004-SBINR26052650473220,,SBINR26052650473220,,500000.0,0,1,1,26,5,631,116974.839207607,38044.38,203932.55657779044,2196000.0,1.8781952583735075,13.142545626975654,4,404,2,1,0,-500000.0,1,0.0360851437928753,97.75449101796409,HIGH,1,Running balance does not match expected transaction change,HIGH_ANOMALY
btx_5a67ac34a986,bac_5bed52aa,2025-11-30,2025-11-30,0.0,474502.78,474502.78,2227143.01,CLG/SUNRISE HOTELS LTD/431151,SUNRISE HOTELS,,431151.0,474502.78,0,1,6,30,11,126,193510.78952380957,69980.845,248130.59903300003,1297326.04,1.132435868737092,6.780466569101874,2,32,1,0,1,-2.3283064365386963e-10,0,0.0350306618164348,97.67964071856288,HIGH,1,Transaction narration pattern is rarely seen; Bank reference is missing,HIGH_ANOMALY
btx_6e23359b70e7,bac_5bed52aa,2026-02-19,2026-02-19,0.0,502825.18,502825.18,9632017.16,BY TRANSFER/NEFT/SBINN95974149005/SUNRISE HOTELS,SUNRISE HOTELS,SBINN95974149005,,502825.18,0,1,3,19,2,126,193510.78952380957,69980.845,248130.59903300003,1297326.04,1.2465789857503764,7.185183031156597,2,32,2,1,0,-502825.18,1,0.0338704852972188,97.60479041916167,HIGH,1,Running balance does not match expected transaction change,HIGH_ANOMALY
btx_8365348a85b2,bac_eb0ff218,2026-06-23,2026-06-23,0.0,500000.0,500000.0,1352016.52,RTGS CR-SBIN0022561-A/C XXXXXXX2004-SBINR26062354746661,,SBINR26062354746661,,500000.0,0,1,1,23,6,631,116974.839207607,38044.38,203932.55657779044,2196000.0,1.8781952583735075,13.142545626975654,3,404,2,1,0,-500000.0,1,0.0337481489174112,97.52994011976048,HIGH,1,Running balance does not match expected transaction change,HIGH_ANOMALY
btx_35a15c855438,bac_4934eb4d,2025-12-27,2025-12-27,2304000.0,0.0,2304000.0,-4393361.71,TO TRANSFER-RTGS UTR NO: SBINR25122729500268--A/C 6220,,SBINR25122729500268,,-2304000.0,1,0,5,27,12,139,534153.6267625899,102298.73,831171.1727670145,3072000.0,2.129340418948235,22.522273736927136,2,404,1,1,0,0.0,0,0.0328116273765083,97.45508982035928,HIGH,1,Amount is unusually high for this account; Transaction narration pattern is rarely seen,HIGH_ANOMALY
btx_3dd4ff850bc6,bac_afe3ea72,2026-03-27,2026-03-27,0.0,1850000.0,1850000.0,2120899.47,TRF/OWN/2004,SELF,2325080424,,1850000.0,0,1,4,27,3,137,532932.7678832117,374904.68,619248.6439248768,3072000.0,2.1268794773114856,4.934587639716848,2,120,8,1,0,2.3283064365386963e-10,0,0.0322504118473734,97.38023952095809,HIGH,1,Appears to be a transfer between own accounts; Amount is unusually high for this account,OWN_ACCOUNT_TRANSFER
btx_9c8502e9f8ed,bac_c4599022,2026-07-27,2026-07-27,2004000.0,0.0,2004000.0,660080.34,TO TRANSFER-INB OWN A/C 6220--,SELF,2441235856,,-2004000.0,1,0,0,27,7,303,274105.44752475247,159866.04,329248.9266066456,2100000.0,5.254062846321611,12.535495343476326,5,120,14,1,0,0.0,0,0.0307630769656084,97.30538922155688,HIGH,1,Appears to be a transfer between own accounts; Amount is extremely unusual for this account; Elevated transaction activity for this account on the same day,OWN_ACCOUNT_TRANSFER
btx_6475a366548f,bac_afe3ea72,2026-07-27,2026-07-27,0.0,2004000.0,2004000.0,2285934.44,TRF/OWN/2004,SELF,2441235856,,2004000.0,0,1,0,27,7,137,532932.7678832117,374904.68,619248.6439248768,3072000.0,2.3755679508524663,5.345358718914898,2,120,8,1,0,0.0,0,0.03013510924409,97.23053892215567,HIGH,1,Appears to be a transfer between own accounts; Amount is unusually high for this account,OWN_ACCOUNT_TRANSFER
btx_865f4ce98923,bac_afe3ea72,2025-09-26,2025-09-26,0.0,2000000.0,2000000.0,3319000.0,RTGS/SBINR25092604221718/A/C 2004,,SBINR25092604221718,,2000000.0,0,1,4,26,9,137,532932.7678832117,374904.68,619248.6439248768,3072000.0,2.369108509981272,5.33468934023443,1,404,1,1,0,0.0,0,0.0299256665831623,97.15568862275448,HIGH,1,Amount is unusually high for this account; Transaction narration pattern is rarely seen,HIGH_ANOMALY
btx_6b23479ae3f8,bac_c4599022,2026-09-14,2026-09-14,2100000.0,0.0,2100000.0,1363506.04,TO TRANSFER-INB OWN A/C 8504--,SELF,7755795375,,-2100000.0,1,0,0,14,9,303,274105.44752475247,159866.04,329248.9266066456,2100000.0,5.545635550868926,13.135998114421298,2,120,5,1,0,0.0,0,0.0287478982662713,97.08083832335328,HIGH,1,Appears to be a transfer between own accounts; Amount is extremely unusual for this account,OWN_ACCOUNT_TRANSFER
btx_baedc58e251d,bac_c4599022,2026-08-21,2026-08-21,982000.0,0.0,982000.0,660735.04,TO TRANSFER-RTGS UTR NO: SBINR26082152315066--A/C 5347,,SBINR26082152315066,,-982000.0,1,0,4,21,8,303,274105.44752475247,159866.04,329248.9266066456,2100000.0,2.150028429161656,6.142642927791293,2,404,2,1,0,982000.0,1,0.0263550093480984,97.0059880239521,HIGH,1,Amount is unusually high for this account; Running balance does not match expected transaction change,HIGH_ANOMALY
btx_2ae36d1a2fd9,bac_4934eb4d,2026-06-29,2026-06-29,0.0,2200000.0,2200000.0,-2188751.98,BY LOAN DISBURSEMENT WC6571545645,,WC6571545645,,2200000.0,0,1,0,29,6,139,534153.6267625899,102298.73,831171.1727670145,3072000.0,2.00421577145381,21.50564332519084,2,404,1,1,0,4.656612873077393e-10,0,0.0235467554336054,96.9311377245509,HIGH,1,Amount is unusually high for this account; Transaction narration pattern is rarely seen,HIGH_ANOMALY
btx_6ea480df9c8a,bac_afe3ea72,2025-10-27,2025-10-27,0.0,1426000.0,1426000.0,1728632.0,TRF/OWN/2004,SELF,4241175172,,1426000.0,0,1,0,27,10,137,532932.7678832117,374904.68,619248.6439248768,3072000.0,1.442178744964889,3.8036334995871486,2,120,8,1,0,0.0,0,0.0224599841603468,96.8562874251497,HIGH,1,Appears to be a transfer between own accounts,OWN_ACCOUNT_TRANSFER
btx_e438b9f7c6f5,bac_5bed52aa,2025-11-17,2025-11-17,0.0,153248.96,153248.96,741477.9,CLG/APEX CHEMICALS/505813,,,505813.0,153248.96,0,1,0,17,11,126,193510.78952380957,69980.845,248130.59903300003,1297326.04,-0.1622606388761224,2.189870099453643,1,404,1,0,1,8.731149137020111e-11,0,0.0209996736728252,96.78143712574852,HIGH,1,Transaction narration pattern is rarely seen; Bank reference is missing,HIGH_ANOMALY
btx_64026fb7f300,bac_eb0ff218,2025-11-09,2025-11-09,0.0,1011000.0,1011000.0,1982742.88,RTGS CR-SBIN0835405-A/C XXXXXXX8504-SBINR25110930286791,,SBINR25110930286791,,1011000.0,0,1,6,9,11,631,116974.839207607,38044.38,203932.55657779044,2196000.0,4.383925626173207,26.574227257744774,3,404,1,1,0,-1.1641532182693479e-10,0,0.0197952173159229,96.7065868263473,HIGH,1,Amount is extremely unusual for this account; Transaction narration pattern is rarely seen,HIGH_ANOMALY
btx_6ae3b837f614,bac_afe3ea72,2026-05-25,2026-05-25,0.0,2080000.0,2080000.0,3395180.51,RTGS/SBINR26052509817440/A/C 8504,,SBINR26052509817440,,2080000.0,0,1,0,25,5,137,532932.7678832117,374904.68,619248.6439248768,3072000.0,2.498297327405158,5.548076913843807,2,404,1,1,0,-2.3283064365386963e-10,0,0.0195957746576757,96.63173652694611,HIGH,1,Amount is unusually high for this account; Transaction narration pattern is rarely seen,HIGH_ANOMALY
btx_66459492a5be,bac_4934eb4d,2026-01-19,2026-01-19,0.0,200000.0,200000.0,-4101176.18,BY TRANSFER-INB OWN A/C 2004--,SELF,3080817532,,200000.0,0,1,0,19,1,139,534153.6267625899,102298.73,831171.1727670145,3072000.0,-0.4020274495928126,1.9550584841082583,2,120,8,1,0,-200000.0,1,0.0172018044040286,96.55688622754492,HIGH,1,Appears to be a transfer between own accounts; Running balance does not match expected transaction change,OWN_ACCOUNT_TRANSFER
btx_2cd92f9ad922,bac_c4599022,2026-03-27,2026-03-27,1850000.0,0.0,1850000.0,660116.1,TO TRANSFER-INB OWN A/C 6220--,SELF,2325080424,,-1850000.0,1,0,4,27,3,303,274105.44752475247,159866.04,329248.9266066456,2100000.0,4.78633163277696,11.572188815085427,2,120,14,1,0,0.0,0,0.015988794052454,96.48203592814372,HIGH,1,Appears to be a transfer between own accounts; Amount is extremely unusual for this account,OWN_ACCOUNT_TRANSFER
btx_248a81d76263,bac_4934eb4d,2026-05-25,2026-05-25,2080000.0,0.0,2080000.0,-4391878.48,TO TRANSFER-RTGS UTR NO: SBINR26052509817440--A/C 6220,,SBINR26052509817440,,-2080000.0,1,0,0,25,5,139,534153.6267625899,102298.73,831171.1727670145,3072000.0,1.859841178191013,20.332608234725885,2,404,1,1,0,-4.656612873077393e-10,0,0.0150312752300683,96.40718562874252,HIGH,1,Transaction narration pattern is rarely seen,HIGH_ANOMALY
btx_0f163d8ab683,bac_eb0ff218,2026-04-19,2026-04-19,0.0,1000000.0,1000000.0,1692903.54,RTGS CR-SBIN0022561-A/C XXXXXXX2004-SBINR26041910435011,,SBINR26041910435011,,1000000.0,0,1,6,19,4,631,116974.839207607,38044.38,203932.55657779044,2196000.0,4.329986224909417,26.285091253951308,1,404,1,1,0,0.0,0,0.0147923453760501,96.3323353293413,HIGH,1,Amount is extremely unusual for this account; Transaction narration pattern is rarely seen,HIGH_ANOMALY
btx_2ef3adbecec8,bac_afe3ea72,2025-10-27,2025-10-27,0.0,1574000.0,1574000.0,3302632.0,RTGS/SBINR25102724772332/A/C 8504,,SBINR25102724772332,,1574000.0,0,1,0,27,10,137,532932.7678832117,374904.68,619248.6439248768,3072000.0,1.6811780571990784,4.198400510764496,2,404,1,1,0,0.0,0,0.0145921431979142,96.25748502994011,HIGH,1,Transaction narration pattern is rarely seen,HIGH_ANOMALY
btx_ef01ea0bfba1,bac_5bed52aa,2026-05-31,2026-05-31,0.0,1001720.05,1001720.05,16041813.59,BY TRANSFER/NEFT/SBINN34860564562/Sunrise Hotels,,SBINN34860564562,,1001720.05,0,1,6,31,5,126,193510.78952380957,69980.845,248130.59903300003,1297326.04,3.2571930411883745,14.314203408089742,3,404,1,1,0,6.984919309616089e-10,0,0.013698849974737,96.18263473053892,HIGH,1,Amount is extremely unusual for this account; Transaction narration pattern is rarely seen,HIGH_ANOMALY
btx_196f03a6d4be,bac_c4599022,2025-09-26,2025-09-26,2000000.0,0.0,2000000.0,2947000.0,TO TRANSFER-RTGS UTR NO: SBINR25092604221718--A/C 6220,,SBINR25092604221718,,-2000000.0,1,0,4,26,9,303,274105.44752475247,159866.04,329248.9266066456,2100000.0,5.24191398363214,12.510474394686952,1,404,1,1,0,0.0,0,0.0123072141977349,96.10778443113772,HIGH,1,Amount is extremely unusual for this account; Transaction narration pattern is rarely seen,HIGH_ANOMALY
btx_a047a2790235,bac_4934eb4d,2025-11-03,2025-11-03,600000.0,0.0,600000.0,-4089738.68,TO TRANSFER-INB OWN A/C 5347--,SELF,7814552013,,-600000.0,1,0,0,3,11,139,534153.6267625899,102298.73,831171.1727670145,3072000.0,0.0792211946165119,5.865175452324775,1,120,37,1,0,0.0,0,0.0119189334360816,96.03293413173652,HIGH,1,Appears to be a transfer between own accounts,OWN_ACCOUNT_TRANSFER
btx_0d52ea29ae4a,bac_c4599022,2026-03-26,2026-03-26,0.0,66018.64,66018.64,2235142.16,BY CLEARING-662395-Shree Ganesh Gran,SHREE GANESH GRANITE,,662395.0,66018.64,0,1,3,26,3,303,274105.44752475247,159866.04,329248.9266066456,2100000.0,-0.632004513027173,0.4129622526460278,4,14,2,0,1,-66018.64,1,0.0117089415518865,95.95808383233532,HIGH,1,Running balance does not match expected transaction change; Bank reference is missing,HIGH_ANOMALY
btx_ffa5f056aa88,bac_4934eb4d,2026-05-25,2026-05-25,0.0,2000000.0,2000000.0,-2311878.48,BY LOAN DISBURSEMENT WC2449481073,,WC2449481073,,2000000.0,0,1,0,25,5,139,534153.6267625899,102298.73,831171.1727670145,3072000.0,1.763591449349148,19.550584841082586,2,404,1,1,0,4.656612873077393e-10,0,0.0111292961341668,95.88323353293411,HIGH,1,Transaction narration pattern is rarely seen,HIGH_ANOMALY
btx_07fd889df073,bac_afe3ea72,2026-06-30,2026-06-30,289757.64,0.0,289757.64,2879851.35,TRF/SALARY/CC-PRC-36 JUN26,PROCUREMENT,2828016254,,-289757.64,1,0,1,30,6,137,532932.7678832117,374904.68,619248.6439248768,3072000.0,-0.39269383997668,0.7728834966797428,11,12,2,1,0,289757.64,1,0.0110893860078938,95.80838323353294,HIGH,1,Running balance does not match expected transaction change; High transaction activity for this account on the same day,HIGH_ANOMALY
btx_181439d3d5c7,bac_afe3ea72,2025-09-30,2025-09-30,274112.96,0.0,274112.96,1163447.12,TRF/SALARY/CC-CSV-36 SEP25,,5523442285,,-274112.96,1,0,1,30,9,137,532932.7678832117,374904.68,619248.6439248768,3072000.0,-0.4179578113288691,0.7311537428660534,9,404,2,1,0,274112.96,1,0.0106068842397093,95.73353293413174,HIGH,1,Running balance does not match expected transaction change; High transaction activity for this account on the same day,HIGH_ANOMALY
btx_8a3ae1d6810b,bac_5bed52aa,2026-05-31,2026-05-31,295.0,0.0,295.0,16041518.59,CHGS/AMC/MAY26,,,,-295.0,1,0,6,31,5,126,193510.78952380957,69980.845,248130.59903300003,1297326.04,-0.7786858625127201,0.0042154392391232,3,404,2,0,0,295.0,1,0.0101491358050322,95.65868263473054,HIGH,1,Running balance does not match expected transaction change; Bank reference is missing,HIGH_ANOMALY
btx_dc73ec6dcd3e,bac_5bed52aa,2026-08-17,2026-08-17,0.0,301354.6,301354.6,19931587.31,CLG/Sunrise Hotels/007230,SUNRISE HOTELS,,7230.0,301354.6,0,1,0,17,8,126,193510.78952380957,69980.845,248130.59903300003,1297326.04,0.4346251969586701,4.306244087221296,1,32,1,0,1,-2.211891114711761e-09,0,0.0100698357439792,95.58383233532936,HIGH,1,Transaction narration pattern is rarely seen; Bank reference is missing,HIGH_ANOMALY
btx_9ef3b5f027c4,bac_5bed52aa,2025-11-23,2025-11-23,0.0,211440.61,211440.61,952918.51,CLG/SUPREMEEDUCATIONALSOCIETY/656144,SUPREME EDUCATIONAL ,,656144.0,211440.61,0,1,6,23,11,126,193510.78952380957,69980.845,248130.59903300003,1297326.04,0.0722596106488498,3.0214069292818624,2,16,1,0,1,0.0,0,0.0092978061246726,95.50898203592814,HIGH,1,Transaction narration pattern is rarely seen; Bank reference is missing,HIGH_ANOMALY
btx_0cb6101018b4,bac_5bed52aa,2026-03-23,2026-03-23,0.0,255445.0,255445.0,12469039.63,CLG/Apex Chemicals/635138,APEX CHEMICALS,,635138.0,255445.0,0,1,0,23,3,126,193510.78952380957,69980.845,248130.59903300003,1297326.04,0.2496032763293073,3.650213140467224,1,8,1,0,1,0.0,0,0.0087264107369712,95.43413173652696,HIGH,1,Transaction narration pattern is rarely seen; Bank reference is missing,HIGH_ANOMALY
btx_7d94c340c2ab,bac_5bed52aa,2025-12-12,2025-12-12,0.0,1297326.04,1297326.04,4966292.74,BY TRANSFER/RTGS/SBINR04647321322/SUNRISE HOTELS,SUNRISE HOTELS,SBINR04647321322,,1297326.04,0,1,4,12,12,126,193510.78952380957,69980.845,248130.59903300003,1297326.04,4.448525311984553,18.538302016787597,2,32,1,1,0,0.0,0,0.0057129083365308,95.35928143712576,HIGH,1,Amount is extremely unusual for this account; Transaction narration pattern is rarely seen,HIGH_ANOMALY
btx_39e218fb59f9,bac_4934eb4d,2026-03-27,2026-03-27,1250000.0,0.0,1250000.0,-4377609.47,TO TRANSFER-INB OWN A/C 6220--,SELF,5103540545,,-1250000.0,1,0,4,27,3,139,534153.6267625899,102298.73,831171.1727670145,3072000.0,0.8612502414566644,12.219115525676614,6,120,14,1,0,4.656612873077393e-10,0,0.0052550485419999,95.28443113772454,HIGH,1,Appears to be a transfer between own accounts; Elevated transaction activity for this account on the same day,OWN_ACCOUNT_TRANSFER
btx_64cb080d7609,bac_eb0ff218,2026-08-15,2026-08-15,0.0,1000000.0,1000000.0,1709984.71,RTGS CR-SBIN0022561-A/C XXXXXXX2004-SBINR26081572663583,,SBINR26081572663583,,1000000.0,0,1,5,15,8,631,116974.839207607,38044.38,203932.55657779044,2196000.0,4.329986224909417,26.285091253951308,1,404,1,1,0,0.0,0,0.0044013647094772,95.20958083832336,HIGH,1,Amount is extremely unusual for this account; Transaction narration pattern is rarely seen,HIGH_ANOMALY
btx_fc3c1c9eded2,bac_afe3ea72,2026-03-27,2026-03-27,0.0,1250000.0,1250000.0,3370899.47,TRF/OWN/8504,SELF,5103540545,,1250000.0,0,1,4,27,3,137,532932.7678832117,374904.68,619248.6439248768,3072000.0,1.1579633466323394,3.3341808376465187,2,120,5,1,0,0.0,0,0.0015586454726006,95.13473053892216,HIGH,1,Appears to be a transfer between own accounts,OWN_ACCOUNT_TRANSFER
btx_abdc77a56ad7,bac_c4599022,2025-10-27,2025-10-27,1426000.0,0.0,1426000.0,660212.74,TO TRANSFER-INB OWN A/C 6220--,SELF,4241175172,,-1426000.0,1,0,0,27,10,303,274105.44752475247,159866.04,329248.9266066456,2100000.0,3.498552187692987,8.919968243411796,1,120,14,1,0,0.0,0,0.0010914448937003,95.05988023952096,HIGH,1,Appears to be a transfer between own accounts; Amount is extremely unusual for this account,OWN_ACCOUNT_TRANSFER
btx_a1a037506c23,bac_5bed52aa,2026-09-06,2026-09-06,0.0,132969.19,132969.19,21442609.66,CLG/Kohinoor Auto Par/082431,KOHINOOR AUTO PARTS,,82431.0,132969.19,0,1,6,6,9,126,193510.78952380957,69980.845,248130.59903300003,1297326.04,-0.2439908651321066,1.90007980040824,1,10,1,0,1,1.3387762010097504e-09,0,-0.0003638149645668,94.98502994011976,MEDIUM,0,Transaction narration pattern is rarely seen; Bank reference is missing,MEDIUM_ANOMALY
btx_ab384ff413a0,bac_4934eb4d,2025-10-27,2025-10-27,1574000.0,0.0,1574000.0,-3470159.42,TO TRANSFER-RTGS UTR NO: SBINR25102724772332--A/C 6220,,SBINR25102724772332,,-1574000.0,1,0,0,27,10,139,534153.6267625899,102298.73,831171.1727670145,3072000.0,1.2510616432662172,15.386310269931991,1,404,1,1,0,0.0,0,-0.000653224070827,94.91017964071855,MEDIUM,0,Transaction narration pattern is rarely seen,MEDIUM_ANOMALY
btx_9111df2d85a8,bac_eb0ff218,2026-03-15,2026-03-15,0.0,950000.0,950000.0,1711590.7,RTGS CR-SBIN0022561-A/C XXXXXXX2004-SBINR26031552995765,,SBINR26031552995765,,950000.0,0,1,6,15,3,631,116974.839207607,38044.38,203932.55657779044,2196000.0,4.084807128255826,24.970836691253744,3,404,1,1,0,0.0,0,-0.0008180938301223,94.83532934131736,MEDIUM,0,Amount is extremely unusual for this account; Transaction narration pattern is rarely seen,MEDIUM_ANOMALY
btx_1222e76e3c8a,bac_eb0ff218,2025-10-28,2025-10-28,252000.0,0.0,252000.0,905422.16,LOAN EMI-LN6335115518-ICICI BANK-EMI 14/60,ICICI BANK,LN6335115518,,-252000.0,1,0,1,28,10,631,116974.839207607,38044.38,203932.55657779044,2196000.0,0.6621069389716959,6.623842995995729,4,13,2,1,0,252000.0,1,-0.0016034052924727,94.76047904191616,MEDIUM,0,Running balance does not match expected transaction change,MEDIUM_ANOMALY
btx_2dc28bac16f5,bac_4934eb4d,2026-01-02,2026-01-02,301000.0,0.0,301000.0,-4333168.68,TO TRANSFER-INB OWN A/C 5347--,SELF,5732715896,,-301000.0,1,0,4,2,1,139,534153.6267625899,102298.73,831171.1727670145,3072000.0,-0.2805121669299582,2.942363018582929,3,120,37,1,0,4.656612873077393e-10,0,-0.0049026139023153,94.68562874251496,MEDIUM,0,Appears to be a transfer between own accounts,OWN_ACCOUNT_TRANSFER
btx_9aae9b039d28,bac_4934eb4d,2025-11-30,2025-11-30,276000.0,0.0,276000.0,-4386333.26,TO TRANSFER-INB OWN A/C 5347--,SELF,9404171036,,-276000.0,1,0,6,30,11,139,534153.6267625899,102298.73,831171.1727670145,3072000.0,-0.310590207193041,2.6979807080693963,4,120,37,1,0,0.0,0,-0.0057594111309092,94.61077844311376,MEDIUM,0,Appears to be a transfer between own accounts,OWN_ACCOUNT_TRANSFER
btx_794454aef1c0,bac_afe3ea72,2025-12-31,2025-12-31,17.7,0.0,17.7,281473.7,SMS CHRG DEC25,,,,-17.7,1,0,2,31,12,137,532932.7678832117,374904.68,619248.6439248768,3072000.0,-0.8605833425900268,4.721200066107471e-05,10,404,1,0,0,-1.1642242725429242e-11,0,-0.0062824654287925,94.53592814371258,MEDIUM,0,High transaction activity for this account on the same day; Transaction narration pattern is rarely seen; Bank reference is missing,MEDIUM_ANOMALY
btx_f87d60918ab0,bac_afe3ea72,2026-06-30,2026-06-30,17.7,0.0,17.7,281934.44,SMS CHRG JUN26,,,,-17.7,1,0,1,30,6,137,532932.7678832117,374904.68,619248.6439248768,3072000.0,-0.8605833425900268,4.721200066107471e-05,11,404,1,0,0,-1.1642242725429242e-11,0,-0.0064985300412363,94.46107784431138,MEDIUM,0,High transaction activity for this account on the same day; Transaction narration pattern is rarely seen; Bank reference is missing,MEDIUM_ANOMALY
btx_50dbbb100cbe,bac_c4599022,2025-12-12,2025-12-12,0.0,19708.03,19708.03,1816597.69,BY CLEARING-322101-prabhat plastics &,,,322101.0,19708.03,0,1,4,12,12,303,274105.44752475247,159866.04,329248.9266066456,2100000.0,-0.7726598235160889,0.1232784023423611,1,404,1,0,1,2.9103830456733704e-11,0,-0.0075642547973118,94.38622754491018,MEDIUM,0,Transaction narration pattern is rarely seen; Bank reference is missing,MEDIUM_ANOMALY
btx_3a8dcad6bf50,bac_5bed52aa,2025-12-06,2025-12-06,0.0,988155.6,988155.6,3717386.16,BY TRANSFER/NEFT/SBINN55415110324/SUNRISE HOTELS,SUNRISE HOTELS,SBINN55415110324,,988155.6,0,1,5,6,12,126,193510.78952380957,69980.845,248130.59903300003,1297326.04,3.202526466195759,14.120372510506268,1,32,1,1,0,1.1641532182693479e-10,0,-0.0077123216782425,94.311377245509,MEDIUM,0,Amount is extremely unusual for this account; Transaction narration pattern is rarely seen,MEDIUM_ANOMALY
btx_655423b91df4,bac_afe3ea72,2025-12-27,2025-12-27,0.0,746000.0,746000.0,1015542.0,RTGS/SBINR25122715017755/A/C 2004,,SBINR25122715017755,,746000.0,0,1,5,27,12,137,532932.7678832117,374904.68,619248.6439248768,3072000.0,0.3440737968618567,1.9898391239074424,2,404,1,1,0,0.0,0,-0.0078845681878009,94.23652694610776,MEDIUM,0,Transaction narration pattern is rarely seen,MEDIUM_ANOMALY
btx_a7221bd17f4f,bac_afe3ea72,2026-07-27,2026-07-27,0.0,1046000.0,1046000.0,3331934.44,TRF/OWN/8504,SELF,7744514205,,1046000.0,0,1,0,27,7,137,532932.7678832117,374904.68,619248.6439248768,3072000.0,0.8285318622014297,2.790042524942607,2,120,5,1,0,0.0,0,-0.0082101978646311,94.16167664670658,MEDIUM,0,Appears to be a transfer between own accounts,OWN_ACCOUNT_TRANSFER
btx_44a309e1d7ce,bac_4934eb4d,2026-06-26,2026-06-26,0.0,1600000.0,1600000.0,-1709751.98,BY LOAN DISBURSEMENT WC8805652161,,WC8805652161,,1600000.0,0,1,4,26,6,139,534153.6267625899,102298.73,831171.1727670145,3072000.0,1.2823428051398231,15.640467872866068,2,404,1,1,0,0.0,0,-0.0086232933653871,94.0868263473054,MEDIUM,0,Transaction narration pattern is rarely seen,MEDIUM_ANOMALY
btx_0d19cd9869f2,bac_afe3ea72,2026-06-30,2026-06-30,177.0,0.0,177.0,281952.14,Consolidated Charges for A/c JUN26,,,,-177.0,1,0,1,30,6,137,532932.7678832117,374904.68,619248.6439248768,3072000.0,-0.8603260953573314,0.0004721200066107,11,404,1,0,0,0.0,0,-0.0087296406703689,94.01197604790418,MEDIUM,0,High transaction activity for this account on the same day; Transaction narration pattern is rarely seen; Bank reference is missing,MEDIUM_ANOMALY
btx_8d399c5a0d7c,bac_afe3ea72,2025-12-31,2025-12-31,177.0,0.0,177.0,281491.4,Consolidated Charges for A/c DEC25,,,,-177.0,1,0,2,31,12,137,532932.7678832117,374904.68,619248.6439248768,3072000.0,-0.8603260953573314,0.0004721200066107,10,404,1,0,0,0.0,0,-0.0088809152667068,93.937125748503,MEDIUM,0,High transaction activity for this account on the same day; Transaction narration pattern is rarely seen; Bank reference is missing,MEDIUM_ANOMALY
btx_60a39a36d2d1,bac_5bed52aa,2026-06-10,2026-06-10,0.0,66792.72,66792.72,16201222.1,CLG/Supreme Educational Soc/205039,SUPREME EDUCATIONAL ,,205039.0,66792.72,0,1,2,10,6,126,193510.78952380957,69980.845,248130.59903300003,1297326.04,-0.510691023266166,0.954442890765323,3,16,1,0,1,-1.1932570487260816e-09,0,-0.0092468946506463,93.8622754491018,MEDIUM,0,Transaction narration pattern is rarely seen; Bank reference is missing,MEDIUM_ANOMALY
btx_15baacd00486,bac_c4599022,2025-12-31,2025-12-31,0.0,21466.56,21466.56,959411.21,BY CLEARING-144252-VAIBHAV INFOSOLUTI,,,144252.0,21466.56,0,1,2,31,12,303,274105.44752475247,159866.04,329248.9266066456,2100000.0,-0.7673187886397598,0.1342784246110055,3,404,1,0,1,-6.184563972055912e-11,0,-0.0094587814617066,93.7874251497006,MEDIUM,0,Transaction narration pattern is rarely seen; Bank reference is missing,MEDIUM_ANOMALY
btx_d92cf3079ec8,bac_eb0ff218,2026-08-21,2026-08-21,0.0,982000.0,982000.0,1880538.06,RTGS CR-SBIN0022561-A/C XXXXXXX2004-SBINR26082152315066,,SBINR26082152315066,,982000.0,0,1,4,21,8,631,116974.839207607,38044.38,203932.55657779044,2196000.0,4.241721750114125,25.811959611380185,3,404,1,1,0,0.0,0,-0.0096202116077409,93.7125748502994,MEDIUM,0,Amount is extremely unusual for this account; Transaction narration pattern is rarely seen,MEDIUM_ANOMALY
btx_c55d8857bcf7,bac_4934eb4d,2026-05-01,2026-05-01,401000.0,0.0,401000.0,-4301878.48,TO TRANSFER-INB OWN A/C 5347--,SELF,0385279006,,-401000.0,1,0,4,1,5,139,534153.6267625899,102298.73,831171.1727670145,3072000.0,-0.160200005877627,3.919892260637058,2,120,37,1,0,-4.656612873077393e-10,0,-0.0099120019518558,93.6377245508982,MEDIUM,0,Appears to be a transfer between own accounts,OWN_ACCOUNT_TRANSFER
btx_8eb9ec2c05bb,bac_afe3ea72,2026-04-26,2026-04-26,0.0,551000.0,551000.0,849484.51,TRF/OWN/2004,SELF,1450130909,,551000.0,0,1,6,26,4,137,532932.7678832117,374904.68,619248.6439248768,3072000.0,0.0291760543911341,1.4697069132345857,2,120,8,1,0,0.0,0,-0.0111901248219196,93.562874251497,MEDIUM,0,Appears to be a transfer between own accounts,OWN_ACCOUNT_TRANSFER
btx_f51c4e3f3417,bac_afe3ea72,2025-11-24,2025-11-24,0.0,412000.0,412000.0,698087.0,TRF/OWN/2004,SELF,1475071371,,412000.0,0,1,0,24,11,137,532932.7678832117,374904.68,619248.6439248768,3072000.0,-0.195289515882868,1.0989460040882926,2,120,8,1,0,0.0,0,-0.0116302696039655,93.48802395209582,MEDIUM,0,Appears to be a transfer between own accounts,OWN_ACCOUNT_TRANSFER
btx_e6e2a596b8b2,bac_c4599022,2026-04-30,2026-04-30,177.0,0.0,177.0,1159354.14,TO ACCT MAINT CHRGS APR26,,,,-177.0,1,0,3,30,4,303,274105.44752475247,159866.04,329248.9266066456,2100000.0,-0.8319797739295758,0.0011071769839297,5,404,3,0,0,177.0,1,-0.0120865561342957,93.4131736526946,MEDIUM,0,Running balance does not match expected transaction change; Elevated transaction activity for this account on the same day; Bank reference is missing,MEDIUM_ANOMALY
btx_85e1f79e5878,bac_5bed52aa,2026-06-17,2026-06-17,0.0,34102.62,34102.62,17243490.37,CLG/Nandi Agro Foods P/845011,NANDI AGRO FOODS,,845011.0,34102.62,0,1,2,17,6,126,193510.78952380957,69980.845,248130.59903300003,1297326.04,-0.6424365642328905,0.4873136356098587,1,5,1,0,1,1.0404619388282301e-09,0,-0.0125209489078675,93.33832335329342,MEDIUM,0,Transaction narration pattern is rarely seen; Bank reference is missing,MEDIUM_ANOMALY
btx_028ed04eb372,bac_afe3ea72,2026-03-31,2026-03-31,17.7,0.0,17.7,298484.51,SMS CHRG MAR26,,,,-17.7,1,0,1,31,3,137,532932.7678832117,374904.68,619248.6439248768,3072000.0,-0.8605833425900268,4.721200066107471e-05,10,404,1,0,0,-1.1642242725429242e-11,0,-0.0130967845336568,93.26347305389224,MEDIUM,0,High transaction activity for this account on the same day; Transaction narration pattern is rarely seen; Bank reference is missing,MEDIUM_ANOMALY
btx_f05df00a8c0f,bac_c4599022,2026-08-31,2026-08-31,675000.0,0.0,675000.0,661012.16,TO TRANSFER-INB OWN A/C 5347--,SELF,6541681003,,-675000.0,1,0,0,31,8,303,274105.44752475247,159866.04,329248.9266066456,2100000.0,1.2176032177447222,4.2222851082068455,4,120,37,1,0,1.1641532182693479e-10,0,-0.0131149289943317,93.188622754491,MEDIUM,0,Appears to be a transfer between own accounts,OWN_ACCOUNT_TRANSFER
btx_e5bd54ab2311,bac_4934eb4d,2026-06-22,2026-06-22,0.0,1000000.0,1000000.0,-3276595.16,BY TRANSFER-INB OWN A/C 2004--,SELF,2120224145,,1000000.0,0,1,0,22,6,139,534153.6267625899,102298.73,831171.1727670145,3072000.0,0.5604698388258365,9.775292420541293,3,120,8,1,0,0.0,0,-0.0132519308438762,93.11377245508982,MEDIUM,0,Appears to be a transfer between own accounts,OWN_ACCOUNT_TRANSFER
btx_d0952a9fed39,bac_4934eb4d,2026-05-14,2026-05-14,597000.0,0.0,597000.0,-4311878.48,TO TRANSFER-INB OWN A/C 5347--,SELF,7258171999,,-597000.0,1,0,3,14,5,139,534153.6267625899,102298.73,831171.1727670145,3072000.0,0.0756118297849419,5.835849575063151,2,120,37,1,0,-4.656612873077393e-10,0,-0.0139064296181197,93.03892215568862,MEDIUM,0,Appears to be a transfer between own accounts,OWN_ACCOUNT_TRANSFER
btx_0eb0b3d47aa2,bac_c4599022,2026-03-02,2026-03-02,650000.0,0.0,650000.0,780276.87,TO TRANSFER-INB OWN A/C 5347--,SELF,3564332730,,-650000.0,1,0,0,2,3,303,274105.44752475247,159866.04,329248.9266066456,2100000.0,1.1416728259355255,4.065904178273259,1,120,37,1,0,-1.1641532182693479e-10,0,-0.0140532268778257,92.96407185628742,MEDIUM,0,Appears to be a transfer between own accounts,OWN_ACCOUNT_TRANSFER
btx_a54e467ba8ea,bac_eb0ff218,2026-05-08,2026-05-08,0.0,937000.0,937000.0,1795487.76,FT - CR - 50200008662004 - OWN A/C TRF,SELF,1862102940,,937000.0,0,1,4,8,5,631,116974.839207607,38044.38,203932.55657779044,2196000.0,4.021060563125893,24.62913050495237,5,120,1,1,0,0.0,0,-0.0142046524790367,92.88922155688624,MEDIUM,0,Appears to be a transfer between own accounts; Amount is extremely unusual for this account; Elevated transaction activity for this account on the same day; Transaction narration pattern is rarely seen,OWN_ACCOUNT_TRANSFER
btx_5e5d65db30ab,bac_afe3ea72,2025-11-30,2025-11-30,177.0,0.0,177.0,269542.0,Consolidated Charges for A/c NOV25,,,,-177.0,1,0,6,30,11,137,532932.7678832117,374904.68,619248.6439248768,3072000.0,-0.8603260953573314,0.0004721200066107,1,404,1,0,0,0.0,0,-0.014318831236584,92.81437125748504,MEDIUM,0,Transaction narration pattern is rarely seen; Bank reference is missing,MEDIUM_ANOMALY
btx_e5b69493d0f3,bac_eb0ff218,2026-07-05,2026-07-05,60415.17,0.0,60415.17,1739648.06,"NEFT DR-KKBK0356604-PRAGATI TEXTILE MILLS PVT L-NETBANK, MUM-PAYMENT-HDFCN26070581140",PRAGATI TEXTILE MILL,HDFCN26070581140639,,-60415.17,1,0,6,5,7,631,116974.839207607,38044.38,203932.55657779044,2196000.0,-0.2773449720669402,1.5880182565729817,7,7,2,1,0,60415.17,1,-0.014630980264392,92.73952095808384,MEDIUM,0,Running balance does not match expected transaction change; Elevated transaction activity for this account on the same day,MEDIUM_ANOMALY
btx_e4d1ebe52fe2,bac_5bed52aa,2026-01-08,2026-01-08,52230.96,0.0,52230.96,5929014.44,TO TRANSFER/NEFT/HDFCN26010802513635/Sree Lakshmi Properties,SREE LAKSHMI PROPERT,HDFCN26010802513635,,-52230.96,1,0,3,8,1,126,193510.78952380957,69980.845,248130.59903300003,1297326.04,-0.5693768929523283,0.7463608077324587,2,11,2,1,0,52230.96,1,-0.0148661392049576,92.66467065868264,MEDIUM,0,Running balance does not match expected transaction change,MEDIUM_ANOMALY
btx_17e72626c7f6,bac_afe3ea72,2026-08-31,2026-08-31,177.0,0.0,177.0,299081.4,Consolidated Charges for A/c AUG26,,,,-177.0,1,0,0,31,8,137,532932.7678832117,374904.68,619248.6439248768,3072000.0,-0.8603260953573314,0.0004721200066107,9,404,1,0,0,0.0,0,-0.0152395490539841,92.58982035928145,MEDIUM,0,High transaction activity for this account on the same day; Transaction narration pattern is rarely seen; Bank reference is missing,MEDIUM_ANOMALY
btx_2d3916686773,bac_c4599022,2026-03-23,2026-03-23,0.0,177822.32,177822.32,1608077.92,BY CLEARING-668229-KAPOOR ELECTRICALS,,,668229.0,177822.32,0,1,0,23,3,303,274105.44752475247,159866.04,329248.9266066456,2100000.0,-0.2924326239027717,1.1123207905819148,4,404,1,0,1,-1.7462298274040222e-10,0,-0.0154314793369869,92.51497005988024,MEDIUM,0,Transaction narration pattern is rarely seen; Bank reference is missing,MEDIUM_ANOMALY
btx_c7fc8472cc36,bac_afe3ea72,2026-03-31,2026-03-31,177.0,0.0,177.0,298502.21,Consolidated Charges for A/c MAR26,,,,-177.0,1,0,1,31,3,137,532932.7678832117,374904.68,619248.6439248768,3072000.0,-0.8603260953573314,0.0004721200066107,10,404,1,0,0,0.0,0,-0.0155561661177919,92.44011976047904,MEDIUM,0,High transaction activity for this account on the same day; Transaction narration pattern is rarely seen; Bank reference is missing,MEDIUM_ANOMALY
btx_2ce73d1a7502,bac_4934eb4d,2026-04-03,2026-04-03,270000.0,0.0,270000.0,-4385365.58,TO TRANSFER-INB OWN A/C 5347--,SELF,7078352362,,-270000.0,1,0,4,3,4,139,534153.6267625899,102298.73,831171.1727670145,3072000.0,-0.3178089368561809,2.6393289535461486,3,120,37,1,0,0.0,0,-0.0157023837956598,92.36526946107784,MEDIUM,0,Appears to be a transfer between own accounts,OWN_ACCOUNT_TRANSFER
btx_a22918660887,bac_4934eb4d,2026-07-27,2026-07-27,1046000.0,0.0,1046000.0,-4311360.09,TO TRANSFER-INB OWN A/C 6220--,SELF,7744514205,,-1046000.0,1,0,0,27,7,139,534153.6267625899,102298.73,831171.1727670145,3072000.0,0.6158134329099089,10.224955871886191,4,120,14,1,0,0.0,0,-0.0162760566155074,92.29041916167664,MEDIUM,0,Appears to be a transfer between own accounts,OWN_ACCOUNT_TRANSFER
btx_a055828a9ffc,bac_afe3ea72,2026-05-25,2026-05-25,0.0,920000.0,920000.0,1315180.51,RTGS/SBINR26052594041200/A/C 2004,,SBINR26052594041200,,920000.0,0,1,0,25,5,137,532932.7678832117,374904.68,619248.6439248768,3072000.0,0.6250594747588091,2.4539570965078377,2,404,1,1,0,0.0,0,-0.0167929022965184,92.21556886227546,MEDIUM,0,Transaction narration pattern is rarely seen,MEDIUM_ANOMALY
btx_8dbe946c9027,bac_afe3ea72,2026-01-31,2026-01-31,177.0,0.0,177.0,275218.62,Consolidated Charges for A/c JAN26,,,,-177.0,1,0,5,31,1,137,532932.7678832117,374904.68,619248.6439248768,3072000.0,-0.8603260953573314,0.0004721200066107,1,404,1,0,0,0.0,0,-0.0174971062999047,92.14071856287424,MEDIUM,0,Transaction narration pattern is rarely seen; Bank reference is missing,MEDIUM_ANOMALY
btx_d634b098bf27,bac_afe3ea72,2026-08-27,2026-08-27,0.0,28000.0,28000.0,293507.92,TRF/OWN/2004,SELF,0152065305,,28000.0,0,1,3,27,8,137,532932.7678832117,374904.68,619248.6439248768,3072000.0,-0.8153958395175216,0.074685650763282,2,120,8,1,0,0.0,0,-0.0184204172750506,92.06586826347304,MEDIUM,0,Appears to be a transfer between own accounts,OWN_ACCOUNT_TRANSFER
btx_96c22e62573a,bac_c4599022,2026-09-28,2026-09-28,0.0,460717.27,460717.27,2999408.59,BY CLEARING-167930-SHARMA REALTY PVT LTD,SHARMA REALTY,,167930.0,460717.27,0,1,0,28,9,303,274105.44752475247,159866.04,329248.9266066456,2100000.0,0.5667803518709511,2.8818958047625376,3,7,1,0,1,0.0,0,-0.0187716148374978,91.99101796407186,MEDIUM,0,Transaction narration pattern is rarely seen; Bank reference is missing,MEDIUM_ANOMALY
btx_cab1be6cc8d2,bac_afe3ea72,2026-02-23,2026-02-23,0.0,380000.0,380000.0,655218.62,TRF/OWN/2004,SELF,1671232546,,380000.0,0,1,0,23,2,137,532932.7678832117,374904.68,619248.6439248768,3072000.0,-0.2469650428524225,1.0135909746445415,2,120,8,1,0,0.0,0,-0.0198469983541041,91.91616766467064,MEDIUM,0,Appears to be a transfer between own accounts,OWN_ACCOUNT_TRANSFER
btx_8be3e95225c1,bac_4934eb4d,2026-06-07,2026-06-07,46000.0,0.0,46000.0,-4376595.16,TO TRANSFER-INB OWN A/C 5347--,SELF,2487391760,,-46000.0,1,0,6,7,6,139,534153.6267625899,102298.73,831171.1727670145,3072000.0,-0.5873081776134026,0.4496634513448994,1,120,37,1,0,0.0,0,-0.0202008496933333,91.84131736526946,MEDIUM,0,Appears to be a transfer between own accounts,OWN_ACCOUNT_TRANSFER
btx_916820516b7b,bac_4934eb4d,2025-11-09,2025-11-09,0.0,800000.0,800000.0,-3289738.68,BY LOAN DISBURSEMENT WC1432021736,,WC1432021736,,800000.0,0,1,6,9,11,139,534153.6267625899,102298.73,831171.1727670145,3072000.0,0.3198455167211742,7.820233936433033,2,404,1,1,0,0.0,0,-0.0202767072721767,91.76646706586826,MEDIUM,0,Transaction narration pattern is rarely seen,MEDIUM_ANOMALY
btx_df4222a3f173,bac_4934eb4d,2025-11-09,2025-11-09,1011000.0,0.0,1011000.0,-4300738.68,TO TRANSFER-RTGS UTR NO: SBINR25110930286791--A/C 5347,,SBINR25110930286791,,-1011000.0,1,0,6,9,11,139,534153.6267625899,102298.73,831171.1727670145,3072000.0,0.5737041765415929,9.882820637167246,2,404,1,1,0,4.656612873077393e-10,0,-0.0210269204892702,91.69161676646706,MEDIUM,0,Transaction narration pattern is rarely seen,MEDIUM_ANOMALY
btx_1201060ae50d,bac_4934eb4d,2026-07-27,2026-07-27,0.0,1100000.0,1100000.0,-3265360.09,BY LOAN DISBURSEMENT WC6602039423,,WC6602039423,,1100000.0,0,1,0,27,7,139,534153.6267625899,102298.73,831171.1727670145,3072000.0,0.6807819998781677,10.75282166259542,4,404,1,1,0,0.0,0,-0.0210777070871499,91.61676646706589,MEDIUM,0,Transaction narration pattern is rarely seen,MEDIUM_ANOMALY
btx_d1a86f9ee7ea,bac_afe3ea72,2026-02-28,2026-02-28,177.0,0.0,177.0,270899.47,Consolidated Charges for A/c FEB26,,,,-177.0,1,0,5,28,2,137,532932.7678832117,374904.68,619248.6439248768,3072000.0,-0.8603260953573314,0.0004721200066107,1,404,1,0,0,0.0,0,-0.0214064866593981,91.54191616766468,MEDIUM,0,Transaction narration pattern is rarely seen; Bank reference is missing,MEDIUM_ANOMALY
btx_4eb3250056c6,bac_5bed52aa,2026-06-16,2026-06-16,0.0,119335.23,119335.23,17209387.75,BY TRANSFER/NEFT/SBINN21345459901/Manjunath Spice Trade,MANJUNATH SPICE TRAD,SBINN21345459901,,119335.23,0,1,1,16,6,126,193510.78952380957,69980.845,248130.59903300003,1297326.04,-0.2989375748613116,1.705255631023032,2,6,2,1,0,-119335.23,1,-0.0216248507831904,91.46706586826348,MEDIUM,0,Running balance does not match expected transaction change,MEDIUM_ANOMALY
btx_5d146bdb57f1,bac_c4599022,2026-06-01,2026-06-01,500000.0,0.0,500000.0,1074753.0,TO TRANSFER-INB OWN A/C 5347--,SELF,5038315142,,-500000.0,1,0,0,1,6,303,274105.44752475247,159866.04,329248.9266066456,2100000.0,0.6860904750803463,3.127618598671738,3,120,37,1,0,0.0,0,-0.022182595390085,91.39221556886228,MEDIUM,0,Appears to be a transfer between own accounts,OWN_ACCOUNT_TRANSFER
btx_88caaf174765,bac_afe3ea72,2026-05-31,2026-05-31,177.0,0.0,177.0,280236.51,Consolidated Charges for A/c MAY26,,,,-177.0,1,0,6,31,5,137,532932.7678832117,374904.68,619248.6439248768,3072000.0,-0.8603260953573314,0.0004721200066107,1,404,1,0,0,0.0,0,-0.0226617022956986,91.31736526946108,MEDIUM,0,Transaction narration pattern is rarely seen; Bank reference is missing,MEDIUM_ANOMALY
btx_1f143e0d6763,bac_c4599022,2026-07-07,2026-07-07,729000.0,0.0,729000.0,660279.3,TO TRANSFER-INB OWN A/C 5347--,SELF,8051055123,,-729000.0,1,0,1,7,7,303,274105.44752475247,159866.04,329248.9266066456,2100000.0,1.3816128640525869,4.560067916863393,1,120,37,1,0,0.0,0,-0.0239408331875561,91.24251497005989,MEDIUM,0,Appears to be a transfer between own accounts,OWN_ACCOUNT_TRANSFER
btx_ca4830d55b0d,bac_afe3ea72,2025-10-31,2025-10-31,177.0,0.0,177.0,286087.0,Consolidated Charges for A/c OCT25,,,,-177.0,1,0,4,31,10,137,532932.7678832117,374904.68,619248.6439248768,3072000.0,-0.8603260953573314,0.0004721200066107,9,404,1,0,0,0.0,0,-0.0248470040178978,91.1676646706587,MEDIUM,0,High transaction activity for this account on the same day; Transaction narration pattern is rarely seen; Bank reference is missing,MEDIUM_ANOMALY
btx_01774ff98aa6,bac_eb0ff218,2026-03-26,2026-03-26,101451.68,0.0,101451.68,1082778.15,IMPS-546829663735-Banerjee Warehousing Pvt Ltd-HDFC-XXXXXXXX8612-BILL PMT,,546829663735,,-101451.68,1,0,3,26,3,631,116974.839207607,38044.38,203932.55657779044,2196000.0,-0.0761190830346191,2.6666666666666665,5,404,2,1,0,101451.68,1,-0.0248897189869646,91.09281437125748,MEDIUM,0,Running balance does not match expected transaction change; Elevated transaction activity for this account on the same day,MEDIUM_ANOMALY
btx_58ac45f12cdc,bac_4934eb4d,2026-01-08,2026-01-08,35000.0,0.0,35000.0,-4386176.18,TO TRANSFER-INB OWN A/C 5347--,SELF,0214585503,,-35000.0,1,0,3,8,1,139,534153.6267625899,102298.73,831171.1727670145,3072000.0,-0.600542515329159,0.3421352347189452,1,120,37,1,0,0.0,0,-0.0251215383333187,91.01796407185628,MEDIUM,0,Appears to be a transfer between own accounts,OWN_ACCOUNT_TRANSFER
btx_fc1f7ded5e1e,bac_5bed52aa,2026-09-05,2026-09-05,0.0,858816.53,858816.53,21361871.43,BY TRANSFER/RTGS/SBINR01993252252/M/S Sunrise Hotels L,SUNRISE HOTELS,SBINR01993252252,,858816.53,0,1,5,5,9,126,193510.78952380957,69980.845,248130.59903300003,1297326.04,2.681272455186829,12.272165761930998,2,32,1,1,0,1.164153218269348e-09,0,-0.0255063664365987,90.94311377245508,MEDIUM,0,Amount is unusually high for this account; Transaction narration pattern is rarely seen,MEDIUM_ANOMALY
btx_0a1451d7d46d,bac_eb0ff218,2026-03-02,2026-03-02,74605.22,0.0,74605.22,1368800.78,CHQ PAID-MICR CTS-467535-Kumaran Paper Produc,,,467535.0,-74605.22,1,0,0,2,3,631,116974.839207607,38044.38,203932.55657779044,2196000.0,-0.2077628992575544,1.9610050157211127,3,404,1,0,1,2.9103830456733704e-11,0,-0.025769034438939,90.86826347305389,MEDIUM,0,Transaction narration pattern is rarely seen; Bank reference is missing,MEDIUM_ANOMALY
btx_4e2777477ee0,bac_c4599022,2026-03-31,2026-03-31,0.0,55456.7,55456.7,832271.12,BY CLEARING-114428-SAGAR TEXTILES PVT LTD,SAGAR TEXTILES,,114428.0,55456.7,0,1,1,31,3,303,274105.44752475247,159866.04,329248.9266066456,2100000.0,-0.664083402725782,0.3468948126819179,5,8,1,0,1,-4.365574568510056e-11,0,-0.0258786827029223,90.7934131736527,MEDIUM,0,Elevated transaction activity for this account on the same day; Transaction narration pattern is rarely seen; Bank reference is missing,MEDIUM_ANOMALY
btx_5c145573765a,bac_eb0ff218,2025-12-14,2025-12-14,0.0,650000.0,650000.0,1766386.02,RTGS CR-SBIN0022561-A/C XXXXXXX2004-SBINR25121400203396,,SBINR25121400203396,,650000.0,0,1,6,14,12,631,116974.839207607,38044.38,203932.55657779044,2196000.0,2.6137325483342804,17.08530931506835,5,404,1,1,0,0.0,0,-0.0261262109380012,90.71856287425148,MEDIUM,0,Amount is unusually high for this account; Elevated transaction activity for this account on the same day; Transaction narration pattern is rarely seen,MEDIUM_ANOMALY
btx_205016886c9e,bac_5bed52aa,2026-04-01,2026-04-01,0.0,836579.41,836579.41,13754629.43,BY TRANSFER/NEFT/SBINN15529527532/sunrise hotels,SUNRISE HOTELS,SBINN15529527532,,836579.41,0,1,2,1,4,126,193510.78952380957,69980.845,248130.59903300003,1297326.04,2.591653842703478,11.9544056662934,1,32,1,1,0,1.1641532182693479e-10,0,-0.0261630183666927,90.6437125748503,MEDIUM,0,Amount is unusually high for this account; Transaction narration pattern is rarely seen,MEDIUM_ANOMALY
btx_119c066728f4,bac_4934eb4d,2026-04-27,2026-04-27,300000.0,0.0,300000.0,-4363533.98,TO TRANSFER-INB OWN A/C 5347--,SELF,5440655541,,-300000.0,1,0,0,27,4,139,534153.6267625899,102298.73,831171.1727670145,3072000.0,-0.2817152885404815,2.9325877261623874,2,120,37,1,0,-4.656612873077393e-10,0,-0.0267867800281653,90.5688622754491,MEDIUM,0,Appears to be a transfer between own accounts,OWN_ACCOUNT_TRANSFER
btx_7717d741c8cb,bac_c4599022,2025-12-07,2025-12-07,0.0,167615.46,167615.46,827901.99,BY CLEARING-488417-PRABHAT PLASTICS & C,PRABHAT PLASTICS,,488417.0,167615.46,0,1,6,7,12,303,274105.44752475247,159866.04,329248.9266066456,2100000.0,-0.3234330590604363,1.0484744602418374,1,17,1,0,1,-2.9103830456733704e-11,0,-0.027235660381005,90.4940119760479,MEDIUM,0,Transaction narration pattern is rarely seen; Bank reference is missing,MEDIUM_ANOMALY
btx_a8011f87cf17,bac_c4599022,2026-01-16,2026-01-16,0.0,399154.21,399154.21,1060078.64,BY CLEARING-315553-MALHOTRAFURNISHINGS,MALHOTRA FURNISHINGS,,315553.0,399154.21,0,1,4,16,1,303,274105.44752475247,159866.04,329248.9266066456,2100000.0,0.3798000612000281,2.4968042618682493,1,39,1,0,1,-1.7462298274040222e-10,0,-0.0278814669851198,90.41916167664672,MEDIUM,0,Transaction narration pattern is rarely seen; Bank reference is missing,MEDIUM_ANOMALY
btx_bcbf69b2cc10,bac_c4599022,2026-03-26,2026-03-26,0.0,125684.32,125684.32,2360826.48,BY CLEARING-242426-SWASTIK MOTORS,,,242426.0,125684.32,0,1,3,26,3,303,274105.44752475247,159866.04,329248.9266066456,2100000.0,-0.4507869746286873,0.7861852335868206,4,404,1,0,1,-1.7462298274040222e-10,0,-0.0282938006255512,90.34431137724552,MEDIUM,0,Transaction narration pattern is rarely seen; Bank reference is missing,MEDIUM_ANOMALY
btx_5a79bf267550,bac_c4599022,2025-12-26,2025-12-26,650000.0,0.0,650000.0,1406829.5,TO TRANSFER-INB OWN A/C 5347--,SELF,2870250558,,-650000.0,1,0,4,26,12,303,274105.44752475247,159866.04,329248.9266066456,2100000.0,1.1416728259355255,4.065904178273259,1,120,37,1,0,0.0,0,-0.0284220327383489,90.26946107784433,MEDIUM,0,Appears to be a transfer between own accounts,OWN_ACCOUNT_TRANSFER
btx_6d6627b44c6e,bac_afe3ea72,2026-07-31,2026-07-31,177.0,0.0,177.0,265507.92,Consolidated Charges for A/c JUL26,,,,-177.0,1,0,4,31,7,137,532932.7678832117,374904.68,619248.6439248768,3072000.0,-0.8603260953573314,0.0004721200066107,9,404,1,0,0,0.0,0,-0.0284366231042584,90.19461077844312,MEDIUM,0,High transaction activity for this account on the same day; Transaction narration pattern is rarely seen; Bank reference is missing,MEDIUM_ANOMALY
btx_878f2d1a3801,bac_4934eb4d,2026-01-15,2026-01-15,0.0,900000.0,900000.0,-3486176.18,BY LOAN DISBURSEMENT WC4360551590,,WC4360551590,,900000.0,0,1,3,15,1,139,534153.6267625899,102298.73,831171.1727670145,3072000.0,0.4401576777735053,8.797763178487163,2,404,1,1,0,-4.656612873077393e-10,0,-0.0286215323834277,90.11976047904191,MEDIUM,0,Transaction narration pattern is rarely seen,MEDIUM_ANOMALY
btx_497ce36cc929,bac_afe3ea72,2026-04-30,2026-04-30,177.0,0.0,177.0,397540.51,Consolidated Charges for A/c APR26,,,,-177.0,1,0,3,30,4,137,532932.7678832117,374904.68,619248.6439248768,3072000.0,-0.8603260953573314,0.0004721200066107,9,404,1,0,0,0.0,0,-0.028932299499459,90.04491017964071,MEDIUM,0,High transaction activity for this account on the same day; Transaction narration pattern is rarely seen; Bank reference is missing,MEDIUM_ANOMALY
btx_58b2c82d147e,bac_eb0ff218,2025-10-01,2025-10-01,7717.75,0.0,7717.75,3162500.35,CHQ PAID-MICR CTS-644102-Vasantha Garments,,,644102.0,-7717.75,1,0,2,1,10,631,116974.839207607,38044.38,203932.55657779044,2196000.0,-0.5357510886984378,0.2028617630251827,1,404,1,0,1,0.0,0,-0.0290178154310311,89.97005988023952,MEDIUM,0,Transaction narration pattern is rarely seen; Bank reference is missing,MEDIUM_ANOMALY
btx_52ecf2c40525,bac_4934eb4d,2026-03-23,2026-03-23,0.0,700000.0,700000.0,-3583223.77,BY TRANSFER-INB OWN A/C 2004--,SELF,3583425626,,700000.0,0,1,0,23,3,139,534153.6267625899,102298.73,831171.1727670145,3072000.0,0.199533355668843,6.842704694378904,1,120,8,1,0,-4.656612873077393e-10,0,-0.0295670321859519,89.89520958083833,MEDIUM,0,Appears to be a transfer between own accounts,OWN_ACCOUNT_TRANSFER
btx_e435499ccbea,bac_c4599022,2026-02-04,2026-02-04,600000.0,0.0,600000.0,1234021.92,TO TRANSFER-INB OWN A/C 5347--,SELF,5938601090,,-600000.0,1,0,2,4,2,303,274105.44752475247,159866.04,329248.9266066456,2100000.0,0.9898120423171324,3.7531423184060855,1,120,37,1,0,0.0,0,-0.0297191046186856,89.82035928143712,MEDIUM,0,Appears to be a transfer between own accounts,OWN_ACCOUNT_TRANSFER
btx_51fddeccd540,bac_c4599022,2026-01-29,2026-01-29,550000.0,0.0,550000.0,751532.68,TO TRANSFER-INB OWN A/C 5347--,SELF,1973431712,,-550000.0,1,0,3,29,1,303,274105.44752475247,159866.04,329248.9266066456,2100000.0,0.8379512586987394,3.4403804585389115,3,120,37,1,0,1.1641532182693479e-10,0,-0.0300104917194741,89.74550898203593,MEDIUM,0,Appears to be a transfer between own accounts,OWN_ACCOUNT_TRANSFER
btx_00d0045387e8,bac_5bed52aa,2026-02-02,2026-02-02,0.0,703993.9,703993.9,8248295.55,BY TRANSFER/NEFT/SBINN42358182642/Sunrise Hotels,SUNRISE HOTELS,SBINN42358182642,,703993.9,0,1,0,2,2,126,193510.78952380957,69980.845,248130.59903300003,1297326.04,2.0573162377619494,10.059808509028436,1,32,1,1,0,-5.820766091346741e-10,0,-0.0302726510561093,89.67065868263472,MEDIUM,0,Amount is unusually high for this account; Transaction narration pattern is rarely seen,MEDIUM_ANOMALY
btx_6408a002a28a,bac_afe3ea72,2026-01-26,2026-01-26,0.0,176000.0,176000.0,457473.7,NEFT/SBINN26012639107248/A/C 2004/STATE BANK OF INDIA,,SBINN26012639107248,,176000.0,0,1,0,26,1,137,532932.7678832117,374904.68,619248.6439248768,3072000.0,-0.5763965272833322,0.4694526619406298,2,404,1,1,0,0.0,0,-0.0306364208708699,89.59580838323353,MEDIUM,0,Transaction narration pattern is rarely seen,MEDIUM_ANOMALY
btx_14045bce9a26,bac_eb0ff218,2026-01-15,2026-01-15,0.0,815000.0,815000.0,1774430.53,RTGS CR-SBIN0835405-A/C XXXXXXX8504-SBINR26011513051798,,SBINR26011513051798,,815000.0,0,1,3,15,1,631,116974.839207607,38044.38,203932.55657779044,2196000.0,3.4228235672911307,21.42234937197032,3,404,1,1,0,0.0,0,-0.0307022009963252,89.52095808383234,MEDIUM,0,Amount is extremely unusual for this account; Transaction narration pattern is rarely seen,MEDIUM_ANOMALY
btx_bf5d83095b5e,bac_afe3ea72,2026-06-26,2026-06-26,0.0,421000.0,421000.0,701236.51,TRF/OWN/2004,SELF,2888494125,,421000.0,0,1,4,26,6,137,532932.7678832117,374904.68,619248.6439248768,3072000.0,-0.1807557739226808,1.1229521061193477,2,120,8,1,0,0.0,0,-0.0308541742287109,89.44610778443113,MEDIUM,0,Appears to be a transfer between own accounts,OWN_ACCOUNT_TRANSFER
btx_380286dce4d0,bac_5bed52aa,2026-06-15,2026-06-15,0.0,895341.05,895341.05,17090052.52,BY TRANSFER/RTGS/SBINR25410833537/SUNRISE HOTELS LTD,SUNRISE HOTELS,SBINR25410833537,,895341.05,0,1,0,15,6,126,193510.78952380957,69980.845,248130.59903300003,1297326.04,2.828471229309573,12.79408743921283,1,32,1,1,0,-1.164153218269348e-09,0,-0.0308689790825587,89.37125748502994,MEDIUM,0,Amount is unusually high for this account; Transaction narration pattern is rarely seen,MEDIUM_ANOMALY
btx_b82b7d563bb5,bac_4934eb4d,2026-07-13,2026-07-13,28000.0,0.0,28000.0,-4365360.09,TO TRANSFER-INB OWN A/C 5347--,SELF,4057296581,,-28000.0,1,0,0,13,7,139,534153.6267625899,102298.73,831171.1727670145,3072000.0,-0.6089643666028223,0.2737081877751561,1,120,37,1,0,0.0,0,-0.0316596723100635,89.29640718562875,MEDIUM,0,Appears to be a transfer between own accounts,OWN_ACCOUNT_TRANSFER
btx_91e4db8d0079,bac_4934eb4d,2026-07-07,2026-07-07,171000.0,0.0,171000.0,-4337360.09,TO TRANSFER-INB OWN A/C 5347--,SELF,6456712302,,-171000.0,1,0,1,7,7,139,534153.6267625899,102298.73,831171.1727670145,3072000.0,-0.4369179762979887,1.6715750039125608,3,120,37,1,0,0.0,0,-0.0316654953767266,89.22155688622755,MEDIUM,0,Appears to be a transfer between own accounts,OWN_ACCOUNT_TRANSFER
btx_bb7f01ed63b3,bac_c4599022,2025-11-30,2025-11-30,424000.0,0.0,424000.0,660579.83,TO TRANSFER-INB OWN A/C 5347--,SELF,3230087521,,-424000.0,1,0,6,30,11,303,274105.44752475247,159866.04,329248.9266066456,2100000.0,0.4552620839803887,2.6522205716736336,2,120,37,1,0,-1.1641532182693479e-10,0,-0.0316769775352258,89.14670658682635,MEDIUM,0,Appears to be a transfer between own accounts,OWN_ACCOUNT_TRANSFER
btx_7de511228792,bac_c4599022,2026-03-26,2026-03-26,0.0,66018.64,66018.64,2235142.16,BY CLEARING-662395-Shree Ganesh Gran,SHREE GANESH GRANITE,,662395.0,66018.64,0,1,3,26,3,303,274105.44752475247,159866.04,329248.9266066456,2100000.0,-0.632004513027173,0.4129622526460278,4,14,2,0,1,1.3096723705530167e-10,0,-0.0320796681046577,89.07185628742515,MEDIUM,0,Bank reference is missing,MEDIUM_ANOMALY
btx_66561a69cb81,bac_c4599022,2026-03-19,2026-03-19,0.0,460000.0,460000.0,1322553.86,BY CLEARING-114053-Everest Hospitals,EVEREST HOSPITALS,,114053.0,460000.0,0,1,3,19,3,303,274105.44752475247,159866.04,329248.9266066456,2100000.0,0.5646018481856317,2.877409110777999,1,13,1,0,1,1.1641532182693479e-10,0,-0.032215687779956,88.99700598802394,MEDIUM,0,Transaction narration pattern is rarely seen; Bank reference is missing,MEDIUM_ANOMALY
btx_e0e1164be6a3,bac_c4599022,2026-07-27,2026-07-27,0.0,47381.16,47381.16,807461.5,BY TRANSFER-UPI/CR/453265925821/MALHOTRA FURNISHING/BARB--,,453265925821,,47381.16,0,1,0,27,7,303,274105.44752475247,159866.04,329248.9266066456,2100000.0,-0.6886105593766156,0.2963803944852828,5,404,2,1,0,-47381.16,1,-0.032900808653593,88.92215568862275,MEDIUM,0,Running balance does not match expected transaction change; Elevated transaction activity for this account on the same day,MEDIUM_ANOMALY
btx_d46c06e42442,bac_c4599022,2026-05-04,2026-05-04,0.0,199132.5,199132.5,1330831.56,BY CLEARING- 857505-GANGA POULTRY FEEDS PVT,GANGA POULTRY FEEDS,,857505.0,199132.5,0,1,0,4,5,303,274105.44752475247,159866.04,329248.9266066456,2100000.0,-0.2277090112257915,1.2456210211999996,1,22,1,0,1,0.0,0,-0.0330781751042605,88.84730538922156,MEDIUM,0,Transaction narration pattern is rarely seen; Bank reference is missing,MEDIUM_ANOMALY
btx_00619a40f8ca,bac_eb0ff218,2026-06-07,2026-06-07,0.0,754000.0,754000.0,1534120.28,RTGS CR-SBIN0022561-A/C XXXXXXX2004-SBINR26060725913379,,SBINR26060725913379,,754000.0,0,1,6,7,6,631,116974.839207607,38044.38,203932.55657779044,2196000.0,3.1237050693737496,19.818958805479287,3,404,1,1,0,0.0,0,-0.0338676525146258,88.77245508982035,MEDIUM,0,Amount is extremely unusual for this account; Transaction narration pattern is rarely seen,MEDIUM_ANOMALY
btx_77619baad6f8,bac_c4599022,2026-03-01,2026-03-01,0.0,68639.42,68639.42,1430276.87,BY CLEARING- 263447-BHAVANI PRINTERS,BHAVANI PRINTERS,,263447.0,68639.42,0,1,6,1,3,303,274105.44752475247,159866.04,329248.9266066456,2100000.0,-0.6240446389373449,0.4293558531880816,2,6,1,0,1,1.6007106751203534e-10,0,-0.0343834108317733,88.69760479041916,MEDIUM,0,Transaction narration pattern is rarely seen; Bank reference is missing,MEDIUM_ANOMALY
btx_6372fdfd5c66,bac_eb0ff218,2026-02-10,2026-02-10,0.0,783000.0,783000.0,2718595.35,RTGS CR-SBIN0835405-A/C XXXXXXX8504-SBINR26021010058710,,SBINR26021010058710,,783000.0,0,1,1,10,2,631,116974.839207607,38044.38,203932.55657779044,2196000.0,3.2659089454328325,20.581226451843875,4,404,1,1,0,0.0,0,-0.0344202950624255,88.62275449101796,MEDIUM,0,Amount is extremely unusual for this account; Transaction narration pattern is rarely seen,MEDIUM_ANOMALY
btx_ebb1c601680e,bac_4934eb4d,2026-05-08,2026-05-08,13000.0,0.0,13000.0,-4314878.48,TO TRANSFER-INB OWN A/C 5347--,SELF,2021385512,,-13000.0,1,0,4,8,5,139,534153.6267625899,102298.73,831171.1727670145,3072000.0,-0.6270111907606719,0.1270788014670368,1,120,37,1,0,0.0,0,-0.034525789624788,88.54790419161677,MEDIUM,0,Appears to be a transfer between own accounts,OWN_ACCOUNT_TRANSFER
btx_f0c1db5b477e,bac_4934eb4d,2026-03-27,2026-03-27,0.0,500000.0,500000.0,-3127609.47,BY LOAN DISBURSEMENT WC2871332521,,WC2871332521,,500000.0,0,1,4,27,3,139,534153.6267625899,102298.73,831171.1727670145,3072000.0,-0.0410909664358192,4.8876462102706455,6,404,2,1,0,0.0,0,-0.0345529579111587,88.47305389221557,MEDIUM,0,Elevated transaction activity for this account on the same day,MEDIUM_ANOMALY
btx_db45f782b5a2,bac_4934eb4d,2026-08-03,2026-08-03,0.0,300000.0,300000.0,-4050244.34,BY TRANSFER-INB OWN A/C 2004--,SELF,1884105333,,300000.0,0,1,0,3,8,139,534153.6267625899,102298.73,831171.1727670145,3072000.0,-0.2817152885404815,2.9325877261623874,1,120,8,1,0,0.0,0,-0.0349668124625371,88.39820359281437,MEDIUM,0,Appears to be a transfer between own accounts,OWN_ACCOUNT_TRANSFER
btx_bf764ebae8dd,bac_eb0ff218,2026-05-19,2026-05-19,83649.03,0.0,83649.03,1465250.03,IMPS-334482194014-Maruthi Building Materia-KKBK-XXXXXXXX5323-MBM/26-27/0144,MARUTHI BUILDING MAT,334482194014,,-83649.03,1,0,1,19,5,631,116974.839207607,38044.38,203932.55657779044,2196000.0,-0.1634158359354201,2.1987223868545107,6,7,2,1,0,83649.03,1,-0.0351289952339968,88.32335329341318,MEDIUM,0,Running balance does not match expected transaction change; Elevated transaction activity for this account on the same day,MEDIUM_ANOMALY
btx_62182e50da84,bac_c4599022,2026-07-13,2026-07-13,1122000.0,0.0,1122000.0,660026.27,TO TRANSFER-RTGS UTR NO: SBINR26071336324692--A/C 5347,,SBINR26071336324692,,-1122000.0,1,0,0,13,7,303,274105.44752475247,159866.04,329248.9266066456,2100000.0,2.575238623293157,7.01837613541938,1,404,1,1,0,0.0,0,-0.0357428928889062,88.24850299401199,MEDIUM,0,Amount is unusually high for this account; Transaction narration pattern is rarely seen,MEDIUM_ANOMALY
btx_df490b98a0e1,bac_eb0ff218,2026-02-10,2026-02-10,0.0,767000.0,767000.0,1935595.35,RTGS CR-SBIN0022561-A/C XXXXXXX2004-SBINR26021088345749,,SBINR26021088345749,,767000.0,0,1,1,10,2,631,116974.839207607,38044.38,203932.55657779044,2196000.0,3.187451634503683,20.160664991780653,4,404,1,1,0,0.0,0,-0.0365278839802044,88.17365269461078,MEDIUM,0,Amount is extremely unusual for this account; Transaction narration pattern is rarely seen,MEDIUM_ANOMALY
btx_58e3cc1b949a,bac_eb0ff218,2025-10-18,2025-10-18,79642.12,0.0,79642.12,1194916.01,"NEFT DR-HDFC0113842-BRANDWAVEEVENTS-NETBANK, MUM-MARKETING CAMPAIGN-HDFCN251018505124",,HDFCN25101850512445,,-79642.12,1,0,5,18,10,631,116974.839207607,38044.38,203932.55657779044,2196000.0,-0.1830640474188649,2.0934003918581405,4,404,2,1,0,79642.12,1,-0.037724821187463,88.09880239520959,MEDIUM,0,Running balance does not match expected transaction change,MEDIUM_ANOMALY
btx_7f5e7fe2c5a7,bac_eb0ff218,2025-12-06,2025-12-06,0.0,643000.0,643000.0,1824791.5,RTGS CR-SBIN0022561-A/C XXXXXXX2004-SBINR25120664013040,,SBINR25120664013040,,643000.0,0,1,5,6,12,631,116974.839207607,38044.38,203932.55657779044,2196000.0,2.5794074748027778,16.90131367629069,3,404,1,1,0,0.0,0,-0.0380414433018245,88.02395209580838,MEDIUM,0,Amount is unusually high for this account; Transaction narration pattern is rarely seen,MEDIUM_ANOMALY
btx_009f2f3f2e39,bac_eb0ff218,2026-09-21,2026-09-21,0.0,700000.0,700000.0,1392644.65,RTGS CR-SBIN0022561-A/C XXXXXXX2004-SBINR26092182388542,,SBINR26092182388542,,700000.0,0,1,0,21,9,631,116974.839207607,38044.38,203932.55657779044,2196000.0,2.8589116449878715,18.39956387776592,1,404,1,1,0,-1.1641532182693479e-10,0,-0.0382584924047382,87.94910179640718,MEDIUM,0,Amount is unusually high for this account; Transaction narration pattern is rarely seen,MEDIUM_ANOMALY
btx_4b9449e86638,bac_c4599022,2025-12-16,2025-12-16,0.0,118149.59,118149.59,1284747.28,BY CLEARING-352250-Everest Hospitals L,EVEREST HOSPITALS,,352250.0,118149.59,0,1,1,16,12,303,274105.44752475247,159866.04,329248.9266066456,2100000.0,-0.4736715746717476,0.7390537102188807,1,13,1,0,1,8.731149137020111e-11,0,-0.0387403687185959,87.87425149700599,MEDIUM,0,Transaction narration pattern is rarely seen; Bank reference is missing,MEDIUM_ANOMALY
btx_673bdbb223dd,bac_c4599022,2026-05-01,2026-05-01,499000.0,0.0,499000.0,660354.14,TO TRANSFER-INB OWN A/C 5347--,SELF,0101324430,,-499000.0,1,0,4,1,5,303,274105.44752475247,159866.04,329248.9266066456,2100000.0,0.6830532594079785,3.121363361474394,1,120,37,1,0,1.1641532182693479e-10,0,-0.038791973565245,87.7994011976048,MEDIUM,0,Appears to be a transfer between own accounts,OWN_ACCOUNT_TRANSFER
btx_9118c4452224,bac_eb0ff218,2025-11-15,2025-11-15,0.0,646000.0,646000.0,2412095.44,RTGS CR-SBIN0835405-A/C XXXXXXX8504-SBINR25111564063505,,SBINR25111564063505,,646000.0,0,1,5,15,11,631,116974.839207607,38044.38,203932.55657779044,2196000.0,2.594118220601993,16.980168950052544,5,404,1,1,0,0.0,0,-0.0394838567112761,87.72455089820359,MEDIUM,0,Amount is unusually high for this account; Elevated transaction activity for this account on the same day; Transaction narration pattern is rarely seen,MEDIUM_ANOMALY
btx_d209bf5e8712,bac_eb0ff218,2025-10-11,2025-10-11,93899.0,0.0,93899.0,2266671.01,UPI-Galaxy Electrical-galaxyele@okicici-SBIN0430370-964403597255-GED/25-26/0039,GALAXY ELECTRICAL DI,964403597255,,-93899.0,1,0,5,11,10,631,116974.839207607,38044.38,203932.55657779044,2196000.0,-0.1131542682288919,2.468143783654774,3,5,2,1,0,93899.0,1,-0.0399129154027998,87.6497005988024,MEDIUM,0,Running balance does not match expected transaction change,MEDIUM_ANOMALY
btx_d87b51083459,bac_4934eb4d,2026-02-09,2026-02-09,0.0,300000.0,300000.0,-4013642.65,BY TRANSFER-INB OWN A/C 2004--,SELF,0007346071,,300000.0,0,1,0,9,2,139,534153.6267625899,102298.73,831171.1727670145,3072000.0,-0.2817152885404815,2.9325877261623874,1,120,8,1,0,4.656612873077393e-10,0,-0.0403811783468712,87.57485029940119,MEDIUM,0,Appears to be a transfer between own accounts,OWN_ACCOUNT_TRANSFER
btx_2dad42b1344d,bac_c4599022,2026-05-31,2026-05-31,0.0,24838.69,24838.69,1574930.0,BY CLEARING-580017-SAGAR TEXTILES,SAGAR TEXTILES,,580017.0,24838.69,0,1,6,31,5,303,274105.44752475247,159866.04,329248.9266066456,2100000.0,-0.757076902554498,0.1553718976212834,2,8,1,0,1,-5.4569682106375694e-11,0,-0.0408774052172107,87.5,MEDIUM,0,Transaction narration pattern is rarely seen; Bank reference is missing,MEDIUM_ANOMALY
btx_912c1abcb8d9,bac_c4599022,2026-07-31,2026-07-31,500000.0,0.0,500000.0,1436601.75,TO TRANSFER-INB OWN A/C 5347--,SELF,0521343223,,-500000.0,1,0,4,31,7,303,274105.44752475247,159866.04,329248.9266066456,2100000.0,0.6860904750803463,3.127618598671738,3,120,37,1,0,0.0,0,-0.0410386826938679,87.42514970059881,MEDIUM,0,Appears to be a transfer between own accounts,OWN_ACCOUNT_TRANSFER
btx_4b2354e87a80,bac_c4599022,2025-12-20,2025-12-20,500000.0,0.0,500000.0,876370.74,TO TRANSFER-INB OWN A/C 5347--,SELF,2573030439,,-500000.0,1,0,5,20,12,303,274105.44752475247,159866.04,329248.9266066456,2100000.0,0.6860904750803463,3.127618598671738,1,120,37,1,0,0.0,0,-0.0418409363075071,87.3502994011976,MEDIUM,0,Appears to be a transfer between own accounts,OWN_ACCOUNT_TRANSFER
btx_ddaf892df5cf,bac_4934eb4d,2025-11-30,2025-11-30,0.0,200000.0,200000.0,-4110333.26,BY LOAN DISBURSEMENT WC0452363741,,WC0452363741,,200000.0,0,1,6,30,11,139,534153.6267625899,102298.73,831171.1727670145,3072000.0,-0.4020274495928126,1.9550584841082583,4,404,1,1,0,0.0,0,-0.0418646685765833,87.27544910179641,MEDIUM,0,Transaction narration pattern is rarely seen,MEDIUM_ANOMALY
btx_59bcb4168ad4,bac_c4599022,2026-02-06,2026-02-06,0.0,120945.84,120945.84,1354967.76,BY CLEARING-333150-MALHOTRA FURNIS,MALHOTRA FURNISHINGS,,333150.0,120945.84,0,1,4,6,2,303,274105.44752475247,159866.04,329248.9266066456,2100000.0,-0.4651787603478889,0.7565449172319524,1,39,1,0,1,8.731149137020111e-11,0,-0.0420772470649852,87.2005988023952,MEDIUM,0,Transaction narration pattern is rarely seen; Bank reference is missing,MEDIUM_ANOMALY
btx_8d89fb3133f1,bac_c4599022,2026-05-19,2026-05-19,0.0,232121.7,232121.7,1709403.53,BY CLEARING-055638-MalhotraFurnishi,MALHOTRA FURNISHINGS,,55638.0,232121.7,0,1,1,19,5,303,274105.44752475247,159866.04,329248.9266066456,2100000.0,-0.1275136959669136,1.4519762921506032,1,39,1,0,1,-5.820766091346741e-11,0,-0.0424419682395059,87.12574850299401,MEDIUM,0,Transaction narration pattern is rarely seen; Bank reference is missing,MEDIUM_ANOMALY
btx_8be91f814bed,bac_c4599022,2026-09-07,2026-09-07,400000.0,0.0,400000.0,1032454.21,TO TRANSFER-INB OWN A/C 5347--,SELF,2214289140,,-400000.0,1,0,0,7,9,303,274105.44752475247,159866.04,329248.9266066456,2100000.0,0.38236890784356,2.50209487893739,2,120,37,1,0,0.0,0,-0.0425247836461092,87.05089820359282,MEDIUM,0,Appears to be a transfer between own accounts,OWN_ACCOUNT_TRANSFER
btx_e44202e6f53f,bac_eb0ff218,2026-01-23,2026-01-23,0.0,650000.0,650000.0,1339777.32,RTGS CR-SBIN0022561-A/C XXXXXXX2004-SBINR26012308942683,,SBINR26012308942683,,650000.0,0,1,4,23,1,631,116974.839207607,38044.38,203932.55657779044,2196000.0,2.6137325483342804,17.08530931506835,1,404,1,1,0,1.1641532182693479e-10,0,-0.042529307664596,86.97604790419162,MEDIUM,0,Amount is unusually high for this account; Transaction narration pattern is rarely seen,MEDIUM_ANOMALY
btx_dad7b4ecd486,bac_eb0ff218,2026-02-17,2026-02-17,771477.59,0.0,771477.59,1225215.56,GST PMT-CPIN 26023605148278-2026-01,GSTN,26023605148278,,-771477.59,1,0,1,17,2,631,116974.839207607,38044.38,203932.55657779044,2196000.0,3.209407863931386,20.27835885352843,5,11,1,1,0,1.1641532182693479e-10,0,-0.0427081174151291,86.90119760479041,MEDIUM,0,Amount is extremely unusual for this account; Elevated transaction activity for this account on the same day; Transaction narration pattern is rarely seen,MEDIUM_ANOMALY
btx_d7d435b4e293,bac_c4599022,2026-09-05,2026-09-05,0.0,101704.15,101704.15,1432454.21,BY CLEARING-554076-SAGAR TEXTILES,SAGAR TEXTILES,,554076.0,101704.15,0,1,5,5,9,303,274105.44752475247,159866.04,329248.9266066456,2100000.0,-0.5236199227787329,0.6361835822042003,1,8,1,0,1,-8.731149137020111e-11,0,-0.0427425503336399,86.82634730538922,MEDIUM,0,Transaction narration pattern is rarely seen; Bank reference is missing,MEDIUM_ANOMALY
btx_68ff01d1a8d7,bac_4934eb4d,2025-11-30,2025-11-30,118.0,0.0,118.0,-4386451.26,TO ACCT MAINT CHRGS NOV25,,,,-118.0,1,0,6,30,11,139,534153.6267625899,102298.73,831171.1727670145,3072000.0,-0.6425098033474332,0.0011534845056238,4,404,2,0,0,0.0,0,-0.0427434973816733,86.75149700598801,MEDIUM,0,Bank reference is missing,MEDIUM_ANOMALY
btx_32658961e3df,bac_eb0ff218,2026-03-22,2026-03-22,45137.4,0.0,45137.4,1602483.22,CHQ PAID-MICR CTS-482165-Janata Caterers,,,482165.0,-45137.4,1,0,6,22,3,631,116974.839207607,38044.38,203932.55657779044,2196000.0,-0.3522607690165668,1.186440677966102,2,404,1,0,1,-1.382431946694851e-10,0,-0.0429150982964064,86.67664670658682,MEDIUM,0,Transaction narration pattern is rarely seen; Bank reference is missing,MEDIUM_ANOMALY
btx_e297d39ac6f8,bac_c4599022,2026-06-06,2026-06-06,0.0,184512.9,184512.9,1414145.71,BY TRANSFER-NEFT*BARB0505350*SBINN51501823910*MALHOTRA FURNISHING--,MALHOTRA FURNISHINGS,SBINN51501823910,,184512.9,0,1,5,6,6,303,274105.44752475247,159866.04,329248.9266066456,2100000.0,-0.2721118894695407,1.154171955469717,2,39,2,1,0,-184512.9,1,-0.0429379357294947,86.60179640718563,MEDIUM,0,Running balance does not match expected transaction change,MEDIUM_ANOMALY
btx_43a53ee74483,bac_4934eb4d,2025-11-15,2025-11-15,0.0,600000.0,600000.0,-3700738.68,BY LOAN DISBURSEMENT WC7020180043,,WC7020180043,,600000.0,0,1,5,15,11,139,534153.6267625899,102298.73,831171.1727670145,3072000.0,0.0792211946165119,5.865175452324775,2,404,1,1,0,-4.656612873077393e-10,0,-0.0429769620415778,86.52694610778443,MEDIUM,0,Transaction narration pattern is rarely seen,MEDIUM_ANOMALY
btx_2ac2bf9a9f9c,bac_eb0ff218,2026-05-14,2026-05-14,58033.8,0.0,58033.8,2263407.34,"NEFT DR-HDFC0412283-rao and associates charter-NETBANK, MUM-MONTHLY ACCOUNTING-HDFCN2",RAO AND ASSOCIATES C,HDFCN26051470246103,,-58033.8,1,0,3,14,5,631,116974.839207607,38044.38,203932.55657779044,2196000.0,-0.2890222149748994,1.5254237288135597,6,11,2,1,0,58033.8,1,-0.0431510024430736,86.45209580838323,MEDIUM,0,Running balance does not match expected transaction change; Elevated transaction activity for this account on the same day,MEDIUM_ANOMALY
btx_b800bf7e20a6,bac_c4599022,2026-01-18,2026-01-18,0.0,149303.04,149303.04,1536053.71,BY CLEARING-806628-EVEREST HOSPITALS,EVEREST HOSPITALS,,806628.0,149303.04,0,1,6,18,1,303,274105.44752475247,159866.04,329248.9266066456,2100000.0,-0.379051828083419,0.9339259294844608,2,13,1,0,1,2.9103830456733704e-11,0,-0.0435862618330309,86.37724550898204,MEDIUM,0,Transaction narration pattern is rarely seen; Bank reference is missing,MEDIUM_ANOMALY
btx_390216f98697,bac_eb0ff218,2026-01-20,2026-01-20,841034.67,0.0,841034.67,750953.24,GST PMT-CPIN 26013651197114-2025-12,GSTN,26013651197114,,-841034.67,1,0,1,20,1,631,116974.839207607,38044.38,203932.55657779044,2196000.0,3.5504867047366178,22.106673048686822,3,11,1,1,0,1.1641532182693479e-10,0,-0.0437915009924527,86.30239520958084,MEDIUM,0,Amount is extremely unusual for this account; Transaction narration pattern is rarely seen,MEDIUM_ANOMALY
btx_b9bf1af296de,bac_eb0ff218,2026-01-29,2026-01-29,0.0,550000.0,550000.0,1580966.18,FT - CR - 50200004352004 - OWN A/C TRF,SELF,1973431712,,550000.0,0,1,3,29,1,631,116974.839207607,38044.38,203932.55657779044,2196000.0,2.1233743550270985,14.45680018967322,3,120,2,1,0,-1.1641532182693479e-10,0,-0.0438244728785548,86.22754491017965,MEDIUM,0,Appears to be a transfer between own accounts; Amount is unusually high for this account,OWN_ACCOUNT_TRANSFER
btx_488f2c4f0bbe,bac_5bed52aa,2026-01-13,2026-01-13,0.0,568294.41,568294.41,6912137.01,BY TRANSFER/RTGS/SBINR22122242054/Sunrise Hotels,SUNRISE HOTELS,SBINR22122242054,,568294.41,0,1,1,13,1,126,193510.78952380957,69980.845,248130.59903300003,1297326.04,1.5104288706704256,8.12071374674027,2,32,2,1,0,1.1641532182693479e-10,0,-0.0440412003047664,86.15269461077844,MEDIUM,0,Transaction is unusual compared with learned transaction patterns,MEDIUM_ANOMALY
btx_ca9844e5ea49,bac_c4599022,2026-04-27,2026-04-27,0.0,142139.5,142139.5,802999.26,BY CLEARING-140389-SHREE GANESH GRAN,SHREE GANESH GRANITE,,140389.0,142139.5,0,1,0,27,4,303,274105.44752475247,159866.04,329248.9266066456,2100000.0,-0.4008090440410531,0.889116287611803,1,14,1,0,1,0.0,0,-0.0442810147466723,86.07784431137725,MEDIUM,0,Transaction narration pattern is rarely seen; Bank reference is missing,MEDIUM_ANOMALY
btx_24dca7097832,bac_eb0ff218,2025-11-28,2025-11-28,26631.42,0.0,26631.42,863731.39,CHQ PAID-MICR CTS-173434-BHAGYA FACILITY SERVICES,,,173434.0,-26631.42,1,0,4,28,11,631,116974.839207607,38044.38,203932.55657779044,2196000.0,-0.4430063581983552,0.700009304922304,2,404,1,0,1,-4.365574568510056e-11,0,-0.0446229780461941,86.00299401197606,MEDIUM,0,Transaction narration pattern is rarely seen; Bank reference is missing,MEDIUM_ANOMALY
btx_43c32d9a7d35,bac_c4599022,2026-09-20,2026-09-20,0.0,111145.69,111145.69,1997469.26,BY TRANSFER-IMPS/P2A/SBINI29446100342/EVEREST HOSPITALS--,EVEREST HOSPITALS,SBINI29446100342,,111145.69,0,1,6,20,9,303,274105.44752475247,159866.04,329248.9266066456,2100000.0,-0.4949439295194449,0.6952426544124067,3,13,2,1,0,-111145.69,1,-0.044915243788808,85.92814371257485,MEDIUM,0,Running balance does not match expected transaction change,MEDIUM_ANOMALY
btx_f71c9028dbb7,bac_c4599022,2026-04-03,2026-04-03,430000.0,0.0,430000.0,660688.55,TO TRANSFER-INB OWN A/C 5347--,SELF,2231852139,,-430000.0,1,0,4,3,4,303,274105.44752475247,159866.04,329248.9266066456,2100000.0,0.4734853780145959,2.6897519948576947,1,120,37,1,0,0.0,0,-0.0449726900508372,85.85329341317365,MEDIUM,0,Appears to be a transfer between own accounts,OWN_ACCOUNT_TRANSFER
btx_4c798e0d3547,bac_c4599022,2026-01-27,2026-01-27,0.0,95992.0,95992.0,756792.76,BY CLEARING-934173-Swastik Motors,SWASTIK MOTORS,,934173.0,95992.0,0,1,1,27,1,303,274105.44752475247,159866.04,329248.9266066456,2100000.0,-0.540968954281649,0.6004527290473949,1,11,1,0,1,0.0,0,-0.0450559343701264,85.77844311377245,MEDIUM,0,Transaction narration pattern is rarely seen; Bank reference is missing,MEDIUM_ANOMALY
btx_e1c1147b5499,bac_c4599022,2026-03-15,2026-03-15,950000.0,0.0,950000.0,692527.34,TO TRANSFER-RTGS UTR NO: SBINR26031552995765--A/C 5347,,SBINR26031552995765,,-950000.0,1,0,6,15,3,303,274105.44752475247,159866.04,329248.9266066456,2100000.0,2.052837527645885,5.942475337476302,1,404,1,1,0,-1.1641532182693479e-10,0,-0.0457501538588493,85.70359281437125,MEDIUM,0,Amount is unusually high for this account; Transaction narration pattern is rarely seen,MEDIUM_ANOMALY
btx_d9a1b814acd1,bac_c4599022,2026-04-30,2026-04-30,1000.0,0.0,1000.0,900582.27,TO TRANSFER-INB OWN A/C 5347--,SELF,1581320314,,-1000.0,1,0,3,30,4,303,274105.44752475247,159866.04,329248.9266066456,2100000.0,-0.8294801454312171,0.0062552371973434,5,120,37,1,0,0.0,0,-0.0457885913574606,85.62874251497006,MEDIUM,0,Appears to be a transfer between own accounts; Elevated transaction activity for this account on the same day,OWN_ACCOUNT_TRANSFER
btx_79388dd72e6c,bac_5bed52aa,2026-05-31,2026-05-31,295.0,0.0,295.0,16041518.59,CHGS/AMC/MAY26,,,,-295.0,1,0,6,31,5,126,193510.78952380957,69980.845,248130.59903300003,1297326.04,-0.7786858625127201,0.0042154392391232,3,404,2,0,0,0.0,0,-0.0461619325723333,85.55389221556887,MEDIUM,0,Bank reference is missing,MEDIUM_ANOMALY
btx_4a3f471543e9,bac_c4599022,2026-09-14,2026-09-14,450000.0,0.0,450000.0,3463506.04,TO TRANSFER-INB OWN A/C 5347--,SELF,0093714010,,-450000.0,1,0,0,14,9,303,274105.44752475247,159866.04,329248.9266066456,2100000.0,0.5342296914619532,2.814856738804564,2,120,37,1,0,0.0,0,-0.0464917015262843,85.47904191616766,MEDIUM,0,Appears to be a transfer between own accounts,OWN_ACCOUNT_TRANSFER
btx_b8f618503ccd,bac_eb0ff218,2025-10-20,2025-10-20,0.0,650000.0,650000.0,1766978.88,RTGS CR-SBIN0022561-A/C XXXXXXX2004-SBINR25102021434354,,SBINR25102021434354,,650000.0,0,1,0,20,10,631,116974.839207607,38044.38,203932.55657779044,2196000.0,2.6137325483342804,17.08530931506835,2,404,1,1,0,0.0,0,-0.0465503535504305,85.40419161676647,MEDIUM,0,Amount is unusually high for this account; Transaction narration pattern is rarely seen,MEDIUM_ANOMALY
btx_508553b553ac,bac_4934eb4d,2025-11-30,2025-12-01,36068.85,0.0,36068.85,-4422520.11,TO INT DR OD 01-11-2025 TO 30-11-2025,,,,-36068.85,1,0,6,30,11,139,534153.6267625899,102298.73,831171.1727670145,3072000.0,-0.5992565587957512,0.3525835560226407,4,404,1,0,0,-5.602487362921238e-10,0,-0.0466401817492285,85.32934131736528,MEDIUM,0,Transaction narration pattern is rarely seen; Bank reference is missing,MEDIUM_ANOMALY
btx_c2af34563565,bac_4934eb4d,2026-01-19,2026-01-19,0.0,200000.0,200000.0,-4101176.18,BY TRANSFER-INB OWN A/C 2004--,SELF,3080817532,,200000.0,0,1,0,19,1,139,534153.6267625899,102298.73,831171.1727670145,3072000.0,-0.4020274495928126,1.9550584841082583,2,120,8,1,0,-4.656612873077393e-10,0,-0.0466633134557408,85.25449101796407,MEDIUM,0,Appears to be a transfer between own accounts,OWN_ACCOUNT_TRANSFER
btx_f5b0d53b0356,bac_4934eb4d,2026-01-15,2026-01-15,815000.0,0.0,815000.0,-4301176.18,TO TRANSFER-RTGS UTR NO: SBINR26011513051798--A/C 5347,,SBINR26011513051798,,-815000.0,1,0,3,15,1,139,534153.6267625899,102298.73,831171.1727670145,3072000.0,0.3378923408790238,7.966863322741153,2,404,1,1,0,4.656612873077393e-10,0,-0.0467421538027746,85.17964071856288,MEDIUM,0,Transaction narration pattern is rarely seen,MEDIUM_ANOMALY
btx_5e9ed50f7fb7,bac_eb0ff218,2026-07-20,2026-07-20,155812.52,0.0,155812.52,956757.39,CHQ PAID-MICR CTS-029213-Srinivasa Computer Systems,SRINIVASA COMPUTER S,,29213.0,-155812.52,1,0,0,20,7,631,116974.839207607,38044.38,203932.55657779044,2196000.0,0.1904437498559887,4.095546306708113,3,11,1,0,1,8.731149137020111e-11,0,-0.0473529982926553,85.10479041916167,MEDIUM,0,Transaction narration pattern is rarely seen; Bank reference is missing,MEDIUM_ANOMALY
btx_85977a9bf6da,bac_c4599022,2026-04-19,2026-04-19,1000000.0,0.0,1000000.0,789708.5,TO TRANSFER-RTGS UTR NO: SBINR26041910435011--A/C 5347,,SBINR26041910435011,,-1000000.0,1,0,6,19,4,303,274105.44752475247,159866.04,329248.9266066456,2100000.0,2.204698311264277,6.255237197343476,1,404,1,1,0,0.0,0,-0.0474387942167433,85.02994011976048,MEDIUM,0,Amount is unusually high for this account; Transaction narration pattern is rarely seen,MEDIUM_ANOMALY
btx_0120dab6a947,bac_4934eb4d,2026-02-10,2026-02-10,783000.0,0.0,783000.0,-4396642.65,TO TRANSFER-RTGS UTR NO: SBINR26021010058710--A/C 5347,,SBINR26021010058710,,-783000.0,1,0,1,10,2,139,534153.6267625899,102298.73,831171.1727670145,3072000.0,0.2993924493422779,7.654053965283831,2,404,1,1,0,-4.656612873077393e-10,0,-0.0474956126203777,84.95508982035929,MEDIUM,0,Transaction narration pattern is rarely seen,MEDIUM_ANOMALY
btx_e723a7504fe0,bac_4934eb4d,2026-01-02,2026-01-02,0.0,300000.0,300000.0,-4032168.68,BY LOAN DISBURSEMENT WC8605112704,,WC8605112704,,300000.0,0,1,4,2,1,139,534153.6267625899,102298.73,831171.1727670145,3072000.0,-0.2817152885404815,2.9325877261623874,3,404,1,1,0,-4.656612873077393e-10,0,-0.0482528143343735,84.88023952095809,MEDIUM,0,Transaction narration pattern is rarely seen,MEDIUM_ANOMALY
btx_ddb9e3ff82d9,bac_5bed52aa,2025-11-30,2025-11-30,295.0,0.0,295.0,2226848.01,CHGS/AMC/NOV25,,,,-295.0,1,0,6,30,11,126,193510.78952380957,69980.845,248130.59903300003,1297326.04,-0.7786858625127201,0.0042154392391232,2,404,1,0,0,0.0,0,-0.0483105969184585,84.80538922155688,MEDIUM,0,Transaction narration pattern is rarely seen; Bank reference is missing,MEDIUM_ANOMALY
btx_2c60b36e7467,bac_c4599022,2026-09-19,2026-09-19,0.0,80000.0,80000.0,1695666.35,BY CLEARING-938080-MALHOTRAFURNISHINGSL,MALHOTRA FURNISHINGS,,938080.0,80000.0,0,1,5,19,9,303,274105.44752475247,159866.04,329248.9266066456,2100000.0,-0.5895401073141558,0.5004189757874781,2,39,1,0,1,0.0,0,-0.0483925939246659,84.73053892215569,MEDIUM,0,Transaction narration pattern is rarely seen; Bank reference is missing,MEDIUM_ANOMALY
btx_bb5f568c08f6,bac_afe3ea72,2026-04-28,2026-04-28,0.0,114000.0,114000.0,3512484.51,TRF/OWN/5347,SELF,6357404434,,114000.0,0,1,1,28,4,137,532932.7678832117,374904.68,619248.6439248768,3072000.0,-0.676517860786844,0.3040772923933625,1,120,1,1,0,0.0,0,-0.0485977741563273,84.65568862275448,MEDIUM,0,Appears to be a transfer between own accounts; Transaction narration pattern is rarely seen,OWN_ACCOUNT_TRANSFER
btx_396e518bf0a1,bac_eb0ff218,2025-10-27,2025-10-27,101451.68,0.0,101451.68,1157422.16,CHQ PAID-MICR CTS-234982-BANERJEE WAREHOUSING,BANERJEE WAREHOUSING,,234982.0,-101451.68,1,0,0,27,10,631,116974.839207607,38044.38,203932.55657779044,2196000.0,-0.0761190830346191,2.6666666666666665,2,10,1,0,1,-1.7462298274040222e-10,0,-0.0487038517619479,84.58083832335329,MEDIUM,0,Transaction narration pattern is rarely seen; Bank reference is missing,MEDIUM_ANOMALY
btx_1d7d820a1d33,bac_afe3ea72,2025-12-31,2025-12-31,485092.85,0.0,485092.85,1859758.27,TRF/SALARY/CC-OPS-36 DEC25,,1970517012,,-485092.85,1,0,2,31,12,137,532932.7678832117,374904.68,619248.6439248768,3072000.0,-0.0772547802123493,1.2939098279594696,10,404,1,1,0,-1.1641532182693479e-10,0,-0.0487297998689494,84.5059880239521,MEDIUM,0,High transaction activity for this account on the same day; Transaction narration pattern is rarely seen,MEDIUM_ANOMALY
btx_a827b8085f1a,bac_c4599022,2026-06-22,2026-06-22,1000000.0,0.0,1000000.0,1417800.85,TO TRANSFER-INB OWN A/C 8504--,SELF,2120224145,,-1000000.0,1,0,0,22,6,303,274105.44752475247,159866.04,329248.9266066456,2100000.0,2.204698311264277,6.255237197343476,2,120,5,1,0,0.0,0,-0.0487722246051949,84.4311377245509,MEDIUM,0,Appears to be a transfer between own accounts; Amount is unusually high for this account,OWN_ACCOUNT_TRANSFER
btx_bbaf10173640,bac_eb0ff218,2026-08-31,2026-08-31,0.0,675000.0,675000.0,1368747.48,FT - CR - 50200005372004 - OWN A/C TRF,SELF,6541681003,,675000.0,0,1,0,31,8,631,116974.839207607,38044.38,203932.55657779044,2196000.0,2.736322096661076,17.742436596417132,3,120,1,1,0,0.0,0,-0.0488292890005247,84.3562874251497,MEDIUM,0,Appears to be a transfer between own accounts; Amount is unusually high for this account; Transaction narration pattern is rarely seen,OWN_ACCOUNT_TRANSFER
btx_39c4782372b4,bac_4934eb4d,2026-05-01,2026-05-01,0.0,500000.0,500000.0,-3900878.48,BY LOAN DISBURSEMENT WC6467847910,,WC6467847910,,500000.0,0,1,4,1,5,139,534153.6267625899,102298.73,831171.1727670145,3072000.0,-0.0410909664358192,4.8876462102706455,2,404,1,1,0,4.656612873077393e-10,0,-0.0488554501075449,84.28143712574851,MEDIUM,0,Transaction narration pattern is rarely seen,MEDIUM_ANOMALY
btx_26880044daf3,bac_eb0ff218,2026-05-26,2026-05-26,0.0,500000.0,500000.0,1588190.82,RTGS CR-SBIN0022561-A/C XXXXXXX2004-SBINR26052650473220,,SBINR26052650473220,,500000.0,0,1,1,26,5,631,116974.839207607,38044.38,203932.55657779044,2196000.0,1.8781952583735075,13.142545626975654,4,404,2,1,0,0.0,0,-0.0488776597757909,84.2065868263473,MEDIUM,0,Transaction is unusual compared with learned transaction patterns,MEDIUM_ANOMALY
btx_1aebb0b227dd,bac_eb0ff218,2026-07-08,2026-07-08,18050.46,0.0,18050.46,1618108.87,CHQ PAID-MICR CTS-225510-NAVARATNAMACHINERYMAI,,,225510.0,-18050.46,1,0,2,8,7,631,116974.839207607,38044.38,203932.55657779044,2196000.0,-0.4850837986227672,0.4744579882757979,4,404,1,0,1,3.637978807091713e-11,0,-0.0488821696159124,84.13173652694611,MEDIUM,0,Transaction narration pattern is rarely seen; Bank reference is missing,MEDIUM_ANOMALY
btx_a2e1b90ecd5a,bac_eb0ff218,2025-12-26,2025-12-26,0.0,650000.0,650000.0,1622366.03,FT - CR - 50200009112004 - OWN A/C TRF,SELF,2870250558,,650000.0,0,1,4,26,12,631,116974.839207607,38044.38,203932.55657779044,2196000.0,2.6137325483342804,17.08530931506835,1,120,1,1,0,0.0,0,-0.0489279727278154,84.05688622754491,MEDIUM,0,Appears to be a transfer between own accounts; Amount is unusually high for this account; Transaction narration pattern is rarely seen,OWN_ACCOUNT_TRANSFER
btx_8dd51c19b3fe,bac_4934eb4d,2026-02-01,2026-02-01,0.0,100000.0,100000.0,-4313642.65,BY LOAN DISBURSEMENT WC1249534401,,WC1249534401,,100000.0,0,1,6,1,2,139,534153.6267625899,102298.73,831171.1727670145,3072000.0,-0.5223396106451438,0.9775292420541292,1,404,1,1,0,0.0,0,-0.0494257948269474,83.98203592814372,MEDIUM,0,Transaction narration pattern is rarely seen,MEDIUM_ANOMALY
btx_dfb06024a874,bac_4934eb4d,2025-12-01,2025-12-01,0.0,100000.0,100000.0,-4322520.11,BY LOAN DISBURSEMENT WC0137205143,,WC0137205143,,100000.0,0,1,0,1,12,139,534153.6267625899,102298.73,831171.1727670145,3072000.0,-0.5223396106451438,0.9775292420541292,1,404,1,1,0,0.0,0,-0.0494569513140249,83.90718562874252,MEDIUM,0,Transaction narration pattern is rarely seen,MEDIUM_ANOMALY
btx_c2a5bdb9d775,bac_eb0ff218,2025-11-03,2025-11-03,0.0,600000.0,600000.0,1427217.48,FT - CR - 50200001068504 - OWN A/C TRF,SELF,7814552013,,600000.0,0,1,0,3,11,631,116974.839207607,38044.38,203932.55657779044,2196000.0,2.368553451680689,15.771054752370786,2,120,1,1,0,0.0,0,-0.0497287852366978,83.8323353293413,MEDIUM,0,Appears to be a transfer between own accounts; Amount is unusually high for this account; Transaction narration pattern is rarely seen,OWN_ACCOUNT_TRANSFER
btx_92c6f6692a7c,bac_eb0ff218,2025-12-13,2025-12-13,39994.42,0.0,39994.42,1116386.02,CHQ PAID-MICR CTS-144651-MEHTA SOLAR ENERGY,MEHTA SOLAR ENERGY,,144651.0,-39994.42,1,0,5,13,12,631,116974.839207607,38044.38,203932.55657779044,2196000.0,-0.3774797928267165,1.051256979348855,3,4,1,0,1,7.275957614183426e-11,0,-0.0497994974242218,83.75748502994011,MEDIUM,0,Transaction narration pattern is rarely seen; Bank reference is missing,MEDIUM_ANOMALY
btx_d44babed5bfa,bac_eb0ff218,2026-02-09,2026-02-09,58391.12,0.0,58391.12,1180643.15,CHQ PAID-MICR CTS-204383-NAVARATNA MACHINERY MAINTENA,NAVARATNA MACHINERY ,,204383.0,-58391.12,1,0,0,9,2,631,116974.839207607,38044.38,203932.55657779044,2196000.0,-0.2872700670785741,1.5348159176204217,2,10,1,0,1,-1.0913936421275139e-10,0,-0.0498337696295251,83.68263473053892,MEDIUM,0,Transaction narration pattern is rarely seen; Bank reference is missing,MEDIUM_ANOMALY
btx_f8039bad7628,bac_c4599022,2026-03-26,2026-03-26,0.0,149289.62,149289.62,2510116.1,BY CLEARING-574304-DHANLAXMI STEEL,DHANLAXMI STEEL TRAD,,574304.0,149289.62,0,1,3,26,3,303,274105.44752475247,159866.04,329248.9266066456,2100000.0,-0.3790925875177422,0.9338419842012724,4,7,1,0,1,1.1641532182693479e-10,0,-0.0500009890430168,83.60778443113772,MEDIUM,0,Transaction narration pattern is rarely seen; Bank reference is missing,MEDIUM_ANOMALY
btx_0d5a4b4aa352,bac_4934eb4d,2025-12-06,2025-12-06,0.0,200000.0,200000.0,-4122520.11,BY LOAN DISBURSEMENT WC6270230432,,WC6270230432,,200000.0,0,1,5,6,12,139,534153.6267625899,102298.73,831171.1727670145,3072000.0,-0.4020274495928126,1.9550584841082583,2,404,1,1,0,4.656612873077393e-10,0,-0.0501906305303792,83.53293413173652,MEDIUM,0,Transaction narration pattern is rarely seen,MEDIUM_ANOMALY
btx_28b6dafc1f51,bac_eb0ff218,2026-07-07,2026-07-07,0.0,729000.0,729000.0,1772138.29,FT - CR - 50200005102004 - OWN A/C TRF,SELF,8051055123,,729000.0,0,1,1,7,7,631,116974.839207607,38044.38,203932.55657779044,2196000.0,3.001115521046954,19.161831524130505,4,120,1,1,0,0.0,0,-0.0501974056988909,83.45808383233533,MEDIUM,0,Appears to be a transfer between own accounts; Amount is extremely unusual for this account; Transaction narration pattern is rarely seen,OWN_ACCOUNT_TRANSFER
btx_1e0a98bcfde5,bac_eb0ff218,2026-06-01,2026-06-01,5.9,0.0,5.9,1503701.14,CHRG: IMPS OUTWARD-265111523302,,265111523302,,-5.9,1,0,0,1,6,631,116974.839207607,38044.38,203932.55657779044,2196000.0,-0.5735667770289977,0.0001550820383983,5,404,2,1,0,5.9,1,-0.0503059386398215,83.38323353293413,MEDIUM,0,Running balance does not match expected transaction change; Elevated transaction activity for this account on the same day,MEDIUM_ANOMALY
btx_91d7e88848d6,bac_eb0ff218,2025-11-30,2025-11-30,11525.85,0.0,11525.85,1541208.89,UPI-Skyline Travels-skylinetr@oksbi-SBIN0064050-233559032094-CLIENT VISIT TRAVE,SKYLINE TRAVELS,233559032094,,-11525.85,1,0,6,30,11,631,116974.839207607,38044.38,203932.55657779044,2196000.0,-0.517077758339107,0.3029580190293547,5,18,2,1,0,11525.85,1,-0.050373923898943,83.30838323353294,MEDIUM,0,Running balance does not match expected transaction change; Elevated transaction activity for this account on the same day,MEDIUM_ANOMALY
btx_4d431880f048,bac_eb0ff218,2026-04-23,2026-04-23,93969.28,0.0,93969.28,1567015.05,"NEFT DR-UTIB0051527-Deccan Print Media-NETBANK, MUM-MARKETING CAMPAIGN-HDFCN260423881",DECCAN PRINT MEDIA,HDFCN26042388163202,,-93969.28,1,0,3,23,4,631,116974.839207607,38044.38,203932.55657779044,2196000.0,-0.1128096444906356,2.4699910998681016,3,8,2,1,0,93969.28,1,-0.0504208809631904,83.23353293413174,MEDIUM,0,Running balance does not match expected transaction change,MEDIUM_ANOMALY
btx_cde2d57f4287,bac_eb0ff218,2026-01-31,2026-01-31,22161.3,0.0,22161.3,1333503.21,CHQ PAID-MICR CTS-461211-BHARAT TRANSPORT SERVICES,BHARAT TRANSPORT SER,,461211.0,-22161.3,1,0,5,31,1,631,116974.839207607,38044.38,203932.55657779044,2196000.0,-0.4649259578690182,0.5825117928061911,2,24,1,0,1,-4.729372449219227e-11,0,-0.050434631734374,83.15868263473054,MEDIUM,0,Transaction narration pattern is rarely seen; Bank reference is missing,MEDIUM_ANOMALY
btx_1c5d13fdb393,bac_4934eb4d,2025-11-16,2025-11-16,0.0,200000.0,200000.0,-4146738.68,BY LOAN DISBURSEMENT WC6281721816,,WC6281721816,,200000.0,0,1,6,16,11,139,534153.6267625899,102298.73,831171.1727670145,3072000.0,-0.4020274495928126,1.9550584841082583,1,404,1,1,0,-4.656612873077393e-10,0,-0.0507130949683486,83.08383233532935,MEDIUM,0,Transaction narration pattern is rarely seen,MEDIUM_ANOMALY
btx_c58dd392b2fe,bac_5bed52aa,2025-11-28,2025-11-28,0.0,608055.95,608055.95,1752640.23,BY TRANSFER/RTGS/SBINR98912505823/SUNRISE HOTELS LTD,SUNRISE HOTELS,SBINR98912505823,,608055.95,0,1,4,28,11,126,193510.78952380957,69980.845,248130.59903300003,1297326.04,1.6706732748469209,8.688891224448632,1,32,1,1,0,0.0,0,-0.0509006459903232,83.00898203592814,MEDIUM,0,Transaction narration pattern is rarely seen,MEDIUM_ANOMALY
btx_4c9f413be488,bac_c4599022,2025-10-26,2025-10-26,200000.0,0.0,200000.0,2086212.74,TO TRANSFER-INB OWN A/C 5347--,SELF,0202351272,,-200000.0,1,0,6,26,10,303,274105.44752475247,159866.04,329248.9266066456,2100000.0,-0.2250742266300124,1.251047439468695,1,120,37,1,0,-2.3283064365386963e-10,0,-0.0509455734299024,82.93413173652695,MEDIUM,0,Appears to be a transfer between own accounts,OWN_ACCOUNT_TRANSFER
btx_82598669c08e,bac_eb0ff218,2026-03-02,2026-03-02,0.0,650000.0,650000.0,1695406.0,FT - CR - 50200004522004 - OWN A/C TRF,SELF,3564332730,,650000.0,0,1,0,2,3,631,116974.839207607,38044.38,203932.55657779044,2196000.0,2.6137325483342804,17.08530931506835,3,120,1,1,0,0.0,0,-0.0509473167127724,82.85928143712576,MEDIUM,0,Appears to be a transfer between own accounts; Amount is unusually high for this account; Transaction narration pattern is rarely seen,OWN_ACCOUNT_TRANSFER
btx_cb250d9c2944,bac_c4599022,2026-07-02,2026-07-02,0.0,171912.87,171912.87,1197031.91,BY CLEARING-771754-M/S Ganga Poultry F,GANGA POULTRY FEEDS,,771754.0,171912.87,0,1,3,2,7,303,274105.44752475247,159866.04,329248.9266066456,2100000.0,-0.3103808980578459,1.0753557791260733,1,22,1,0,1,-1.1641532182693479e-10,0,-0.0509542798892745,82.78443113772454,MEDIUM,0,Transaction narration pattern is rarely seen; Bank reference is missing,MEDIUM_ANOMALY
btx_7b88557b2d57,bac_4934eb4d,2025-12-31,2025-12-31,17.7,0.0,17.7,-4293497.41,TO SMS CHRGS DEC25,,,,-17.7,1,0,2,31,12,139,534153.6267625899,102298.73,831171.1727670145,3072000.0,-0.6426304764449687,0.0001730226758435,3,404,2,0,0,-1.8626522546583144e-10,0,-0.0509965423883821,82.70958083832335,MEDIUM,0,Bank reference is missing,MEDIUM_ANOMALY
btx_58453bfc4039,bac_c4599022,2026-08-28,2026-08-28,0.0,255885.78,255885.78,1009684.49,BY CLEARING-113759-everest hospitals,EVEREST HOSPITALS,,113759.0,255885.78,0,1,4,28,8,303,274105.44752475247,159866.04,329248.9266066456,2100000.0,-0.0553370597515099,1.6006262493272492,1,13,1,0,1,2.9103830456733704e-11,0,-0.0510008657033341,82.63473053892216,MEDIUM,0,Transaction narration pattern is rarely seen; Bank reference is missing,MEDIUM_ANOMALY
btx_d6e09cf843f3,bac_eb0ff218,2025-11-30,2025-11-30,0.0,424000.0,424000.0,1276734.74,FT - CR - 50200009622004 - OWN A/C TRF,SELF,3230087521,,424000.0,0,1,6,30,11,631,116974.839207607,38044.38,203932.55657779044,2196000.0,1.505523031460049,11.144878691675355,5,120,1,1,0,0.0,0,-0.051008231406243,82.55988023952095,MEDIUM,0,Appears to be a transfer between own accounts; Elevated transaction activity for this account on the same day; Transaction narration pattern is rarely seen,OWN_ACCOUNT_TRANSFER
btx_955dccb7c76e,bac_eb0ff218,2026-02-24,2026-02-24,0.0,600000.0,600000.0,1262073.82,RTGS CR-SBIN0022561-A/C XXXXXXX2004-SBINR26022442509436,,SBINR26022442509436,,600000.0,0,1,1,24,2,631,116974.839207607,38044.38,203932.55657779044,2196000.0,2.368553451680689,15.771054752370786,1,404,1,1,0,1.1641532182693479e-10,0,-0.0510141396264692,82.48502994011976,MEDIUM,0,Amount is unusually high for this account; Transaction narration pattern is rarely seen,MEDIUM_ANOMALY
btx_be4301fa60ff,bac_4934eb4d,2025-12-31,2025-12-31,118.0,0.0,118.0,-4293479.71,TO ACCT MAINT CHRGS DEC25,,,,-118.0,1,0,2,31,12,139,534153.6267625899,102298.73,831171.1727670145,3072000.0,-0.6425098033474332,0.0011534845056238,3,404,2,0,0,0.0,0,-0.0518675986160634,82.41017964071857,MEDIUM,0,Bank reference is missing,MEDIUM_ANOMALY
btx_7b9605ba51b4,bac_eb0ff218,2025-12-09,2025-12-09,14855.4,0.0,14855.4,1815809.93,CHQ PAID-MICR CTS-537118-BHARAT TRANSPORT SER,BHARAT TRANSPORT SER,,537118.0,-14855.4,1,0,1,9,12,631,116974.839207607,38044.38,203932.55657779044,2196000.0,-0.5007510371138477,0.3904755446139482,3,24,1,0,1,-1.4006218407303095e-10,0,-0.0519242503243053,82.33532934131736,MEDIUM,0,Transaction narration pattern is rarely seen; Bank reference is missing,MEDIUM_ANOMALY
btx_e277ef1e3ffd,bac_4934eb4d,2026-08-31,2026-08-31,118.0,0.0,118.0,-4321883.09,TO ACCT MAINT CHRGS AUG26,,,,-118.0,1,0,0,31,8,139,534153.6267625899,102298.73,831171.1727670145,3072000.0,-0.6425098033474332,0.0011534845056238,4,404,2,0,0,0.0,0,-0.0519597972914482,82.26047904191617,MEDIUM,0,Bank reference is missing,MEDIUM_ANOMALY
btx_f13cd559943b,bac_eb0ff218,2026-05-01,2026-05-01,0.0,401000.0,401000.0,1378937.41,FT - CR - 50200004308504 - OWN A/C TRF,SELF,0385279006,,401000.0,0,1,4,1,5,631,116974.839207607,38044.38,203932.55657779044,2196000.0,1.3927406469993973,10.540321592834475,4,120,2,1,0,-1.1641532182693479e-10,0,-0.0521658658451082,82.18562874251496,MEDIUM,0,Appears to be a transfer between own accounts,OWN_ACCOUNT_TRANSFER
btx_f0e88039fa22,bac_eb0ff218,2026-07-21,2026-07-21,0.0,800000.0,800000.0,1552619.89,FT - CR - 50200008252004 - OWN A/C TRF,SELF,7895016574,,800000.0,0,1,1,21,7,631,116974.839207607,38044.38,203932.55657779044,2196000.0,3.349269838295053,21.028073003161047,3,120,1,1,0,-1.1641532182693479e-10,0,-0.0522525636106976,82.11077844311377,MEDIUM,0,Appears to be a transfer between own accounts; Amount is extremely unusual for this account; Transaction narration pattern is rarely seen,OWN_ACCOUNT_TRANSFER
btx_e7605245a1d9,bac_5bed52aa,2026-01-31,2026-01-31,295.0,0.0,295.0,7544301.65,CHGS/AMC/JAN26,,,,-295.0,1,0,5,31,1,126,193510.78952380957,69980.845,248130.59903300003,1297326.04,-0.7786858625127201,0.0042154392391232,1,404,1,0,0,0.0,0,-0.0523738893455173,82.03592814371258,MEDIUM,0,Transaction narration pattern is rarely seen; Bank reference is missing,MEDIUM_ANOMALY
btx_ba21ace8cd16,bac_c4599022,2025-11-09,2025-11-09,89000.0,0.0,89000.0,660620.4,TO TRANSFER-INB OWN A/C 5347--,SELF,5237068144,,-89000.0,1,0,6,9,11,303,274105.44752475247,159866.04,329248.9266066456,2100000.0,-0.5622051662628451,0.5567161105635693,2,120,37,1,0,0.0,0,-0.0524681575544653,81.96107784431138,MEDIUM,0,Appears to be a transfer between own accounts,OWN_ACCOUNT_TRANSFER
btx_3734d672fc5e,bac_4934eb4d,2026-03-01,2026-03-01,0.0,100000.0,100000.0,-4301821.76,BY LOAN DISBURSEMENT WC6132493641,,WC6132493641,,100000.0,0,1,6,1,3,139,534153.6267625899,102298.73,831171.1727670145,3072000.0,-0.5223396106451438,0.9775292420541292,1,404,1,1,0,0.0,0,-0.052483616071113,81.88622754491018,MEDIUM,0,Transaction narration pattern is rarely seen,MEDIUM_ANOMALY
btx_2d075225aab2,bac_eb0ff218,2025-11-23,2025-11-23,0.0,500000.0,500000.0,1396313.86,RTGS CR-SBIN0022561-A/C XXXXXXX2004-SBINR25112333233419,,SBINR25112333233419,,500000.0,0,1,6,23,11,631,116974.839207607,38044.38,203932.55657779044,2196000.0,1.8781952583735075,13.142545626975654,2,404,1,1,0,1.1641532182693479e-10,0,-0.0527645411935782,81.811377245509,MEDIUM,0,Transaction narration pattern is rarely seen,MEDIUM_ANOMALY
btx_1a18502ee8a1,bac_eb0ff218,2026-06-23,2026-06-23,0.0,500000.0,500000.0,1352016.52,RTGS CR-SBIN0022561-A/C XXXXXXX2004-SBINR26062354746661,,SBINR26062354746661,,500000.0,0,1,1,23,6,631,116974.839207607,38044.38,203932.55657779044,2196000.0,1.8781952583735075,13.142545626975654,3,404,2,1,0,0.0,0,-0.0528947722326487,81.73652694610777,MEDIUM,0,Transaction is unusual compared with learned transaction patterns,MEDIUM_ANOMALY
btx_383203e6afcc,bac_c4599022,2026-07-29,2026-07-29,0.0,186914.97,186914.97,1936601.75,BY CLEARING-044060-GANGA POULTRY F,GANGA POULTRY FEEDS,,44060.0,186914.97,0,1,2,29,7,303,274105.44752475247,159866.04,329248.9266066456,2100000.0,-0.264816284819416,1.1691974730843395,1,22,1,0,1,-2.9103830456733704e-11,0,-0.0533917579606044,81.66167664670658,MEDIUM,0,Transaction narration pattern is rarely seen; Bank reference is missing,MEDIUM_ANOMALY
btx_7857ba127eaf,bac_4934eb4d,2026-01-31,2026-01-31,118.0,0.0,118.0,-4375294.18,TO ACCT MAINT CHRGS JAN26,,,,-118.0,1,0,5,31,1,139,534153.6267625899,102298.73,831171.1727670145,3072000.0,-0.6425098033474332,0.0011534845056238,2,404,2,0,0,0.0,0,-0.0534732785261383,81.58682634730539,MEDIUM,0,Bank reference is missing,MEDIUM_ANOMALY
btx_5c1d38a2aba2,bac_c4599022,2026-04-22,2026-04-22,0.0,180000.0,180000.0,969708.5,BY CLEARING-454535-MALHOTRA FURNISHINGS LTD,MALHOTRA FURNISHINGS,,454535.0,180000.0,0,1,2,22,4,303,274105.44752475247,159866.04,329248.9266066456,2100000.0,-0.2858185400773697,1.1259426955218257,2,39,1,0,1,0.0,0,-0.0542469137577331,81.51197604790418,MEDIUM,0,Transaction narration pattern is rarely seen; Bank reference is missing,MEDIUM_ANOMALY
btx_977e9906372d,bac_4934eb4d,2025-12-31,2026-01-01,38671.27,0.0,38671.27,-4332168.68,TO INT DR OD 01-12-2025 TO 31-12-2025,,,,-38671.27,1,0,2,31,12,139,534153.6267625899,102298.73,831171.1727670145,3072000.0,-0.5961255310540932,0.3780229725237058,3,404,1,0,0,4.4383341446518903e-10,0,-0.0544736782028046,81.437125748503,MEDIUM,0,Transaction narration pattern is rarely seen; Bank reference is missing,MEDIUM_ANOMALY
btx_d04b7e0adc4d,bac_5bed52aa,2026-08-31,2026-08-31,295.0,0.0,295.0,20102911.8,CHGS/AMC/AUG26,,,,-295.0,1,0,0,31,8,126,193510.78952380957,69980.845,248130.59903300003,1297326.04,-0.7786858625127201,0.0042154392391232,1,404,1,0,0,0.0,0,-0.0548400257247557,81.3622754491018,MEDIUM,0,Transaction narration pattern is rarely seen; Bank reference is missing,MEDIUM_ANOMALY
btx_b9ad832bcaf4,bac_4934eb4d,2026-08-31,2026-08-31,0.0,300000.0,300000.0,-4096765.09,BY LOAN DISBURSEMENT WC2350500155,,WC2350500155,,300000.0,0,1,0,31,8,139,534153.6267625899,102298.73,831171.1727670145,3072000.0,-0.2817152885404815,2.9325877261623874,4,404,1,1,0,0.0,0,-0.0550586674695229,81.2874251497006,MEDIUM,0,Transaction narration pattern is rarely seen,MEDIUM_ANOMALY
btx_bf0688ace724,bac_4934eb4d,2026-08-31,2026-09-01,36858.63,0.0,36858.63,-4358741.72,TO INT DR OD 01-08-2026 TO 31-08-2026,,,,-36858.63,1,0,0,31,8,139,534153.6267625899,102298.73,831171.1727670145,3072000.0,-0.5983063574101921,0.3603038864705358,4,404,1,0,0,1.0913936421275139e-10,0,-0.055088265707309,81.2125748502994,MEDIUM,0,Transaction narration pattern is rarely seen; Bank reference is missing,MEDIUM_ANOMALY
btx_03c1157d76d5,bac_c4599022,2026-04-15,2026-04-15,0.0,12213.0,12213.0,1373236.17,BY TRANSFER-NEFT*PUNB0000451*SBINN01604235155*PRABHAT PLASTICS--,,SBINN01604235155,,12213.0,0,1,2,15,4,303,274105.44752475247,159866.04,329248.9266066456,2100000.0,-0.7954238460969562,0.0763952118911558,2,404,2,1,0,-12213.0,1,-0.0551493918686217,81.1377245508982,MEDIUM,0,Running balance does not match expected transaction change,MEDIUM_ANOMALY
btx_9da6ef09e278,bac_afe3ea72,2026-05-22,2026-05-22,2360.0,0.0,2360.0,395180.51,ADJ DR/086869677,,086869677,,-2360.0,1,0,4,22,5,137,532932.7678832117,374904.68,619248.6439248768,3072000.0,-0.8568008555018771,0.0062949334214766,1,404,1,1,0,0.0,0,-0.0551942130284012,81.062874251497,MEDIUM,0,Transaction narration pattern is rarely seen,MEDIUM_ANOMALY
btx_5fbb281d0d55,bac_eb0ff218,2025-10-22,2025-10-22,108759.54,0.0,108759.54,1405449.93,CHQ PAID-MICR CTS-543643-SAMBHAV INDUSTRIAL SPARE,SAMBHAV INDUSTRIAL S,,543643.0,-108759.54,1,0,2,22,10,631,116974.839207607,38044.38,203932.55657779044,2196000.0,-0.0402843927692008,2.8587544336377677,3,8,1,0,1,-4.365574568510056e-11,0,-0.0553804992528511,80.98802395209582,MEDIUM,0,Transaction narration pattern is rarely seen; Bank reference is missing,MEDIUM_ANOMALY
btx_9db2e7e142f0,bac_c4599022,2026-08-15,2026-08-15,1000000.0,0.0,1000000.0,797754.53,TO TRANSFER-RTGS UTR NO: SBINR26081572663583--A/C 5347,,SBINR26081572663583,,-1000000.0,1,0,5,15,8,303,274105.44752475247,159866.04,329248.9266066456,2100000.0,2.204698311264277,6.255237197343476,2,404,1,1,0,0.0,0,-0.0556505163951758,80.91317365269461,MEDIUM,0,Amount is unusually high for this account; Transaction narration pattern is rarely seen,MEDIUM_ANOMALY
btx_618a3079bf7b,bac_5bed52aa,2025-10-31,2025-10-31,295.0,0.0,295.0,626782.66,CHGS/AMC/OCT25,,,,-295.0,1,0,4,31,10,126,193510.78952380957,69980.845,248130.59903300003,1297326.04,-0.7786858625127201,0.0042154392391232,1,404,1,0,0,0.0,0,-0.0564615504517688,80.83832335329342,MEDIUM,0,Transaction narration pattern is rarely seen; Bank reference is missing,MEDIUM_ANOMALY
btx_c087c13a205a,bac_5bed52aa,2026-02-28,2026-02-28,295.0,0.0,295.0,10147871.87,CHGS/AMC/FEB26,,,,-295.0,1,0,5,28,2,126,193510.78952380957,69980.845,248130.59903300003,1297326.04,-0.7786858625127201,0.0042154392391232,1,404,1,0,0,0.0,0,-0.0566180596003352,80.76347305389223,MEDIUM,0,Transaction narration pattern is rarely seen; Bank reference is missing,MEDIUM_ANOMALY
btx_86eaafa35d0c,bac_5bed52aa,2025-12-31,2025-12-31,17.7,0.0,17.7,5551666.4,SMS CHGS/DEC25,,,,-17.7,1,0,2,31,12,126,193510.78952380957,69980.845,248130.59903300003,1297326.04,-0.7798034191586181,0.0002529263543473,2,404,1,0,0,7.450573491496471e-10,0,-0.056641103036647,80.688622754491,MEDIUM,0,Transaction narration pattern is rarely seen; Bank reference is missing,MEDIUM_ANOMALY
btx_0da961540ec5,bac_4934eb4d,2025-10-06,2025-10-06,0.0,200000.0,200000.0,-1896159.42,BY TRANSFER- RTGS UTR NO: SBINR25100650591913--A/C 2004,,SBINR25100650591913,,200000.0,0,1,0,6,10,139,534153.6267625899,102298.73,831171.1727670145,3072000.0,-0.4020274495928126,1.9550584841082583,1,404,1,1,0,0.0,0,-0.0570241393970328,80.61377245508982,MEDIUM,0,Transaction narration pattern is rarely seen,MEDIUM_ANOMALY
btx_615ec82b5155,bac_c4599022,2026-08-06,2026-08-06,350000.0,0.0,350000.0,1217445.86,TO TRANSFER-INB OWN A/C 5347--,SELF,1153821347,,-350000.0,1,0,3,6,8,303,274105.44752475247,159866.04,329248.9266066456,2100000.0,0.2305081242251669,2.1893330190702165,1,120,37,1,0,0.0,0,-0.057079615219845,80.53892215568862,MEDIUM,0,Appears to be a transfer between own accounts,OWN_ACCOUNT_TRANSFER
btx_48be812bba6f,bac_eb0ff218,2026-06-01,2026-06-01,0.0,500000.0,500000.0,1640726.94,FT - CR - 50200004102004 - OWN A/C TRF,SELF,5038315142,,500000.0,0,1,0,1,6,631,116974.839207607,38044.38,203932.55657779044,2196000.0,1.8781952583735075,13.142545626975654,5,120,1,1,0,0.0,0,-0.0571885240442041,80.46407185628742,MEDIUM,0,Appears to be a transfer between own accounts; Elevated transaction activity for this account on the same day; Transaction narration pattern is rarely seen,OWN_ACCOUNT_TRANSFER
btx_ae60d935372b,bac_4934eb4d,2026-01-31,2026-02-01,38348.47,0.0,38348.47,-4413642.65,TO INT DR OD 01-01-2026 TO 31-01-2026,,,,-38348.47,1,0,5,31,1,139,534153.6267625899,102298.73,831171.1727670145,3072000.0,-0.5965138987099701,0.3748675081303551,2,404,1,0,0,-6.693881005048752e-10,0,-0.0571994280693791,80.38922155688623,MEDIUM,0,Transaction narration pattern is rarely seen; Bank reference is missing,MEDIUM_ANOMALY
btx_67c4fe2c55c0,bac_eb0ff218,2026-03-08,2026-03-08,0.0,500000.0,500000.0,1445437.38,RTGS CR-SBIN0022561-A/C XXXXXXX2004-SBINR26030865203904,,SBINR26030865203904,,500000.0,0,1,6,8,3,631,116974.839207607,38044.38,203932.55657779044,2196000.0,1.8781952583735075,13.142545626975654,4,404,1,1,0,-1.1641532182693479e-10,0,-0.0573485685486631,80.31437125748504,MEDIUM,0,Transaction narration pattern is rarely seen,MEDIUM_ANOMALY
btx_806a13c1b605,bac_c4599022,2026-08-21,2026-08-21,982000.0,0.0,982000.0,660735.04,TO TRANSFER-RTGS UTR NO: SBINR26082152315066--A/C 5347,,SBINR26082152315066,,-982000.0,1,0,4,21,8,303,274105.44752475247,159866.04,329248.9266066456,2100000.0,2.150028429161656,6.142642927791293,2,404,2,1,0,0.0,0,-0.0575966017168249,80.23952095808383,MEDIUM,0,Amount is unusually high for this account,MEDIUM_ANOMALY
btx_9254af7da742,bac_4934eb4d,2026-03-31,2026-03-31,17.7,0.0,17.7,-4377745.17,TO SMS CHRGS MAR26,,,,-17.7,1,0,1,31,3,139,534153.6267625899,102298.73,831171.1727670145,3072000.0,-0.6426304764449687,0.0001730226758435,3,404,2,0,0,-1.8626522546583144e-10,0,-0.057607373423306,80.16467065868264,MEDIUM,0,Bank reference is missing,MEDIUM_ANOMALY
btx_689f795c6343,bac_afe3ea72,2026-06-30,2026-06-30,344284.64,0.0,344284.64,282129.14,TRF/SALARY/CC-CSV-36 JUN26,,3891015099,,-344284.64,1,0,1,30,6,137,532932.7678832117,374904.68,619248.6439248768,3072000.0,-0.304640356880777,0.918325799507224,11,404,1,1,0,0.0,0,-0.0577406714498333,80.08982035928143,MEDIUM,0,High transaction activity for this account on the same day; Transaction narration pattern is rarely seen,MEDIUM_ANOMALY
btx_83ba7b09893a,bac_eb0ff218,2026-08-27,2026-08-27,101451.68,0.0,101451.68,991491.78,CHQ PAID-MICR CTS-354240-Banerjee Warehousing,BANERJEE WAREHOUSING,,354240.0,-101451.68,1,0,3,27,8,631,116974.839207607,38044.38,203932.55657779044,2196000.0,-0.0761190830346191,2.6666666666666665,1,10,1,0,1,5.820766091346741e-11,0,-0.0579109797435913,80.01497005988024,MEDIUM,0,Transaction narration pattern is rarely seen; Bank reference is missing,MEDIUM_ANOMALY
btx_e00a5ec54b76,bac_c4599022,2026-05-08,2026-05-08,937000.0,0.0,937000.0,660450.2,TO TRANSFER- INB OWN A/C 5347--,SELF,1862102940,,-937000.0,1,0,4,8,5,303,274105.44752475247,159866.04,329248.9266066456,2100000.0,2.013353723905102,5.861157253910837,2,120,2,1,0,0.0,0,-0.0580625759057705,79.94011976047905,LOW,0,Appears to be a transfer between own accounts; Amount is unusually high for this account,OWN_ACCOUNT_TRANSFER
btx_2ce3ecec0aec,bac_c4599022,2026-07-27,2026-07-27,0.0,942225.28,942225.28,1749686.78,BY TRANSFER-RTGS UTR NO: SBINR68207305845--MALHOTRA FURNISH,MALHOTRA FURNISHINGS,SBINR68207305845,,942225.28,0,1,0,27,7,303,274105.44752475247,159866.04,329248.9266066456,2100000.0,2.0292240262136128,5.893842619733372,5,39,1,1,0,0.0,0,-0.0582514159952854,79.86526946107784,LOW,0,Amount is unusually high for this account; Elevated transaction activity for this account on the same day; Transaction narration pattern is rarely seen,NORMAL
btx_303138016ecc,bac_eb0ff218,2026-02-04,2026-02-04,0.0,600000.0,600000.0,1693460.96,FT - CR - 50200009422004 - OWN A/C TRF,SELF,5938601090,,600000.0,0,1,2,4,2,631,116974.839207607,38044.38,203932.55657779044,2196000.0,2.368553451680689,15.771054752370786,4,120,1,1,0,0.0,0,-0.058403023652466,79.79041916167665,LOW,0,Appears to be a transfer between own accounts; Amount is unusually high for this account; Transaction narration pattern is rarely seen,OWN_ACCOUNT_TRANSFER
btx_588b7611ed69,bac_c4599022,2026-06-07,2026-06-07,754000.0,0.0,754000.0,660145.71,TO TRANSFER-RTGS UTR NO: SBINR26060725913379--A/C 5347,,SBINR26060725913379,,-754000.0,1,0,6,7,6,303,274105.44752475247,159866.04,329248.9266066456,2100000.0,1.4575432558617831,4.716448846796981,2,404,1,1,0,0.0,0,-0.0584864634436871,79.71556886227546,LOW,0,Transaction narration pattern is rarely seen,NORMAL
btx_a09f09c18403,bac_4934eb4d,2026-05-31,2026-05-31,118.0,0.0,118.0,-4391996.48,TO ACCT MAINT CHRGS MAY26,,,,-118.0,1,0,6,31,5,139,534153.6267625899,102298.73,831171.1727670145,3072000.0,-0.6425098033474332,0.0011534845056238,2,404,2,0,0,0.0,0,-0.0586019750661436,79.64071856287424,LOW,0,Bank reference is missing,NORMAL
btx_8215249f1be3,bac_4934eb4d,2026-02-28,2026-02-28,118.0,0.0,118.0,-4366760.65,TO ACCT MAINT CHRGS FEB26,,,,-118.0,1,0,5,28,2,139,534153.6267625899,102298.73,831171.1727670145,3072000.0,-0.6425098033474332,0.0011534845056238,2,404,2,0,0,0.0,0,-0.0586277872137632,79.56586826347305,LOW,0,Bank reference is missing,NORMAL
btx_d49ff69b2746,bac_4934eb4d,2026-03-31,2026-03-31,118.0,0.0,118.0,-4377727.47,TO ACCT MAINT CHRGS MAR26,,,,-118.0,1,0,1,31,3,139,534153.6267625899,102298.73,831171.1727670145,3072000.0,-0.6425098033474332,0.0011534845056238,3,404,2,0,0,0.0,0,-0.0586637115415412,79.49101796407186,LOW,0,Bank reference is missing,NORMAL
btx_c670414edaf5,bac_4934eb4d,2026-06-30,2026-06-30,17.7,0.0,17.7,-4284887.68,TO SMS CHRGS JUN26,,,,-17.7,1,0,1,30,6,139,534153.6267625899,102298.73,831171.1727670145,3072000.0,-0.6426304764449687,0.0001730226758435,4,404,2,0,0,7.450573491496471e-10,0,-0.058664403492215,79.41616766467065,LOW,0,Bank reference is missing,NORMAL
btx_be71faff1e4d,bac_5bed52aa,2025-12-31,2025-12-31,295.0,0.0,295.0,5551684.1,CHGS/AMC/DEC25,,,,-295.0,1,0,2,31,12,126,193510.78952380957,69980.845,248130.59903300003,1297326.04,-0.7786858625127201,0.0042154392391232,2,404,1,0,0,0.0,0,-0.0587616447405292,79.34131736526946,LOW,0,Transaction narration pattern is rarely seen; Bank reference is missing,NORMAL
btx_be673ba24355,bac_eb0ff218,2026-03-21,2026-03-21,0.0,650000.0,650000.0,1659411.0,RTGS CR-SBIN0022561-A/C XXXXXXX2004-SBINR26032126251050,,SBINR26032126251050,,650000.0,0,1,5,21,3,631,116974.839207607,38044.38,203932.55657779044,2196000.0,2.6137325483342804,17.08530931506835,3,404,1,1,0,0.0,0,-0.0589043958158554,79.26646706586826,LOW,0,Amount is unusually high for this account; Transaction narration pattern is rarely seen,NORMAL
btx_0d5cf48ecb35,bac_c4599022,2026-03-28,2026-03-28,50000.0,0.0,50000.0,710116.1,TO TRANSFER-INB OWN A/C 5347--,SELF,4825422221,,-50000.0,1,0,5,28,3,303,274105.44752475247,159866.04,329248.9266066456,2100000.0,-0.6806565774851917,0.3127618598671737,1,120,37,1,0,0.0,0,-0.0591229047417782,79.19161676646706,LOW,0,Appears to be a transfer between own accounts,OWN_ACCOUNT_TRANSFER
btx_f911ca3d603d,bac_c4599022,2026-06-29,2026-06-29,54000.0,0.0,54000.0,660539.04,TO TRANSFER-INB OWN A/C 5347--,SELF,0352945981,,-54000.0,1,0,0,29,6,303,274105.44752475247,159866.04,329248.9266066456,2100000.0,-0.6685077147957204,0.3377828086565477,1,120,37,1,0,0.0,0,-0.059338243388942,79.11676646706587,LOW,0,Appears to be a transfer between own accounts,OWN_ACCOUNT_TRANSFER
btx_40771e67981f,bac_4934eb4d,2025-11-15,2025-11-15,646000.0,0.0,646000.0,-4346738.68,TO TRANSFER-RTGS UTR NO: SBINR25111564063505--A/C 5347,,SBINR25111564063505,,-646000.0,1,0,5,15,11,139,534153.6267625899,102298.73,831171.1727670145,3072000.0,0.1345647887005842,6.314838903669674,2,404,1,1,0,4.656612873077393e-10,0,-0.0594799627428009,79.04191616766467,LOW,0,Transaction narration pattern is rarely seen,NORMAL
btx_6da106c682a1,bac_eb0ff218,2026-07-29,2026-07-29,26631.42,0.0,26631.42,826877.47,CHQ PAID-MICR CTS-254018-BHAGYA FACILITY SERVICE,BHAGYA FACILITY SERV,,254018.0,-26631.42,1,0,2,29,7,631,116974.839207607,38044.38,203932.55657779044,2196000.0,-0.4430063581983552,0.700009304922304,1,18,1,0,1,-4.365574568510056e-11,0,-0.0595459098166606,78.96706586826348,LOW,0,Transaction narration pattern is rarely seen; Bank reference is missing,NORMAL
btx_b6ea65a08a71,bac_c4599022,2026-05-14,2026-05-14,403000.0,0.0,403000.0,660915.39,TO TRANSFER-INB OWN A/C 5347--,SELF,3665441115,,-403000.0,1,0,3,14,5,303,274105.44752475247,159866.04,329248.9266066456,2100000.0,0.3914805548606636,2.520860590529421,1,120,37,1,0,1.1641532182693479e-10,0,-0.0595649590923911,78.89221556886228,LOW,0,Appears to be a transfer between own accounts,OWN_ACCOUNT_TRANSFER
btx_5d2bac0b3f9a,bac_c4599022,2025-11-30,2025-11-30,177.0,0.0,177.0,660402.83,TO ACCT MAINT CHRGS NOV25,,,,-177.0,1,0,6,30,11,303,274105.44752475247,159866.04,329248.9266066456,2100000.0,-0.8319797739295758,0.0011071769839297,2,404,2,0,0,0.0,0,-0.0596559112622059,78.81736526946108,LOW,0,Bank reference is missing,NORMAL
btx_bff91a9d500b,bac_c4599022,2026-01-31,2026-01-31,177.0,0.0,177.0,1136864.98,TO ACCT MAINT CHRGS JAN26,,,,-177.0,1,0,5,31,1,303,274105.44752475247,159866.04,329248.9266066456,2100000.0,-0.8319797739295758,0.0011071769839297,1,404,2,0,0,0.0,0,-0.0596588168006556,78.74251497005989,LOW,0,Bank reference is missing,NORMAL
btx_e9979c388039,bac_eb0ff218,2025-11-21,2025-11-21,44385.7,0.0,44385.7,1112195.09,CHQ PAID-MICR CTS-151122-supremeeducationalsocie,SUPREME EDUCATIONAL ,,151122.0,-44385.7,1,0,4,21,11,631,116974.839207607,38044.38,203932.55657779044,2196000.0,-0.3559467915556569,1.1666821748705063,3,16,1,0,1,4.365574568510056e-11,0,-0.0597546149547172,78.6676646706587,LOW,0,Transaction narration pattern is rarely seen; Bank reference is missing,NORMAL
btx_a20b5d8122b1,bac_4934eb4d,2026-06-30,2026-06-30,118.0,0.0,118.0,-4284869.98,TO ACCT MAINT CHRGS JUN26,,,,-118.0,1,0,1,30,6,139,534153.6267625899,102298.73,831171.1727670145,3072000.0,-0.6425098033474332,0.0011534845056238,4,404,2,0,0,0.0,0,-0.0598738548514833,78.59281437125748,LOW,0,Bank reference is missing,NORMAL
btx_8b8b4661417a,bac_5bed52aa,2026-02-19,2026-02-19,0.0,502825.18,502825.18,9632017.16,BY TRANSFER/NEFT/SBINN95974149005/SUNRISE HOTELS,SUNRISE HOTELS,SBINN95974149005,,502825.18,0,1,3,19,2,126,193510.78952380957,69980.845,248130.59903300003,1297326.04,1.2465789857503764,7.185183031156597,2,32,2,1,0,-2.9103830456733704e-10,0,-0.0599401955846182,78.51796407185628,LOW,0,Transaction is unusual compared with learned transaction patterns,NORMAL
btx_80765093cc08,bac_4934eb4d,2026-05-14,2026-05-14,0.0,600000.0,600000.0,-3714878.48,BY LOAN DISBURSEMENT WC2458850408,,WC2458850408,,600000.0,0,1,3,14,5,139,534153.6267625899,102298.73,831171.1727670145,3072000.0,0.0792211946165119,5.865175452324775,2,404,1,1,0,4.656612873077393e-10,0,-0.0599651707089496,78.44311377245509,LOW,0,Transaction narration pattern is rarely seen,NORMAL
btx_39febc8de4a2,bac_eb0ff218,2026-01-02,2026-01-02,0.0,301000.0,301000.0,1420807.75,FT - CR - 50200004308504 - OWN A/C TRF,SELF,5732715896,,301000.0,0,1,4,2,1,631,116974.839207607,38044.38,203932.55657779044,2196000.0,0.9023824536922151,7.911812467439343,3,120,2,1,0,0.0,0,-0.0602580077394863,78.36826347305389,LOW,0,Appears to be a transfer between own accounts,OWN_ACCOUNT_TRANSFER
btx_f72681f14905,bac_c4599022,2025-12-27,2025-12-27,746000.0,0.0,746000.0,660829.5,TO TRANSFER-RTGS UTR NO: SBINR25122715017755--A/C 6220,,SBINR25122715017755,,-746000.0,1,0,5,27,12,303,274105.44752475247,159866.04,329248.9266066456,2100000.0,1.4332455304828404,4.666406949218232,2,404,1,1,0,0.0,0,-0.0603191059561353,78.2934131736527,LOW,0,Transaction narration pattern is rarely seen,NORMAL
btx_b14c8cb76f7c,bac_eb0ff218,2025-11-18,2025-11-18,727166.63,0.0,727166.63,1541306.05,GST PMT-CPIN 25113623590571-2025-10,GSTN,25113623590571,,-727166.63,1,0,1,18,11,631,116974.839207607,38044.38,203932.55657779044,2196000.0,2.9921254410383185,19.113641226378245,3,11,1,1,0,-1.1641532182693479e-10,0,-0.0608897160948326,78.21856287425149,LOW,0,Amount is unusually high for this account; Transaction narration pattern is rarely seen,NORMAL
btx_c5f195d70b57,bac_afe3ea72,2026-06-30,2026-06-30,549328.56,0.0,549328.56,2330522.79,TRF/SALARY/CC-SAL-36 JUN26,SALES,0025305230,,-549328.56,1,0,1,30,6,137,532932.7678832117,374904.68,619248.6439248768,3072000.0,0.0264769124286969,1.4652486066591648,11,11,1,1,0,0.0,0,-0.060943637542301,78.1437125748503,LOW,0,High transaction activity for this account on the same day; Transaction narration pattern is rarely seen,NORMAL
btx_5259212768c6,bac_4934eb4d,2026-03-27,2026-03-27,0.0,100000.0,100000.0,-4277609.47,BY LOAN DISBURSEMENT WC2303282649,,WC2303282649,,100000.0,0,1,4,27,3,139,534153.6267625899,102298.73,831171.1727670145,3072000.0,-0.5223396106451438,0.9775292420541292,6,404,1,1,0,0.0,0,-0.0611722594384571,78.0688622754491,LOW,0,Elevated transaction activity for this account on the same day; Transaction narration pattern is rarely seen,NORMAL
btx_c5d7c86d6218,bac_c4599022,2026-01-15,2026-01-15,235000.0,0.0,235000.0,660924.43,TO TRANSFER-INB OWN A/C 5347--,SELF,1138204150,,-235000.0,1,0,3,15,1,303,274105.44752475247,159866.04,329248.9266066456,2100000.0,-0.1187716780971372,1.4699807413757169,1,120,37,1,0,0.0,0,-0.0612768572703643,77.9940119760479,LOW,0,Appears to be a transfer between own accounts,OWN_ACCOUNT_TRANSFER
btx_55f1e2a10693,bac_5bed52aa,2026-02-15,2026-02-15,0.0,348975.97,348975.97,8746243.3,BY TRANSFER/NEFT/SBINN19759340215/Sunrise Hotels Ltd,,SBINN19759340215,,348975.97,0,1,6,15,2,126,193510.78952380957,69980.845,248130.59903300003,1297326.04,0.6265457830757681,4.986735584573178,1,404,1,1,0,6.984919309616089e-10,0,-0.0614067909795892,77.91916167664671,LOW,0,Transaction narration pattern is rarely seen,NORMAL
btx_1a7c5e1b846c,bac_eb0ff218,2025-10-22,2025-10-22,22092.0,0.0,22092.0,1383357.93,CHQ PAID-MICR CTS-020552-BHARATTRANSPORTSERVICESPV,BHARAT TRANSPORT SER,,20552.0,-22092.0,1,0,2,22,10,631,116974.839207607,38044.38,203932.55657779044,2196000.0,-0.4652657760969801,0.5806902359822923,3,24,1,0,1,0.0,0,-0.0617301298560369,77.84431137724552,LOW,0,Transaction narration pattern is rarely seen; Bank reference is missing,NORMAL
btx_cfc7e04cb0d9,bac_eb0ff218,2026-06-12,2026-06-12,95056.76,0.0,95056.76,1025080.6,CHQ PAID-MICR CTS-563005-Vasantha Garments,VASANTHA GARMENTS,,563005.0,-95056.76,1,0,4,12,6,631,116974.839207607,38044.38,203932.55657779044,2196000.0,-0.1074770972100587,2.4985756109049486,4,4,1,0,1,-1.3096723705530167e-10,0,-0.0618958073739571,77.76946107784431,LOW,0,Transaction narration pattern is rarely seen; Bank reference is missing,NORMAL
btx_6d8195a60571,bac_c4599022,2026-06-25,2026-06-25,0.0,85738.32,85738.32,1081918.51,BY CLEARING-417313-SHREE GANESH GRANITE,SHREE GANESH GRANITE,,417313.0,85738.32,0,1,3,25,6,303,274105.44752475247,159866.04,329248.9266066456,2100000.0,-0.5721115918770939,0.5363135285017381,1,14,1,0,1,5.820766091346741e-11,0,-0.0622317471011386,77.69461077844312,LOW,0,Transaction narration pattern is rarely seen; Bank reference is missing,NORMAL
btx_acd42ef39ef5,bac_c4599022,2025-12-14,2025-12-14,650000.0,0.0,650000.0,1166597.69,TO TRANSFER-RTGS UTR NO: SBINR25121400203396--A/C 5347,,SBINR25121400203396,,-650000.0,1,0,6,14,12,303,274105.44752475247,159866.04,329248.9266066456,2100000.0,1.1416728259355255,4.065904178273259,1,404,1,1,0,0.0,0,-0.0623968702735725,77.61976047904191,LOW,0,Transaction narration pattern is rarely seen,NORMAL
btx_51d8326f0a2b,bac_4934eb4d,2025-12-29,2025-12-29,0.0,100000.0,100000.0,-4293361.71,BY LOAN DISBURSEMENT WC2503438671,,WC2503438671,,100000.0,0,1,0,29,12,139,534153.6267625899,102298.73,831171.1727670145,3072000.0,-0.5223396106451438,0.9775292420541292,1,404,1,1,0,0.0,0,-0.0624263479785878,77.54491017964071,LOW,0,Transaction narration pattern is rarely seen,NORMAL
btx_1abe317191e6,bac_eb0ff218,2026-09-14,2026-09-14,0.0,450000.0,450000.0,1464837.58,FT - CR - 50200001402004 - OWN A/C TRF,SELF,0093714010,,450000.0,0,1,0,14,9,631,116974.839207607,38044.38,203932.55657779044,2196000.0,1.6330161617199164,11.828291064278089,7,120,1,1,0,1.1641532182693479e-10,0,-0.0624878529660818,77.47005988023952,LOW,0,Appears to be a transfer between own accounts; Elevated transaction activity for this account on the same day; Transaction narration pattern is rarely seen,OWN_ACCOUNT_TRANSFER
btx_7db5fb30392b,bac_afe3ea72,2025-12-31,2025-12-31,549328.56,0.0,549328.56,1040950.4,TRF/SALARY/CC-SAL-36 DEC25,SALES,7070858723,,-549328.56,1,0,2,31,12,137,532932.7678832117,374904.68,619248.6439248768,3072000.0,0.0264769124286969,1.4652486066591648,10,11,1,1,0,1.1641532182693479e-10,0,-0.0624993423917848,77.39520958083833,LOW,0,High transaction activity for this account on the same day; Transaction narration pattern is rarely seen,NORMAL
btx_48e3713c44d4,bac_4934eb4d,2026-05-31,2026-06-01,38598.68,0.0,38598.68,-4430595.16,TO INT DR OD 01-05-2026 TO 31-05-2026,,,,-38598.68,1,0,6,31,5,139,534153.6267625899,102298.73,831171.1727670145,3072000.0,-0.5962128656518011,0.3773133840468987,2,404,1,0,0,2.9831426218152046e-10,0,-0.0625156155332565,77.32035928143712,LOW,0,Transaction narration pattern is rarely seen; Bank reference is missing,NORMAL
btx_95c1b72d86b5,bac_4934eb4d,2025-09-30,2025-10-01,14860.69,0.0,14860.69,-2096159.42,TO INT DR OD 01- 09-2025 TO 30-09-2025,,,,-14860.69,1,0,1,30,9,139,534153.6267625899,102298.73,831171.1727670145,3072000.0,-0.6247725544111873,0.1452675903210137,1,404,1,0,0,5.6388671509921544e-11,0,-0.0627024727379608,77.24550898203593,LOW,0,Transaction narration pattern is rarely seen; Bank reference is missing,NORMAL
btx_5a2fe4181610,bac_4934eb4d,2026-03-31,2026-04-01,37620.41,0.0,37620.41,-4415365.58,TO INT DR OD 01-03-2026 TO 31-03-2026,,,,-37620.41,1,0,1,31,3,139,534153.6267625899,102298.73,831171.1727670145,3072000.0,-0.5973898434297277,0.3677505087306558,3,404,1,0,0,-1.4551915228366852e-10,0,-0.0627486874502942,77.17065868263472,LOW,0,Transaction narration pattern is rarely seen; Bank reference is missing,NORMAL
btx_6050160ca00d,bac_c4599022,2026-03-23,2026-03-23,700000.0,0.0,700000.0,1375795.21,TO TRANSFER-INB OWN A/C 8504--,SELF,3583425626,,-700000.0,1,0,0,23,3,303,274105.44752475247,159866.04,329248.9266066456,2100000.0,1.2935336095539187,4.378666038140433,4,120,5,1,0,0.0,0,-0.0631245001229643,77.09580838323353,LOW,0,Appears to be a transfer between own accounts,OWN_ACCOUNT_TRANSFER
btx_84fb385601d6,bac_5bed52aa,2026-03-31,2026-03-31,17.7,0.0,17.7,12918050.02,SMS CHGS/MAR26,,,,-17.7,1,0,1,31,3,126,193510.78952380957,69980.845,248130.59903300003,1297326.04,-0.7798034191586181,0.0002529263543473,2,404,1,0,0,-1.1175878000813102e-09,0,-0.0631840790241983,77.02095808383234,LOW,0,Transaction narration pattern is rarely seen; Bank reference is missing,NORMAL
btx_06343089e8fc,bac_eb0ff218,2025-11-30,2025-11-30,0.0,276000.0,276000.0,1552734.74,FT - CR - 50200003328504 - OWN A/C TRF,SELF,9404171036,,276000.0,0,1,6,30,11,631,116974.839207607,38044.38,203932.55657779044,2196000.0,0.7797929053654197,7.254685186090561,5,120,1,1,0,0.0,0,-0.0631968813408584,76.94610778443113,LOW,0,Appears to be a transfer between own accounts; Elevated transaction activity for this account on the same day; Transaction narration pattern is rarely seen,OWN_ACCOUNT_TRANSFER
btx_03a0c9e48ecf,bac_c4599022,2025-12-06,2025-12-06,643000.0,0.0,643000.0,660286.53,TO TRANSFER-RTGS UTR NO: SBINR25120664013040--A/C 5347,,SBINR25120664013040,,-643000.0,1,0,5,6,12,303,274105.44752475247,159866.04,329248.9266066456,2100000.0,1.1204123162289503,4.022117517891855,1,404,1,1,0,0.0,0,-0.0632493519006285,76.87125748502994,LOW,0,Transaction narration pattern is rarely seen,NORMAL
btx_fae4e90a8a71,bac_afe3ea72,2026-04-30,2026-04-30,549328.56,0.0,549328.56,397717.51,TRF/SALARY/CC-SAL-36 APR26,,4951528802,,-549328.56,1,0,3,30,4,137,532932.7678832117,374904.68,619248.6439248768,3072000.0,0.0264769124286969,1.4652486066591648,9,404,1,1,0,1.1641532182693479e-10,0,-0.0632554869907876,76.79640718562875,LOW,0,High transaction activity for this account on the same day; Transaction narration pattern is rarely seen,NORMAL
btx_c1f0e00c7e96,bac_afe3ea72,2025-11-28,2025-11-28,458953.6,0.0,458953.6,2178857.16,TRF/SALARY/CC-OPS-36 NOV25,,9134543217,,-458953.6,1,0,4,28,11,137,532932.7678832117,374904.68,619248.6439248768,3072000.0,-0.1194660151604408,1.2241874387911085,8,404,1,1,0,3.4924596548080444e-10,0,-0.0632878653204545,76.72155688622755,LOW,0,High transaction activity for this account on the same day; Transaction narration pattern is rarely seen,NORMAL
btx_74a8c88fb194,bac_4934eb4d,2026-02-10,2026-02-10,0.0,400000.0,400000.0,-3613642.65,BY LOAN DISBURSEMENT WC8413101493,,WC8413101493,,400000.0,0,1,1,10,2,139,534153.6267625899,102298.73,831171.1727670145,3072000.0,-0.1614031274881504,3.9101169682165167,2,404,1,1,0,0.0,0,-0.0633778219270134,76.64670658682635,LOW,0,Transaction narration pattern is rarely seen,NORMAL
btx_56cd16be839f,bac_4934eb4d,2026-06-30,2026-07-01,36335.01,0.0,36335.01,-4321222.69,TO INT DR OD 01-06-2026 TO 30-06-2026,,,,-36335.01,1,0,1,30,6,139,534153.6267625899,102298.73,831171.1727670145,3072000.0,-0.5989363359478943,0.355185347853292,4,404,1,0,0,-7.057678885757922e-10,0,-0.0634563767079277,76.57185628742515,LOW,0,Transaction narration pattern is rarely seen; Bank reference is missing,NORMAL
btx_2396dcc4112a,bac_c4599022,2026-08-27,2026-08-27,0.0,92809.51,92809.51,753798.71,BY CLEARING- 011043-DHANLAXMI STEEL TRADERS,DHANLAXMI STEEL TRAD,,11043.0,92809.51,0,1,3,27,8,303,274105.44752475247,159866.04,329248.9266066456,2100000.0,-0.550634862786803,0.5805454992192213,2,7,1,0,1,1.4551915228366852e-11,0,-0.0634787273646597,76.49700598802394,LOW,0,Transaction narration pattern is rarely seen; Bank reference is missing,NORMAL
btx_b841dfeb80ac,bac_4934eb4d,2026-04-03,2026-04-03,0.0,200000.0,200000.0,-4115365.58,BY LOAN DISBURSEMENT WC1287803525,,WC1287803525,,200000.0,0,1,4,3,4,139,534153.6267625899,102298.73,831171.1727670145,3072000.0,-0.4020274495928126,1.9550584841082583,3,404,1,1,0,0.0,0,-0.063553816605528,76.38473053892216,LOW,0,Transaction narration pattern is rarely seen,NORMAL
btx_88a9edfa9403,bac_4934eb4d,2026-04-03,2026-04-03,0.0,200000.0,200000.0,-4185365.58,BY LOAN DISBURSEMENT WC5208532612,,WC5208532612,,200000.0,0,1,4,3,4,139,534153.6267625899,102298.73,831171.1727670145,3072000.0,-0.4020274495928126,1.9550584841082583,3,404,1,1,0,0.0,0,-0.063553816605528,76.38473053892216,LOW,0,Transaction narration pattern is rarely seen,NORMAL
btx_95b785cb7e81,bac_5bed52aa,2026-02-24,2026-02-24,0.0,315364.55,315364.55,10148166.87,BY TRANSFER/RTGS/SBINR31587008934/SUNRISEHOTELS,,SBINR31587008934,,315364.55,0,1,1,24,2,126,193510.78952380957,69980.845,248130.59903300003,1297326.04,0.491087197431803,4.506441012537073,1,404,1,1,0,-1.1059455573558807e-09,0,-0.0636180465834708,76.27245508982035,LOW,0,Transaction narration pattern is rarely seen,NORMAL
btx_2c043bcc911a,bac_4934eb4d,2026-04-30,2026-04-30,118.0,0.0,118.0,-4363651.98,TO ACCT MAINT CHRGS APR26,,,,-118.0,1,0,3,30,4,139,534153.6267625899,102298.73,831171.1727670145,3072000.0,-0.6425098033474332,0.0011534845056238,2,404,3,0,0,0.0,0,-0.0636542753787119,76.19760479041916,LOW,0,Bank reference is missing,NORMAL
btx_294350ee0c70,bac_4934eb4d,2026-09-28,2026-09-28,0.0,300000.0,300000.0,-1905354.12,BY TRANSFER-RTGS UTR NO: SBINR26092811066004--A/C 2004,,SBINR26092811066004,,300000.0,0,1,0,28,9,139,534153.6267625899,102298.73,831171.1727670145,3072000.0,-0.2817152885404815,2.9325877261623874,1,404,1,1,0,0.0,0,-0.0639250568586937,76.12275449101796,LOW,0,Transaction narration pattern is rarely seen,NORMAL
btx_5fc011621892,bac_eb0ff218,2026-04-01,2026-04-01,25303.92,0.0,25303.92,686284.71,"NEFT DR-KKBK0311215-Navaratna Machinery Ma-NETBANK, MUM-BILL PMT-HDFCN26040112752399",NAVARATNA MACHINERY ,HDFCN26040112752399,,-25303.92,1,0,2,1,4,631,116974.839207607,38044.38,203932.55657779044,2196000.0,-0.4495158632145081,0.6651158462826835,2,10,2,1,0,25303.92,1,-0.0642882649850979,76.04790419161677,LOW,0,Running balance does not match expected transaction change,NORMAL
btx_e0b0b0f2eb77,bac_5bed52aa,2026-01-24,2026-01-24,0.0,258093.21,258093.21,7354596.65,BY TRANSFER/RTGS/SBINR94749131730/Sunrise Hotels,,SBINR94749131730,,258093.21,0,1,5,24,1,126,193510.78952380957,69980.845,248130.59903300003,1297326.04,0.2602759221469551,3.68805506706871,1,404,1,1,0,-2.9103830456733704e-11,0,-0.0643255707428293,75.97305389221557,LOW,0,Transaction narration pattern is rarely seen,NORMAL
btx_fe9f6fd8af17,bac_4934eb4d,2026-06-01,2026-06-01,0.0,100000.0,100000.0,-4330595.16,BY LOAN DISBURSEMENT WC9348372095,,WC9348372095,,100000.0,0,1,0,1,6,139,534153.6267625899,102298.73,831171.1727670145,3072000.0,-0.5223396106451438,0.9775292420541292,1,404,1,1,0,0.0,0,-0.0644396747181009,75.89820359281437,LOW,0,Transaction narration pattern is rarely seen,NORMAL
btx_73308c9c6a95,bac_c4599022,2026-02-10,2026-02-10,767000.0,0.0,767000.0,660201.56,TO TRANSFER-RTGS UTR NO: SBINR26021088345749--A/C 5347,,SBINR26021088345749,,-767000.0,1,0,1,10,2,303,274105.44752475247,159866.04,329248.9266066456,2100000.0,1.4970270596025654,4.797766930362446,1,404,1,1,0,0.0,0,-0.0644462120766571,75.82335329341318,LOW,0,Transaction narration pattern is rarely seen,NORMAL
btx_7ecdee4795c4,bac_4934eb4d,2026-04-01,2026-04-01,0.0,100000.0,100000.0,-4315365.58,BY LOAN DISBURSEMENT WC3510234518,,WC3510234518,,100000.0,0,1,2,1,4,139,534153.6267625899,102298.73,831171.1727670145,3072000.0,-0.5223396106451438,0.9775292420541292,1,404,1,1,0,0.0,0,-0.0646715062568129,75.74850299401199,LOW,0,Transaction narration pattern is rarely seen,NORMAL
btx_60f0e3426e14,bac_4934eb4d,2025-12-11,2025-12-11,0.0,100000.0,100000.0,-4224663.41,BY LOAN DISBURSEMENT WC0967285141,,WC0967285141,,100000.0,0,1,3,11,12,139,534153.6267625899,102298.73,831171.1727670145,3072000.0,-0.5223396106451438,0.9775292420541292,1,404,1,1,0,0.0,0,-0.0649934866358212,75.67365269461078,LOW,0,Transaction narration pattern is rarely seen,NORMAL
btx_d4a4d90c8f90,bac_afe3ea72,2026-07-31,2026-07-31,514621.92,0.0,514621.92,265684.92,TRF/SALARY/CC-OPS-36 JUL26,,6242643815,,-514621.92,1,0,4,31,7,137,532932.7678832117,374904.68,619248.6439248768,3072000.0,-0.0295694598007599,1.3726740354374878,9,404,1,1,0,0.0,0,-0.0651292955960527,75.59880239520959,LOW,0,High transaction activity for this account on the same day; Transaction narration pattern is rarely seen,NORMAL
btx_4fc90c92ca67,bac_5bed52aa,2026-03-31,2026-03-31,295.0,0.0,295.0,12918067.72,CHGS/AMC/MAR26,,,,-295.0,1,0,1,31,3,126,193510.78952380957,69980.845,248130.59903300003,1297326.04,-0.7786858625127201,0.0042154392391232,2,404,1,0,0,0.0,0,-0.0653457769712158,75.52395209580838,LOW,0,Transaction narration pattern is rarely seen; Bank reference is missing,NORMAL
btx_4f58a09770e1,bac_eb0ff218,2026-05-14,2026-05-14,0.0,597000.0,597000.0,2356599.34,FT - CR - 50200007258504 - OWN A/C TRF,SELF,7258171999,,597000.0,0,1,3,14,5,631,116974.839207607,38044.38,203932.55657779044,2196000.0,2.353842705881474,15.69219947860893,6,120,1,1,0,-2.3283064365386963e-10,0,-0.0654065802006549,75.44910179640718,LOW,0,Appears to be a transfer between own accounts; Amount is unusually high for this account; Elevated transaction activity for this account on the same day; Transaction narration pattern is rarely seen,OWN_ACCOUNT_TRANSFER
btx_ca4b4c672076,bac_c4599022,2026-04-26,2026-04-26,551000.0,0.0,551000.0,660859.76,TO TRANSFER-INB OWN A/C 6220--,SELF,1450130909,,-551000.0,1,0,6,26,4,303,274105.44752475247,159866.04,329248.9266066456,2100000.0,0.8409884743711072,3.446635695736255,1,120,14,1,0,0.0,0,-0.0655175400322942,75.37425149700599,LOW,0,Appears to be a transfer between own accounts,OWN_ACCOUNT_TRANSFER
btx_c2cf360eda95,bac_afe3ea72,2026-06-30,2026-06-30,514621.92,0.0,514621.92,1001318.46,TRF/SALARY/CC-OPS-36 JUN26,OPERATIONS,5240771369,,-514621.92,1,0,1,30,6,137,532932.7678832117,374904.68,619248.6439248768,3072000.0,-0.0295694598007599,1.3726740354374878,11,9,1,1,0,5.820766091346741e-11,0,-0.065538728643535,75.2994011976048,LOW,0,High transaction activity for this account on the same day; Transaction narration pattern is rarely seen,NORMAL
btx_c6d12a67f0b5,bac_4934eb4d,2026-02-28,2026-03-01,35061.11,0.0,35061.11,-4401821.76,TO INT DR OD 01-02-2026 TO 28-02-2026,,,,-35061.11,1,0,5,28,2,139,534153.6267625899,102298.73,831171.1727670145,3072000.0,-0.60046899256754,0.3427326028387645,2,404,1,0,0,5.966285243630408e-10,0,-0.065608225290728,75.22455089820359,LOW,0,Transaction narration pattern is rarely seen; Bank reference is missing,NORMAL
btx_2739d46a89b6,bac_4934eb4d,2025-10-31,2025-10-31,118.0,0.0,118.0,-3470277.42,TO ACCT MAINT CHRGS OCT25,,,,-118.0,1,0,4,31,10,139,534153.6267625899,102298.73,831171.1727670145,3072000.0,-0.6425098033474332,0.0011534845056238,2,404,2,0,0,0.0,0,-0.0657919784453653,75.1497005988024,LOW,0,Bank reference is missing,NORMAL
btx_2ba0ca71c30a,bac_c4599022,2026-04-10,2026-04-10,200000.0,0.0,200000.0,947112.03,TO TRANSFER-INB OWN A/C 5347--,SELF,5404869181,,-200000.0,1,0,4,10,4,303,274105.44752475247,159866.04,329248.9266066456,2100000.0,-0.2250742266300124,1.251047439468695,2,120,37,1,0,0.0,0,-0.0659946356947458,75.07485029940119,LOW,0,Appears to be a transfer between own accounts,OWN_ACCOUNT_TRANSFER
btx_36e934b391c4,bac_afe3ea72,2026-03-31,2026-03-31,549328.56,0.0,549328.56,1806563.83,TRF/SALARY/CC- SAL-36 MAR26,SALES,7404224029,,-549328.56,1,0,1,31,3,137,532932.7678832117,374904.68,619248.6439248768,3072000.0,0.0264769124286969,1.4652486066591648,10,11,1,1,0,0.0,0,-0.0661298616978784,75.0,LOW,0,High transaction activity for this account on the same day; Transaction narration pattern is rarely seen,NORMAL
btx_e95442d243da,bac_c4599022,2026-02-28,2026-02-28,177.0,0.0,177.0,1214484.84,TO ACCT MAINT CHRGS FEB26,,,,-177.0,1,0,5,28,2,303,274105.44752475247,159866.04,329248.9266066456,2100000.0,-0.8319797739295758,0.0011071769839297,1,404,2,0,0,0.0,0,-0.0662713572426295,74.92514970059881,LOW,0,Bank reference is missing,NORMAL
btx_533bf19a0bd8,bac_c4599022,2026-08-31,2026-08-31,177.0,0.0,177.0,1026004.67,TO ACCT MAINT CHRGS AUG26,,,,-177.0,1,0,0,31,8,303,274105.44752475247,159866.04,329248.9266066456,2100000.0,-0.8319797739295758,0.0011071769839297,4,404,2,0,0,0.0,0,-0.066332425763393,74.8502994011976,LOW,0,Bank reference is missing,NORMAL
btx_c67572e801c5,bac_eb0ff218,2025-10-26,2025-10-26,0.0,200000.0,200000.0,1264025.72,FT - CR - 50200004352004 - OWN A/C TRF,SELF,0202351272,,200000.0,0,1,6,26,10,631,116974.839207607,38044.38,203932.55657779044,2196000.0,0.4071206784519612,5.257018250790262,1,120,2,1,0,0.0,0,-0.0663350286871234,74.77544910179641,LOW,0,Appears to be a transfer between own accounts,OWN_ACCOUNT_TRANSFER
btx_eac250419411,bac_5bed52aa,2026-04-30,2026-04-30,295.0,0.0,295.0,14002172.84,CHGS/AMC/APR26,,,,-295.0,1,0,3,30,4,126,193510.78952380957,69980.845,248130.59903300003,1297326.04,-0.7786858625127201,0.0042154392391232,1,404,1,0,0,0.0,0,-0.0664553474584181,74.7005988023952,LOW,0,Transaction narration pattern is rarely seen; Bank reference is missing,NORMAL
btx_255c73dbd5e9,bac_c4599022,2026-05-25,2026-05-25,920000.0,0.0,920000.0,660627.79,TO TRANSFER-RTGS UTR NO: SBINR26052594041200--A/C 6220,,SBINR26052594041200,,-920000.0,1,0,0,25,5,303,274105.44752475247,159866.04,329248.9266066456,2100000.0,1.9617210574748485,5.754818221555998,2,404,1,1,0,0.0,0,-0.0665029456950793,74.62574850299401,LOW,0,Transaction narration pattern is rarely seen,NORMAL
btx_5a3efdae3eb2,bac_5bed52aa,2026-06-30,2026-06-30,17.7,0.0,17.7,17733803.62,SMS CHGS/JUN26,,,,-17.7,1,0,1,30,6,126,193510.78952380957,69980.845,248130.59903300003,1297326.04,-0.7798034191586181,0.0002529263543473,2,404,1,0,0,7.450573491496471e-10,0,-0.0665629874347135,74.55089820359282,LOW,0,Transaction narration pattern is rarely seen; Bank reference is missing,NORMAL
btx_46f04ab6bbfd,bac_c4599022,2026-03-31,2026-03-31,17.7,0.0,17.7,960430.71,TO SMS CHRGS MAR26,,,,-17.7,1,0,1,31,3,303,274105.44752475247,159866.04,329248.9266066456,2100000.0,-0.8324636023861839,0.0001107176983929,5,404,2,0,0,-6.984990363889665e-11,0,-0.066570779802856,74.47604790419162,LOW,0,Elevated transaction activity for this account on the same day; Bank reference is missing,NORMAL
btx_881491080c32,bac_c4599022,2026-03-21,2026-03-21,0.0,1051253.25,1051253.25,1958574.01,BY TRANSFER-NEFT*BARB0795663*SBINN07420057130*Malhotra Furnishings L--,MALHOTRA FURNISHINGS,SBINN07420057130,,1051253.25,0,1,5,21,3,303,274105.44752475247,159866.04,329248.9266066456,2100000.0,2.3603654854240657,6.57583843322822,2,39,1,1,0,0.0,0,-0.0665733897354807,74.40119760479041,LOW,0,Amount is unusually high for this account; Transaction narration pattern is rarely seen,NORMAL
btx_58383a855faf,bac_4934eb4d,2026-01-02,2026-01-02,18007.5,0.0,18007.5,-4351176.18,TO TRANSFER- NEFT*HDFC0192081*SBINN26010227071125*M/S Bharat Transport Se--,BHARAT TRANSPORT SER,SBINN26010227071125,,-18007.5,1,0,4,2,1,139,534153.6267625899,102298.73,831171.1727670145,3072000.0,-0.6209865592959765,0.1760285782628973,3,24,1,1,0,0.0,0,-0.0666169447219431,74.32634730538922,LOW,0,Transaction narration pattern is rarely seen,NORMAL
btx_fc6fbd0f3f60,bac_c4599022,2025-12-31,2025-12-31,17.7,0.0,17.7,959216.51,TO SMS CHRGS DEC25,,,,-17.7,1,0,2,31,12,303,274105.44752475247,159866.04,329248.9266066456,2100000.0,-0.8324636023861839,0.0001107176983929,3,404,2,0,0,4.6565418188038166e-11,0,-0.0666433121116507,74.25149700598801,LOW,0,Bank reference is missing,NORMAL
btx_4c5dfd221cea,bac_eb0ff218,2026-08-26,2026-08-26,26631.42,0.0,26631.42,1281922.51,CHQ PAID-MICR CTS-579126-Bhagya Facility Service,BHAGYA FACILITY SERV,,579126.0,-26631.42,1,0,2,26,8,631,116974.839207607,38044.38,203932.55657779044,2196000.0,-0.4430063581983552,0.700009304922304,4,18,1,0,1,7.275957614183426e-11,0,-0.0666605912271784,74.17664670658682,LOW,0,Transaction narration pattern is rarely seen; Bank reference is missing,NORMAL
btx_953e91513291,bac_5bed52aa,2026-05-02,2026-05-02,0.0,483564.0,483564.0,14485736.84,BY TRANSFER/NEFT/SBINN41109720597/sunrise hotels ltd,SUNRISE HOTELS,SBINN41109720597,,483564.0,0,1,5,2,5,126,193510.78952380957,69980.845,248130.59903300003,1297326.04,1.1689538154768848,6.909948000770783,1,32,1,1,0,0.0,0,-0.0672315482767473,74.10179640718563,LOW,0,Transaction narration pattern is rarely seen,NORMAL
btx_d4ed1766765f,bac_c4599022,2025-10-31,2025-10-31,177.0,0.0,177.0,660035.74,TO ACCT MAINT CHRGS OCT25,,,,-177.0,1,0,4,31,10,303,274105.44752475247,159866.04,329248.9266066456,2100000.0,-0.8319797739295758,0.0011071769839297,1,404,2,0,0,0.0,0,-0.0672326441734331,74.02694610778443,LOW,0,Bank reference is missing,NORMAL
btx_d5b8c425247a,bac_eb0ff218,2026-07-03,2026-07-03,638322.8,0.0,638322.8,2268367.11,GST PMT- CPIN 26063631354043-2026-05,GSTN,26063631354043,,-638322.8,1,0,4,3,7,631,116974.839207607,38044.38,203932.55657779044,2196000.0,2.5564724413854143,16.77837304747771,4,11,1,1,0,-2.3283064365386963e-10,0,-0.0673860859012194,73.95209580838323,LOW,0,Amount is unusually high for this account; Transaction narration pattern is rarely seen,NORMAL
btx_113f5b47e9c0,bac_eb0ff218,2025-12-27,2025-12-27,17354.4,0.0,17354.4,1605011.63,UPI-Skyline Travels-skylinetr@paytm-SBIN0064050-552324226022-CLIENT VISIT TRAVE,SKYLINE TRAVELS,552324226022,,-17354.4,1,0,5,27,12,631,116974.839207607,38044.38,203932.55657779044,2196000.0,-0.4884969858631012,0.4561619876575726,4,18,2,1,0,17354.4,1,-0.0673980908486173,73.87724550898204,LOW,0,Running balance does not match expected transaction change,NORMAL
btx_257bda98e861,bac_c4599022,2026-03-31,2026-03-31,177.0,0.0,177.0,960448.41,TO ACCT MAINT CHRGS MAR26,,,,-177.0,1,0,1,31,3,303,274105.44752475247,159866.04,329248.9266066456,2100000.0,-0.8319797739295758,0.0011071769839297,5,404,2,0,0,0.0,0,-0.0675294442203273,73.80239520958084,LOW,0,Elevated transaction activity for this account on the same day; Bank reference is missing,NORMAL
btx_fe1e508b7580,bac_5bed52aa,2026-07-31,2026-07-31,295.0,0.0,295.0,19513064.31,CHGS/AMC/JUL26,,,,-295.0,1,0,4,31,7,126,193510.78952380957,69980.845,248130.59903300003,1297326.04,-0.7786858625127201,0.0042154392391232,2,404,1,0,0,0.0,0,-0.0675816002638934,73.72754491017965,LOW,0,Transaction narration pattern is rarely seen; Bank reference is missing,NORMAL
btx_4607294880a3,bac_5bed52aa,2026-06-25,2026-06-25,0.0,413575.73,413575.73,17734116.32,BY TRANSFER/NEFT/SBINN25273952553/SUNRISE HOTELS LTD,,SBINN25273952553,,413575.73,0,1,3,25,6,126,193510.78952380957,69980.845,248130.59903300003,1297326.04,0.8868915858576676,5.909841900308577,1,404,1,1,0,4.656612873077393e-10,0,-0.0675885968428872,73.65269461077844,LOW,0,Transaction narration pattern is rarely seen,NORMAL
btx_2f39f343d600,bac_5bed52aa,2026-07-15,2026-07-15,0.0,632769.05,632769.05,19112014.32,BY TRANSFER/RTGS/SBINR28021071320/SUNRISE HOTELS LTD,SUNRISE HOTELS,SBINR28021071320,,632769.05,0,1,2,15,7,126,193510.78952380957,69980.845,248130.59903300003,1297326.04,1.770270422866192,9.042032144653298,1,32,1,1,0,6.984919309616089e-10,0,-0.0679254786190234,73.57784431137725,LOW,0,Transaction narration pattern is rarely seen,NORMAL
btx_ffd2851998db,bac_c4599022,2025-12-31,2025-12-31,177.0,0.0,177.0,959234.21,TO ACCT MAINT CHRGS DEC25,,,,-177.0,1,0,2,31,12,303,274105.44752475247,159866.04,329248.9266066456,2100000.0,-0.8319797739295758,0.0011071769839297,3,404,2,0,0,0.0,0,-0.067985089464804,73.50299401197606,LOW,0,Bank reference is missing,NORMAL
btx_7493682024dd,bac_afe3ea72,2026-06-30,2026-06-30,504553.85,0.0,504553.85,1515940.38,TRF/SALARY/CC-WHL-36 JUN26,WAREHOUSE AND LOGIST,3894295689,,-504553.85,1,0,1,30,6,137,532932.7678832117,374904.68,619248.6439248768,3072000.0,-0.0458279855137712,1.3458190225846207,11,12,1,1,0,-1.1641532182693479e-10,0,-0.0682602529097559,73.42814371257485,LOW,0,High transaction activity for this account on the same day; Transaction narration pattern is rarely seen,NORMAL
btx_64314b1bbce7,bac_4934eb4d,2025-12-07,2025-12-07,5.9,0.0,5.9,-4324663.41,TO IMPS COMM 023286369056,,023286369056,,-5.9,1,0,6,7,12,139,534153.6267625899,102298.73,831171.1727670145,3072000.0,-0.6426446732799729,5.7674225281193626e-05,2,404,1,1,0,-3.7252867457482353e-10,0,-0.0683138748797506,73.35329341317365,LOW,0,Transaction narration pattern is rarely seen,NORMAL
btx_16792a6e0634,bac_afe3ea72,2025-09-30,2025-09-30,274112.96,0.0,274112.96,1163447.12,TRF/SALARY/CC-CSV-36 SEP25,,5523442285,,-274112.96,1,0,1,30,9,137,532932.7678832117,374904.68,619248.6439248768,3072000.0,-0.4179578113288691,0.7311537428660534,9,404,2,1,0,5.820766091346741e-11,0,-0.0683410435954124,73.27844311377245,LOW,0,High transaction activity for this account on the same day,NORMAL
btx_b58d9f6a771b,bac_4934eb4d,2025-11-24,2025-11-24,0.0,100000.0,100000.0,-4208881.58,BY LOAN DISBURSEMENT WC5016352509,,WC5016352509,,100000.0,0,1,0,24,11,139,534153.6267625899,102298.73,831171.1727670145,3072000.0,-0.5223396106451438,0.9775292420541292,3,404,1,1,0,0.0,0,-0.068371596321601,73.20359281437125,LOW,0,Transaction narration pattern is rarely seen,NORMAL
btx_b645ea5241ee,bac_5bed52aa,2026-06-30,2026-06-30,295.0,0.0,295.0,17733821.32,CHGS/AMC/JUN26,,,,-295.0,1,0,1,30,6,126,193510.78952380957,69980.845,248130.59903300003,1297326.04,-0.7786858625127201,0.0042154392391232,2,404,1,0,0,0.0,0,-0.0688493271808756,73.12874251497006,LOW,0,Transaction narration pattern is rarely seen; Bank reference is missing,NORMAL
btx_2ec901030c2c,bac_afe3ea72,2026-02-27,2026-02-27,374904.68,0.0,374904.68,2690088.29,TRF/SALARY/CC-FIN-36 FEB26,,8818555804,,-374904.68,1,0,4,27,2,137,532932.7678832117,374904.68,619248.6439248768,3072000.0,-0.2551932724173759,1.0,8,404,1,1,0,-1.7462298274040222e-10,0,-0.0692540930759617,73.05389221556887,LOW,0,High transaction activity for this account on the same day; Transaction narration pattern is rarely seen,NORMAL
btx_59553ceae504,bac_eb0ff218,2026-05-01,2026-05-01,0.0,499000.0,499000.0,977937.41,FT -  CR - 50200003802004 - OWN A/C TRF,SELF,0101324430,,499000.0,0,1,4,1,5,631,116974.839207607,38044.38,203932.55657779044,2196000.0,1.8732916764404357,13.116260535721702,4,120,1,1,0,5.820766091346741e-11,0,-0.0697048445500199,72.97904191616766,LOW,0,Appears to be a transfer between own accounts; Transaction narration pattern is rarely seen,OWN_ACCOUNT_TRANSFER
btx_6e2fd44c1099,bac_eb0ff218,2025-12-20,2025-12-20,0.0,500000.0,500000.0,1573543.62,FT - CR - 50200000772004 - OWN A/C TRF,SELF,2573030439,,500000.0,0,1,5,20,12,631,116974.839207607,38044.38,203932.55657779044,2196000.0,1.8781952583735075,13.142545626975654,3,120,1,1,0,0.0,0,-0.069919613737826,72.90419161676647,LOW,0,Appears to be a transfer between own accounts; Transaction narration pattern is rarely seen,OWN_ACCOUNT_TRANSFER
btx_6957ecb9d5a2,bac_c4599022,2026-04-30,2026-04-30,177.0,0.0,177.0,1159354.14,TO ACCT MAINT CHRGS APR26,,,,-177.0,1,0,3,30,4,303,274105.44752475247,159866.04,329248.9266066456,2100000.0,-0.8319797739295758,0.0011071769839297,5,404,3,0,0,0.0,0,-0.0699490568577176,72.82934131736528,LOW,0,Elevated transaction activity for this account on the same day; Bank reference is missing,NORMAL
btx_ae6a231d5221,bac_afe3ea72,2026-06-30,2026-06-30,210627.52,0.0,210627.52,3169608.99,TRF/SALARY/CC-ITS-36 JUN26,INFORMATION TECHNOLO,0244413188,,-210627.52,1,0,1,30,6,137,532932.7678832117,374904.68,619248.6439248768,3072000.0,-0.5204779227943076,0.561816192852007,11,12,1,1,0,4.3655745685100555e-10,0,-0.0700207746322096,72.75449101796407,LOW,0,High transaction activity for this account on the same day; Transaction narration pattern is rarely seen,NORMAL
btx_dced48240f9f,bac_5bed52aa,2026-03-29,2026-03-29,0.0,143731.18,143731.18,12868834.92,MMT/IMPS/SBINI93503510477/PAYMENT/kohinoor auto parts/KOTAK MAHINDRA B,,SBINI93503510477,,143731.18,0,1,6,29,3,126,193510.78952380957,69980.845,248130.59903300003,1297326.04,-0.2006185843979247,2.0538645968050258,2,404,1,1,0,-2.9103830456733704e-10,0,-0.0704153431415917,72.67964071856288,LOW,0,Transaction narration pattern is rarely seen,NORMAL
btx_f238c5092500,bac_afe3ea72,2026-03-31,2026-03-31,514621.92,0.0,514621.92,2856277.55,TRF/SALARY/CC-OPS-36 MAR26,OPERATIONS,7973250172,,-514621.92,1,0,1,31,3,137,532932.7678832117,374904.68,619248.6439248768,3072000.0,-0.0295694598007599,1.3726740354374878,10,9,1,1,0,-4.074536263942719e-10,0,-0.0704481276835783,72.60479041916167,LOW,0,High transaction activity for this account on the same day; Transaction narration pattern is rarely seen,NORMAL
btx_9e5bf3b3027f,bac_4934eb4d,2025-10-31,2025-11-01,19461.26,0.0,19461.26,-3489738.68,TO INT DR OD 01-10-2025 TO 31-10-2025,,,,-19461.26,1,0,4,31,10,139,534153.6267625899,102298.73,831171.1727670145,3072000.0,-0.6192375092234621,0.1902395073721834,2,404,1,0,0,-2.4374458007514477e-10,0,-0.0706043469266726,72.52994011976048,LOW,0,Transaction narration pattern is rarely seen; Bank reference is missing,NORMAL
btx_74dafc2bc419,bac_afe3ea72,2026-08-31,2026-08-31,344284.64,0.0,344284.64,589016.04,TRF/SALARY/CC-CSV-36 AUG26,,4315694085,,-344284.64,1,0,0,31,8,137,532932.7678832117,374904.68,619248.6439248768,3072000.0,-0.304640356880777,0.918325799507224,9,404,1,1,0,0.0,0,-0.0706053478025887,72.45508982035929,LOW,0,High transaction activity for this account on the same day; Transaction narration pattern is rarely seen,NORMAL
btx_4d1a68e6a726,bac_c4599022,2026-02-23,2026-02-23,0.0,966209.5,966209.5,1626968.2,BY TRANSFER-RTGS UTR NO: SBINR22411272529--Malhotra Furnishings,MALHOTRA FURNISHINGS,SBINR22411272529,,966209.5,0,1,0,23,2,303,274105.44752475247,159866.04,329248.9266066456,2100000.0,2.102069275087131,6.043869604826641,2,39,1,1,0,0.0,0,-0.07073180473838,72.38023952095809,LOW,0,Amount is unusually high for this account; Transaction narration pattern is rarely seen,NORMAL
btx_a02d6f5a4569,bac_afe3ea72,2026-03-31,2026-03-31,521213.48,0.0,521213.48,983612.45,TRF/SALARY/CC-WHL-36 MAR26,WAREHOUSE AND LOGIST,0193191794,,-521213.48,1,0,1,31,3,137,532932.7678832117,374904.68,619248.6439248768,3072000.0,-0.0189250117835275,1.3902559978712457,10,12,1,1,0,0.0,0,-0.0708096184840607,72.30538922155688,LOW,0,High transaction activity for this account on the same day; Transaction narration pattern is rarely seen,NORMAL
btx_4749339593c2,bac_eb0ff218,2026-01-02,2026-01-02,0.0,299000.0,299000.0,1119807.75,RTGS CR-SBIN0022561-A/C XXXXXXX2004-SBINR26010227313555,,SBINR26010227313555,,299000.0,0,1,4,2,1,631,116974.839207607,38044.38,203932.55657779044,2196000.0,0.8925752898260715,7.859242284931441,3,404,1,1,0,0.0,0,-0.0708973668535419,72.23053892215569,LOW,0,Transaction narration pattern is rarely seen,NORMAL
btx_ba2888519e23,bac_afe3ea72,2026-01-30,2026-01-30,258154.72,0.0,258154.72,1474950.78,TRF/SALARY/CC-CSV-36 JAN26,,4213132697,,-258154.72,1,0,4,30,1,137,532932.7678832117,374904.68,619248.6439248768,3072000.0,-0.4437281382509511,0.688587616457602,8,404,1,1,0,2.9103830456733704e-11,0,-0.07091392639044,72.15568862275448,LOW,0,High transaction activity for this account on the same day; Transaction narration pattern is rarely seen,NORMAL
btx_7b699f187681,bac_5bed52aa,2026-01-01,2026-01-01,0.0,429579.0,429579.0,5981245.4,BY TRANSFER/RTGS/SBINR65893053630/SUNRISE HOTELS LTD,SUNRISE HOTELS,SBINR65893053630,,429579.0,0,1,3,1,1,126,193510.78952380957,69980.845,248130.59903300003,1297326.04,0.9513869365414084,6.138522620011233,1,32,1,1,0,0.0,0,-0.0714132979793551,72.08083832335329,LOW,0,Transaction narration pattern is rarely seen,NORMAL
btx_7f0d2f5b787d,bac_afe3ea72,2025-12-31,2025-12-31,485910.44,0.0,485910.44,555039.96,TRF/SALARY/CC-WHL-36 DEC25,WAREHOUSE AND LOGIST,4161839294,,-485910.44,1,0,2,31,12,137,532932.7678832117,374904.68,619248.6439248768,3072000.0,-0.0759344866468793,1.2960906222883108,10,12,1,1,0,-5.820766091346741e-11,0,-0.0718126840455869,72.0059880239521,LOW,0,High transaction activity for this account on the same day; Transaction narration pattern is rarely seen,NORMAL
btx_100cdf4df616,bac_c4599022,2026-05-31,2026-05-31,177.0,0.0,177.0,1574753.0,TO ACCT MAINT CHRGS MAY26,,,,-177.0,1,0,6,31,5,303,274105.44752475247,159866.04,329248.9266066456,2100000.0,-0.8319797739295758,0.0011071769839297,2,404,2,0,0,0.0,0,-0.0720175709109866,71.9311377245509,LOW,0,Bank reference is missing,NORMAL
btx_701c64206ae9,bac_4934eb4d,2026-04-30,2026-05-01,37226.5,0.0,37226.5,-4400878.48,TO INT DR OD 01-04-2026 TO 30-04-2026,,,,-37226.5,1,0,3,30,4,139,534153.6267625899,102298.73,831171.1727670145,3072000.0,-0.597863765063329,0.3638999232932804,2,404,1,0,0,0.0,0,-0.0722055923725608,71.8562874251497,LOW,0,Transaction narration pattern is rarely seen; Bank reference is missing,NORMAL
btx_0a3f2ee5e50b,bac_4934eb4d,2026-07-31,2026-07-31,118.0,0.0,118.0,-4311478.09,TO ACCT MAINT CHRGS JUL26,,,,-118.0,1,0,4,31,7,139,534153.6267625899,102298.73,831171.1727670145,3072000.0,-0.6425098033474332,0.0011534845056238,2,404,2,0,0,0.0,0,-0.0722855212820552,71.78143712574851,LOW,0,Bank reference is missing,NORMAL
btx_6be089358432,bac_afe3ea72,2026-01-30,2026-01-30,549328.56,0.0,549328.56,2006477.06,TRF/SALARY/CC- SAL-36 JAN26,SALES,5848822380,,-549328.56,1,0,4,30,1,137,532932.7678832117,374904.68,619248.6439248768,3072000.0,0.0264769124286969,1.4652486066591648,8,11,1,1,0,0.0,0,-0.0723256687839054,71.7065868263473,LOW,0,High transaction activity for this account on the same day; Transaction narration pattern is rarely seen,NORMAL
btx_d19b94b0d98d,bac_4934eb4d,2025-12-15,2025-12-15,164692.4,0.0,164692.4,-4389355.81,TO TRANSFER-IMPS/P2A/090021205873/GOMATHI HEALTHCARE SUPPL--,GOMATHI HEALTHCARE S,090021205873,,-164692.4,1,0,0,15,12,139,534153.6267625899,102298.73,831171.1727670145,3072000.0,-0.4445067861685255,1.6099163694407546,2,11,1,1,0,5.529727786779404e-10,0,-0.0724756202312477,71.63173652694611,LOW,0,Transaction narration pattern is rarely seen,NORMAL
btx_0691088c324f,bac_4934eb4d,2026-07-07,2026-07-07,0.0,200000.0,200000.0,-4166360.09,BY LOAN DISBURSEMENT WC2505553121,,WC2505553121,,200000.0,0,1,1,7,7,139,534153.6267625899,102298.73,831171.1727670145,3072000.0,-0.4020274495928126,1.9550584841082583,3,404,1,1,0,0.0,0,-0.0726724055667066,71.55688622754491,LOW,0,Transaction narration pattern is rarely seen,NORMAL
btx_c97874462b44,bac_afe3ea72,2026-02-27,2026-02-27,258154.72,0.0,258154.72,271076.47,TRF/SALARY/CC- CSV-36 FEB26,,2094712381,,-258154.72,1,0,4,27,2,137,532932.7678832117,374904.68,619248.6439248768,3072000.0,-0.4437281382509511,0.688587616457602,8,404,1,1,0,2.9103830456733704e-11,0,-0.073024442311835,71.48203592814372,LOW,0,High transaction activity for this account on the same day; Transaction narration pattern is rarely seen,NORMAL
btx_ef86c55aadbd,bac_afe3ea72,2026-06-30,2026-06-30,289757.64,0.0,289757.64,2879851.35,TRF/SALARY/CC-PRC-36 JUN26,PROCUREMENT,2828016254,,-289757.64,1,0,1,30,6,137,532932.7678832117,374904.68,619248.6439248768,3072000.0,-0.39269383997668,0.7728834966797428,11,12,2,1,0,-1.1641532182693479e-10,0,-0.0730759754118924,71.40718562874252,LOW,0,High transaction activity for this account on the same day,NORMAL
btx_c6e3d517aa9a,bac_5bed52aa,2026-09-01,2026-09-01,0.0,400143.1,400143.1,20503054.9,BY TRANSFER/NEFT/SBINN97045143810/SUNRISE HOTELS LTD,SUNRISE HOTELS,SBINN97045143810,,400143.1,0,1,1,1,9,126,193510.78952380957,69980.845,248130.59903300003,1297326.04,0.8327562633607694,5.717894661031886,1,32,1,1,0,-2.211891114711761e-09,0,-0.0733194885199306,71.3323353293413,LOW,0,Transaction narration pattern is rarely seen,NORMAL
btx_2c33bbde82fa,bac_eb0ff218,2026-07-19,2026-07-19,606207.95,0.0,606207.95,1112569.91,GST PMT-CPIN 26073655196320-2026-06,GSTN,26073655196320,,-606207.95,1,0,6,19,7,631,116974.839207607,38044.38,203932.55657779044,2196000.0,2.3989946431421023,15.93423128462075,1,11,1,1,0,-2.3283064365386963e-10,0,-0.0733823214120896,71.25748502994011,LOW,0,Amount is unusually high for this account; Transaction narration pattern is rarely seen,NORMAL
btx_e11825e61882,bac_4934eb4d,2026-06-30,2026-06-30,0.0,100000.0,100000.0,-4284751.98,BY LOAN DISBURSEMENT WC5256538101,,WC5256538101,,100000.0,0,1,1,30,6,139,534153.6267625899,102298.73,831171.1727670145,3072000.0,-0.5223396106451438,0.9775292420541292,4,404,1,1,0,0.0,0,-0.0734531008280269,71.18263473053892,LOW,0,Transaction narration pattern is rarely seen,NORMAL
btx_62f1014ca39f,bac_4934eb4d,2025-12-07,2025-12-07,45137.4,0.0,45137.4,-4324657.51,TO TRANSFER-IMPS/P2A/023286369056/JANATA CATERERS LL--,,023286369056,,-45137.4,1,0,6,7,12,139,534153.6267625899,102298.73,831171.1727670145,3072000.0,-0.58834599031464,0.4412312841029405,2,404,1,1,0,5.602487362921238e-10,0,-0.0735208017051348,71.10778443113772,LOW,0,Transaction narration pattern is rarely seen,NORMAL
btx_76a059be4cce,bac_4934eb4d,2025-12-06,2025-12-06,157000.0,0.0,157000.0,-4279520.11,TO TRANSFER-NEFT*HDFC0862747*SBINN25120679313170*A/C 5347--,,SBINN25120679313170,,-157000.0,1,0,5,6,12,139,534153.6267625899,102298.73,831171.1727670145,3072000.0,-0.453761678845315,1.5347209100249828,2,404,1,1,0,-4.656612873077393e-10,0,-0.0735512781307081,71.03293413173652,LOW,0,Transaction narration pattern is rarely seen,NORMAL
btx_6ebecda01116,bac_eb0ff218,2026-05-20,2026-05-20,0.0,500000.0,500000.0,1656201.81,RTGS CR-SBIN0022561-A/C XXXXXXX2004-SBINR26052033242400,,SBINR26052033242400,,500000.0,0,1,2,20,5,631,116974.839207607,38044.38,203932.55657779044,2196000.0,1.8781952583735075,13.142545626975654,1,404,1,1,0,0.0,0,-0.0739084794148473,70.95808383233533,LOW,0,Transaction narration pattern is rarely seen,NORMAL
btx_ddc8693e122b,bac_afe3ea72,2026-08-31,2026-08-31,549328.56,0.0,549328.56,2816179.36,TRF/SALARY/CC-SAL-36 AUG26,SALES,3504518552,,-549328.56,1,0,0,31,8,137,532932.7678832117,374904.68,619248.6439248768,3072000.0,0.0264769124286969,1.4652486066591648,9,11,1,1,0,0.0,0,-0.0739334198366954,70.88323353293413,LOW,0,High transaction activity for this account on the same day; Transaction narration pattern is rarely seen,NORMAL
btx_968c61546fd7,bac_eb0ff218,2026-01-08,2026-01-08,0.0,315000.0,315000.0,1180751.17,RTGS CR-SBIN0022561-A/C XXXXXXX2004-SBINR26010850310402,,SBINR26010850310402,,315000.0,0,1,3,8,1,631,116974.839207607,38044.38,203932.55657779044,2196000.0,0.9710326007552206,8.279803744994663,4,404,1,1,0,-1.1641532182693479e-10,0,-0.0740972318883472,70.80838323353294,LOW,0,Transaction narration pattern is rarely seen,NORMAL
btx_6966a3ae5e02,bac_4934eb4d,2026-09-07,2026-09-07,0.0,100000.0,100000.0,-4258741.72,BY LOAN DISBURSEMENT WC0422525206,,WC0422525206,,100000.0,0,1,0,7,9,139,534153.6267625899,102298.73,831171.1727670145,3072000.0,-0.5223396106451438,0.9775292420541292,2,404,1,1,0,0.0,0,-0.0742336273148115,70.73353293413174,LOW,0,Transaction narration pattern is rarely seen,NORMAL
btx_0d7ef3a11464,bac_5bed52aa,2026-08-29,2026-08-29,0.0,171619.49,171619.49,20103206.8,MMT/IMPS/SBINI15220267054/ADVANCE/Apex Chemicals/CANARA BANK,,SBINI15220267054,,171619.49,0,1,5,29,8,126,193510.78952380957,69980.845,248130.59903300003,1297326.04,-0.0882249090161512,2.452378075743441,1,404,1,1,0,2.0954757928848267e-09,0,-0.0744103050624707,70.65868263473054,LOW,0,Transaction narration pattern is rarely seen,NORMAL
btx_e7873144c58e,bac_4934eb4d,2026-07-27,2026-07-27,0.0,100000.0,100000.0,-4211360.09,BY LOAN DISBURSEMENT WC3441336220,,WC3441336220,,100000.0,0,1,0,27,7,139,534153.6267625899,102298.73,831171.1727670145,3072000.0,-0.5223396106451438,0.9775292420541292,4,404,1,1,0,0.0,0,-0.0744764463305952,70.58383233532935,LOW,0,Transaction narration pattern is rarely seen,NORMAL
btx_9151076b4334,bac_afe3ea72,2025-11-28,2025-11-28,549328.56,0.0,549328.56,1629528.6,TRF/SALARY/CC-SAL-36 NOV25,SALES,3042430518,,-549328.56,1,0,4,28,11,137,532932.7678832117,374904.68,619248.6439248768,3072000.0,0.0264769124286969,1.4652486066591648,8,11,1,1,0,0.0,0,-0.0745551091614002,70.50898203592814,LOW,0,High transaction activity for this account on the same day; Transaction narration pattern is rarely seen,NORMAL
btx_e6501cb2a5a6,bac_afe3ea72,2026-02-27,2026-02-27,549328.56,0.0,549328.56,1026351.61,TRF/SALARY/CC-SAL-36 FEB26,SALES,2115112195,,-549328.56,1,0,4,27,2,137,532932.7678832117,374904.68,619248.6439248768,3072000.0,0.0264769124286969,1.4652486066591648,8,11,1,1,0,1.1641532182693479e-10,0,-0.074589901842466,70.43413173652695,LOW,0,High transaction activity for this account on the same day; Transaction narration pattern is rarely seen,NORMAL
btx_7c0f39fe158a,bac_4934eb4d,2026-04-27,2026-04-27,0.0,300000.0,300000.0,-4063533.98,BY LOAN DISBURSEMENT WC8323197562,,WC8323197562,,300000.0,0,1,0,27,4,139,534153.6267625899,102298.73,831171.1727670145,3072000.0,-0.2817152885404815,2.9325877261623874,2,404,1,1,0,4.656612873077393e-10,0,-0.0746232360381081,70.35928143712576,LOW,0,Transaction narration pattern is rarely seen,NORMAL
btx_392f58c87ef4,bac_4934eb4d,2026-07-31,2026-08-01,38766.25,0.0,38766.25,-4350244.34,TO INT DR OD 01-07-2026 TO 31-07-2026,,,,-38766.25,1,0,4,31,7,139,534153.6267625899,102298.73,831171.1727670145,3072000.0,-0.5960112585635257,0.3789514297978088,2,404,1,0,0,0.0,0,-0.0746425560263396,70.28443113772454,LOW,0,Transaction narration pattern is rarely seen; Bank reference is missing,NORMAL
btx_6aeabec6b885,bac_afe3ea72,2026-03-31,2026-03-31,210627.52,0.0,210627.52,2355892.39,TRF/SALARY/CC-ITS-36 MAR26,INFORMATION TECHNOLO,6410392239,,-210627.52,1,0,1,31,3,137,532932.7678832117,374904.68,619248.6439248768,3072000.0,-0.5204779227943076,0.561816192852007,10,12,1,1,0,-2.9103830456733704e-11,0,-0.074714648191365,70.20958083832335,LOW,0,High transaction activity for this account on the same day; Transaction narration pattern is rarely seen,NORMAL
btx_903b106afb92,bac_4934eb4d,2026-04-13,2026-04-13,0.0,100000.0,100000.0,-4270587.88,BY LOAN DISBURSEMENT WC0512743944,,WC0512743944,,100000.0,0,1,0,13,4,139,534153.6267625899,102298.73,831171.1727670145,3072000.0,-0.5223396106451438,0.9775292420541292,1,404,1,1,0,0.0,0,-0.075501779749589,70.13473053892216,LOW,0,Transaction narration pattern is rarely seen,NORMAL
btx_81e3a76aaba9,bac_eb0ff218,2026-08-31,2026-08-31,0.0,225000.0,225000.0,1593747.48,RTGS CR-SBIN0835405-A/C XXXXXXX8504-SBINR26083173414234,,SBINR26083173414234,,225000.0,0,1,0,31,8,631,116974.839207607,38044.38,203932.55657779044,2196000.0,0.5297102267787568,5.914145532139044,3,404,1,1,0,0.0,0,-0.076477179257877,70.05988023952095,LOW,0,Transaction narration pattern is rarely seen,NORMAL
btx_98a763a1d1fa,bac_4934eb4d,2026-04-07,2026-04-07,140079.0,0.0,140079.0,-4325444.58,TO TRANSFER-NEFT*HDFC0643153*SBINN26040743487163*TIRUMALA AGRO COMMODI--,TIRUMALA AGRO COMMOD,SBINN26040743487163,,-140079.0,1,0,1,7,4,139,534153.6267625899,102298.73,831171.1727670145,3072000.0,-0.47411969961698,1.3693131869770037,1,12,1,1,0,0.0,0,-0.0765795776106568,69.98502994011976,LOW,0,Transaction narration pattern is rarely seen,NORMAL
btx_58c5e5b20e27,bac_c4599022,2025-11-24,2025-11-24,412000.0,0.0,412000.0,660915.55,TO TRANSFER-INB OWN A/C 6220--,SELF,1475071371,,-412000.0,1,0,0,24,11,303,274105.44752475247,159866.04,329248.9266066456,2100000.0,0.4188154959119744,2.577157725305512,2,120,14,1,0,0.0,0,-0.0768461013372709,69.91017964071857,LOW,0,Appears to be a transfer between own accounts,OWN_ACCOUNT_TRANSFER
btx_5921526a6f9d,bac_c4599022,2026-09-12,2026-09-12,0.0,776810.52,776810.52,3825135.84,BY TRANSFER-RTGS UTR NO: SBINR13804915864--Malhotra Furnis,,SBINR13804915864,,776810.52,0,1,5,12,9,303,274105.44752475247,159866.04,329248.9266066456,2100000.0,1.526823724700644,4.859134059991728,1,404,1,1,0,0.0,0,-0.0769496744823552,69.83532934131736,LOW,0,Transaction narration pattern is rarely seen,NORMAL
btx_7db7935f7c33,bac_c4599022,2026-09-25,2026-09-25,0.0,862535.31,862535.31,2658919.36,BY TRANSFER-RTGS UTR NO: SBINR25134433322--GANGAPOULTRYFEEDS,,SBINR25134433322,,862535.31,0,1,4,25,9,303,274105.44752475247,159866.04,329248.9266066456,2100000.0,1.787188400399088,5.395362955134186,2,404,1,1,0,-2.3283064365386963e-10,0,-0.0774937210310282,69.76047904191617,LOW,0,Transaction narration pattern is rarely seen,NORMAL
btx_ef5868de406b,bac_eb0ff218,2026-07-31,2026-07-31,0.0,500000.0,500000.0,1181034.19,FT - CR - 50200004162004 - OWN A/C TRF,SELF,0521343223,,500000.0,0,1,4,31,7,631,116974.839207607,38044.38,203932.55657779044,2196000.0,1.8781952583735075,13.142545626975654,2,120,1,1,0,0.0,0,-0.0775161937289996,69.68562874251496,LOW,0,Appears to be a transfer between own accounts; Transaction narration pattern is rarely seen,OWN_ACCOUNT_TRANSFER
btx_c7298d334991,bac_afe3ea72,2026-08-31,2026-08-31,514621.92,0.0,514621.92,2090929.92,TRF/SALARY/CC-OPS-36 AUG26,OPERATIONS,9751515309,,-514621.92,1,0,0,31,8,137,532932.7678832117,374904.68,619248.6439248768,3072000.0,-0.0295694598007599,1.3726740354374878,9,9,1,1,0,5.820766091346741e-11,0,-0.0778605373104596,69.61077844311377,LOW,0,High transaction activity for this account on the same day; Transaction narration pattern is rarely seen,NORMAL
btx_e572c770c09b,bac_4934eb4d,2026-07-04,2026-07-04,45137.4,0.0,45137.4,-4366360.09,TO TRANSFER- NEFT*UTIB0352502*SBINN26070454569155*JANATA CATERERS LL--,JANATA CATERERS,SBINN26070454569155,,-45137.4,1,0,5,4,7,139,534153.6267625899,102298.73,831171.1727670145,3072000.0,-0.58834599031464,0.4412312841029405,1,13,1,1,0,5.602487362921238e-10,0,-0.0781017002567686,69.53592814371258,LOW,0,Transaction narration pattern is rarely seen,NORMAL
btx_9f4fd3c70f89,bac_c4599022,2025-10-20,2025-10-20,650000.0,0.0,650000.0,2286212.74,TO TRANSFER-RTGS UTR NO: SBINR25102021434354--A/C 5347,,SBINR25102021434354,,-650000.0,1,0,0,20,10,303,274105.44752475247,159866.04,329248.9266066456,2100000.0,1.1416728259355255,4.065904178273259,1,404,1,1,0,0.0,0,-0.0781284531507522,69.46107784431138,LOW,0,Transaction narration pattern is rarely seen,NORMAL
btx_935f36951fd5,bac_c4599022,2026-09-21,2026-09-21,700000.0,0.0,700000.0,1297469.26,TO TRANSFER- RTGS UTR NO: SBINR26092182388542--A/C 5347,,SBINR26092182388542,,-700000.0,1,0,0,21,9,303,274105.44752475247,159866.04,329248.9266066456,2100000.0,1.2935336095539187,4.378666038140433,1,404,1,1,0,0.0,0,-0.0781845833405757,69.38622754491018,LOW,0,Transaction narration pattern is rarely seen,NORMAL
btx_2938ee529326,bac_afe3ea72,2025-10-31,2025-10-31,549328.56,0.0,549328.56,1646073.6,TRF/SALARY/CC-SAL-36 OCT25,SALES,9304703791,,-549328.56,1,0,4,31,10,137,532932.7678832117,374904.68,619248.6439248768,3072000.0,0.0264769124286969,1.4652486066591648,9,11,1,1,0,0.0,0,-0.0782415664893659,69.311377245509,LOW,0,High transaction activity for this account on the same day; Transaction narration pattern is rarely seen,NORMAL
btx_d2b7b8ced58e,bac_4934eb4d,2025-12-15,2025-12-15,5.9,0.0,5.9,-4389361.71,TO IMPS COMM 090021205873,,090021205873,,-5.9,1,0,0,15,12,139,534153.6267625899,102298.73,831171.1727670145,3072000.0,-0.6426446732799729,5.7674225281193626e-05,2,404,1,1,0,-3.7252867457482353e-10,0,-0.0787492263271656,69.23652694610777,LOW,0,Transaction narration pattern is rarely seen,NORMAL
btx_784c3d0a158e,bac_5bed52aa,2026-03-18,2026-03-18,0.0,520669.5,520669.5,11841064.42,BY TRANSFER/RTGS/SBINR21247352814/Apex Chemicals Pvt Ltd,APEX CHEMICALS,SBINR21247352814,,520669.5,0,1,2,18,3,126,193510.78952380957,69980.845,248130.59903300003,1297326.04,1.3184940178727416,7.440171664117517,1,8,1,1,0,0.0,0,-0.0787631703441365,69.16167664670658,LOW,0,Transaction narration pattern is rarely seen,NORMAL
btx_ab8b38926481,bac_c4599022,2026-01-23,2026-01-23,650000.0,0.0,650000.0,751307.11,TO TRANSFER-RTGS UTR NO: SBINR26012308942683--A/C 5347,,SBINR26012308942683,,-650000.0,1,0,4,23,1,303,274105.44752475247,159866.04,329248.9266066456,2100000.0,1.1416728259355255,4.065904178273259,1,404,1,1,0,-1.1641532182693479e-10,0,-0.0788372612271063,69.08682634730539,LOW,0,Transaction narration pattern is rarely seen,NORMAL
btx_61bd4504d804,bac_afe3ea72,2026-01-30,2026-01-30,514621.92,0.0,514621.92,275395.62,TRF/SALARY/CC-OPS-36 JAN26,OPERATIONS,1758517117,,-514621.92,1,0,4,30,1,137,532932.7678832117,374904.68,619248.6439248768,3072000.0,-0.0295694598007599,1.3726740354374878,8,9,1,1,0,-5.820766091346741e-11,0,-0.0788689887012988,69.01197604790418,LOW,0,High transaction activity for this account on the same day; Transaction narration pattern is rarely seen,NORMAL
btx_54a58bbd7077,bac_afe3ea72,2026-02-27,2026-02-27,514621.92,0.0,514621.92,1885708.73,TRF/SALARY/CC-OPS-36 FEB26,OPERATIONS,0346828503,,-514621.92,1,0,4,27,2,137,532932.7678832117,374904.68,619248.6439248768,3072000.0,-0.0295694598007599,1.3726740354374878,8,9,1,1,0,5.820766091346741e-11,0,-0.0791571261089587,68.937125748503,LOW,0,High transaction activity for this account on the same day; Transaction narration pattern is rarely seen,NORMAL
btx_d9edcc001bef,bac_eb0ff218,2025-11-15,2025-11-15,0.0,204000.0,204000.0,1766095.44,RTGS CR-SBIN0022561-A/C XXXXXXX2004-SBINR25111570111401,,SBINR25111570111401,,204000.0,0,1,5,15,11,631,116974.839207607,38044.38,203932.55657779044,2196000.0,0.4267350061842485,5.362158615806067,5,404,1,1,0,0.0,0,-0.0795485804245104,68.8622754491018,LOW,0,Elevated transaction activity for this account on the same day; Transaction narration pattern is rarely seen,NORMAL
btx_09bc87ed2646,bac_c4599022,2026-07-21,2026-07-21,800000.0,0.0,800000.0,856653.48,TO TRANSFER- INB OWN A/C 5347--,SELF,7895016574,,-800000.0,1,0,1,21,7,303,274105.44752475247,159866.04,329248.9266066456,2100000.0,1.597255176790705,5.00418975787478,2,120,2,1,0,0.0,0,-0.0797542786079437,68.7874251497006,LOW,0,Appears to be a transfer between own accounts,OWN_ACCOUNT_TRANSFER
btx_6ae66155df18,bac_afe3ea72,2026-06-30,2026-06-30,374904.68,0.0,374904.68,626413.78,TRF/SALARY/CC-FIN-36 JUN26,FINANCE AND ACCOUNTS,5681440571,,-374904.68,1,0,1,30,6,137,532932.7678832117,374904.68,619248.6439248768,3072000.0,-0.2551932724173759,1.0,11,11,1,1,0,5.820766091346741e-11,0,-0.0802558949858602,68.7125748502994,LOW,0,High transaction activity for this account on the same day; Transaction narration pattern is rarely seen,NORMAL
btx_f07e62a3f73c,bac_5bed52aa,2026-01-21,2026-01-21,0.0,184366.43,184366.43,7096503.44,BY TRANSFER/NEFT/SBINN47139510593/Nandi Agro Foods,,SBINN47139510593,,184366.43,0,1,2,21,1,126,193510.78952380957,69980.845,248130.59903300003,1297326.04,-0.0368530103076621,2.6345270623697097,1,404,1,1,0,6.402842700481415e-10,0,-0.0809193920595781,68.6377245508982,LOW,0,Transaction narration pattern is rarely seen,NORMAL
btx_7da65c57fd91,bac_4934eb4d,2026-03-22,2026-03-22,43357.63,0.0,43357.63,-4283223.77,TO TRANSFER-UPI/DR/225411642491/OM SAI STEEL AND PIPE/UTIB--,OM SAI STEEL AND PIP,225411642491,,-43357.63,1,0,6,22,3,139,534153.6267625899,102298.73,831171.1727670145,3072000.0,-0.5904872700634011,0.4238335119116337,2,7,1,1,0,1.0913936421275139e-10,0,-0.0812405417056476,68.562874251497,LOW,0,Transaction narration pattern is rarely seen,NORMAL
btx_d703290a15c6,bac_afe3ea72,2025-12-31,2025-12-31,269479.31,0.0,269479.31,1590278.96,TRF/SALARY/CC-CSV-36 DEC25,CUSTOMER SERVICE,6142657034,,-269479.31,1,0,2,31,12,137,532932.7678832117,374904.68,619248.6439248768,3072000.0,-0.4254405083770715,0.7187942012353646,10,7,1,1,0,-5.820766091346741e-11,0,-0.0813888844156351,68.48802395209582,LOW,0,High transaction activity for this account on the same day; Transaction narration pattern is rarely seen,NORMAL
btx_2614a8e5e63b,bac_afe3ea72,2026-02-27,2026-02-27,497120.42,0.0,497120.42,529231.19,TRF/SALARY/CC-WHL-36 FEB26,WAREHOUSE AND LOGIST,1405577717,,-497120.42,1,0,4,27,2,137,532932.7678832117,374904.68,619248.6439248768,3072000.0,-0.0578319359025617,1.3259915026934312,8,12,1,1,0,-5.820766091346741e-11,0,-0.0814886650496031,68.41317365269461,LOW,0,High transaction activity for this account on the same day; Transaction narration pattern is rarely seen,NORMAL
btx_075701a1b910,bac_5bed52aa,2025-12-23,2025-12-23,0.0,56554.94,56554.94,4982267.48,BY TRANSFER/NEFT/SBINN43622253024/Kohinoor Auto Parts,,SBINN43622253024,,56554.94,0,1,1,23,12,126,193510.78952380957,69980.845,248130.59903300003,1297326.04,-0.5519506665342598,0.8081488584483368,1,404,1,1,0,4.074536263942719e-10,0,-0.0818881184259226,68.33832335329342,LOW,0,Transaction narration pattern is rarely seen,NORMAL
btx_c4c0d65c409a,bac_c4599022,2026-02-23,2026-02-23,380000.0,0.0,380000.0,660758.7,TO TRANSFER-INB OWN A/C 6220--,SELF,1671232546,,-380000.0,1,0,0,23,2,303,274105.44752475247,159866.04,329248.9266066456,2100000.0,0.3216245943962028,2.3769901349905207,2,120,14,1,0,0.0,0,-0.0819473268125783,68.26347305389223,LOW,0,Appears to be a transfer between own accounts,OWN_ACCOUNT_TRANSFER
btx_fb3d794cb0b5,bac_4934eb4d,2026-04-22,2026-04-22,0.0,100000.0,100000.0,-4287902.56,BY LOAN DISBURSEMENT WC8840895089,,WC8840895089,,100000.0,0,1,2,22,4,139,534153.6267625899,102298.73,831171.1727670145,3072000.0,-0.5223396106451438,0.9775292420541292,1,404,1,1,0,0.0,0,-0.0819610243270494,68.188622754491,LOW,0,Transaction narration pattern is rarely seen,NORMAL
btx_be514be378be,bac_4934eb4d,2026-08-31,2026-08-31,225000.0,0.0,225000.0,-4321765.09,TO TRANSFER-RTGS UTR NO: SBINR26083173414234--A/C 5347,,SBINR26083173414234,,-225000.0,1,0,0,31,8,139,534153.6267625899,102298.73,831171.1727670145,3072000.0,-0.3719494093297298,2.1994407946217907,4,404,1,1,0,0.0,0,-0.0820030487472044,68.11377245508982,LOW,0,Transaction narration pattern is rarely seen,NORMAL
btx_072ed7e66e5b,bac_afe3ea72,2025-09-30,2025-09-30,549328.56,0.0,549328.56,1437560.08,TRF/SALARY/CC-SAL-36 SEP25,SALES,9423241389,,-549328.56,1,0,1,30,9,137,532932.7678832117,374904.68,619248.6439248768,3072000.0,0.0264769124286969,1.4652486066591648,9,11,1,1,0,2.3283064365386963e-10,0,-0.0821291759036434,68.03892215568862,LOW,0,High transaction activity for this account on the same day; Transaction narration pattern is rarely seen,NORMAL
btx_cb64772813fc,bac_4934eb4d,2026-04-26,2026-04-26,26631.42,0.0,26631.42,-4363533.98,TO TRANSFER-NEFT*SBIN0695480*SBINN26042642525934*BHAGYA FACILITY SE--,BHAGYA FACILITY SERV,SBINN26042642525934,,-26631.42,1,0,6,26,4,139,534153.6267625899,102298.73,831171.1727670145,3072000.0,-0.6106109347765523,0.2603299180742517,3,18,1,1,0,-8.585629984736443e-10,0,-0.0822986277182342,67.96407185628742,LOW,0,Transaction narration pattern is rarely seen,NORMAL
btx_ab61871c877b,bac_c4599022,2026-06-30,2026-06-30,17.7,0.0,17.7,660344.34,TO SMS CHRGS JUN26,,,,-17.7,1,0,1,30,6,303,274105.44752475247,159866.04,329248.9266066456,2100000.0,-0.8324636023861839,0.0001107176983929,2,404,2,0,0,-6.984990363889665e-11,0,-0.0823290776033041,67.88922155688623,LOW,0,Bank reference is missing,NORMAL
btx_d89d065b8deb,bac_c4599022,2026-07-31,2026-07-31,177.0,0.0,177.0,1642511.9,TO ACCT MAINT CHRGS JUL26,,,,-177.0,1,0,4,31,7,303,274105.44752475247,159866.04,329248.9266066456,2100000.0,-0.8319797739295758,0.0011071769839297,3,404,2,0,0,0.0,0,-0.0825937758604531,67.81437125748504,LOW,0,Bank reference is missing,NORMAL
btx_f94242bfe133,bac_afe3ea72,2025-11-28,2025-11-28,485910.44,0.0,485910.44,833589.6,TRF/SALARY/CC-WHL-36 NOV25,WAREHOUSE AND LOGIST,7365521583,,-485910.44,1,0,4,28,11,137,532932.7678832117,374904.68,619248.6439248768,3072000.0,-0.0759344866468793,1.2960906222883108,8,12,1,1,0,-5.820766091346741e-11,0,-0.082681166616876,67.73952095808383,LOW,0,High transaction activity for this account on the same day; Transaction narration pattern is rarely seen,NORMAL
btx_d3b0278d0d39,bac_4934eb4d,2026-03-22,2026-03-22,38044.38,0.0,38044.38,-4239866.14,TO TRANSFER-NEFT*UTIB0493624*SBINN26032257983232*Bhagya Facility--,BHAGYA FACILITY SERV,SBINN26032257983232,,-38044.38,1,0,6,22,3,139,534153.6267625899,102298.73,831171.1727670145,3072000.0,-0.5968797559605141,0.3718949394581927,2,18,1,1,0,1.0913936421275139e-10,0,-0.0827082733156092,67.66467065868264,LOW,0,Transaction narration pattern is rarely seen,NORMAL
btx_712abc10a346,bac_afe3ea72,2026-01-30,2026-01-30,485910.44,0.0,485910.44,2845563.26,TRF/SALARY/CC-WHL-36 JAN26,WAREHOUSE AND LOGIST,1310118911,,-485910.44,1,0,4,30,1,137,532932.7678832117,374904.68,619248.6439248768,3072000.0,-0.0759344866468793,1.2960906222883108,8,12,1,1,0,-4.074536263942719e-10,0,-0.0827629949799219,67.58982035928143,LOW,0,High transaction activity for this account on the same day; Transaction narration pattern is rarely seen,NORMAL
btx_62eed4571522,bac_4934eb4d,2026-03-20,2026-03-20,0.0,100000.0,100000.0,-4201821.76,BY LOAN DISBURSEMENT WC7135022244,,WC7135022244,,100000.0,0,1,4,20,3,139,534153.6267625899,102298.73,831171.1727670145,3072000.0,-0.5223396106451438,0.9775292420541292,1,404,1,1,0,0.0,0,-0.0830643511578231,67.51497005988024,LOW,0,Transaction narration pattern is rarely seen,NORMAL
btx_bc365b5f941d,bac_eb0ff218,2025-12-06,2025-12-06,0.0,157000.0,157000.0,1981791.5,NEFT CR-SBIN0835405-A/C XXXXXXX8504-PAYMENT-SBINN25120679313170,,SBINN25120679313170,,157000.0,0,1,5,6,12,631,116974.839207607,38044.38,203932.55657779044,2196000.0,0.1962666553298729,4.126759326870356,3,404,1,1,0,0.0,0,-0.0832963121651986,67.44011976047905,LOW,0,Transaction narration pattern is rarely seen,NORMAL
btx_a1b4551468d9,bac_eb0ff218,2026-09-07,2026-09-07,0.0,400000.0,400000.0,1268353.64,FT - CR - 50200008162004 - OWN A/C TRF,SELF,2214289140,,400000.0,0,1,0,7,9,631,116974.839207607,38044.38,203932.55657779044,2196000.0,1.3878370650663254,10.514036501580524,2,120,1,1,0,-1.1641532182693479e-10,0,-0.08332280961909,67.36526946107784,LOW,0,Appears to be a transfer between own accounts; Transaction narration pattern is rarely seen,OWN_ACCOUNT_TRANSFER
btx_c73293da6bc1,bac_4934eb4d,2025-11-20,2025-11-20,174137.0,0.0,174137.0,-4320875.68,TO TRANSFER-IMPS/P2A/392158008237/Tirumala Agro Co--,TIRUMALA AGRO COMMOD,392158008237,,-174137.0,1,0,3,20,11,139,534153.6267625899,102298.73,831171.1727670145,3072000.0,-0.433143783805777,1.7022400962357989,2,12,1,1,0,4.656612873077393e-10,0,-0.0833840309231167,67.29041916167665,LOW,0,Transaction narration pattern is rarely seen,NORMAL
btx_73f33d4e88ca,bac_c4599022,2025-11-23,2025-11-23,500000.0,0.0,500000.0,1072915.55,TO TRANSFER-RTGS UTR NO: SBINR25112333233419--A/C 5347,,SBINR25112333233419,,-500000.0,1,0,6,23,11,303,274105.44752475247,159866.04,329248.9266066456,2100000.0,0.6860904750803463,3.127618598671738,1,404,1,1,0,0.0,0,-0.0834619420272638,67.21556886227546,LOW,0,Transaction narration pattern is rarely seen,NORMAL
btx_56616be7f163,bac_afe3ea72,2026-07-31,2026-07-31,549328.56,0.0,549328.56,2472577.32,TRF/SALARY/CC-SAL-36 JUL26,SALES,6058114515,,-549328.56,1,0,4,31,7,137,532932.7678832117,374904.68,619248.6439248768,3072000.0,0.0264769124286969,1.4652486066591648,9,11,1,1,0,0.0,0,-0.0835920007180939,67.14071856287424,LOW,0,High transaction activity for this account on the same day; Transaction narration pattern is rarely seen,NORMAL
btx_d7826713b986,bac_c4599022,2026-06-30,2026-06-30,177.0,0.0,177.0,660362.04,TO ACCT MAINT CHRGS JUN26,,,,-177.0,1,0,1,30,6,303,274105.44752475247,159866.04,329248.9266066456,2100000.0,-0.8319797739295758,0.0011071769839297,2,404,2,0,0,0.0,0,-0.0837413499969945,67.06586826347305,LOW,0,Bank reference is missing,NORMAL
btx_69e89daa1873,bac_afe3ea72,2026-06-30,2026-06-30,310028.56,0.0,310028.56,2020494.23,TRF/SALARY/CC-HRM-36 JUN26,HUMAN RESOURCES,0905146624,,-310028.56,1,0,1,30,6,137,532932.7678832117,374904.68,619248.6439248768,3072000.0,-0.3599591376905026,0.8269530271001152,11,12,1,1,0,-5.820766091346741e-11,0,-0.0839943308756149,66.99101796407186,LOW,0,High transaction activity for this account on the same day; Transaction narration pattern is rarely seen,NORMAL
btx_bbce50a51b80,bac_eb0ff218,2026-05-14,2026-05-14,0.0,403000.0,403000.0,1759599.34,FT - CR - 50200002422004 - OWN A/C TRF,SELF,3665441115,,403000.0,0,1,3,14,5,631,116974.839207607,38044.38,203932.55657779044,2196000.0,1.4025478108655407,10.592891775342377,6,120,1,1,0,0.0,0,-0.0843070671312334,66.91616766467065,LOW,0,Appears to be a transfer between own accounts; Elevated transaction activity for this account on the same day; Transaction narration pattern is rarely seen,OWN_ACCOUNT_TRANSFER
btx_91496803c9b7,bac_afe3ea72,2026-08-31,2026-08-31,210627.52,0.0,210627.52,2605551.84,TRF/SALARY/CC-ITS-36 AUG26,INFORMATION TECHNOLO,5245292674,,-210627.52,1,0,0,31,8,137,532932.7678832117,374904.68,619248.6439248768,3072000.0,-0.5204779227943076,0.561816192852007,9,12,1,1,0,-2.9103830456733704e-11,0,-0.0843105704358838,66.84131736526946,LOW,0,High transaction activity for this account on the same day; Transaction narration pattern is rarely seen,NORMAL
btx_a1002a6f3cc8,bac_5bed52aa,2026-05-20,2026-05-20,0.0,505682.33,505682.33,14944132.41,BY TRANSFER/NEFT/SBINN36000241443/SUNRISE HOTELS,SUNRISE HOTELS,SBINN36000241443,,505682.33,0,1,2,20,5,126,193510.78952380957,69980.845,248130.59903300003,1297326.04,1.258093688133455,7.226010631909346,1,32,1,1,0,5.820766091346741e-11,0,-0.084492532126124,66.76646706586826,LOW,0,Transaction narration pattern is rarely seen,NORMAL
btx_9b2f1ac0e317,bac_c4599022,2026-03-08,2026-03-08,500000.0,0.0,500000.0,1017041.26,TO TRANSFER- RTGS UTR NO: SBINR26030865203904--A/C 5347,,SBINR26030865203904,,-500000.0,1,0,6,8,3,303,274105.44752475247,159866.04,329248.9266066456,2100000.0,0.6860904750803463,3.127618598671738,2,404,1,1,0,0.0,0,-0.0847045330543,66.69161676646706,LOW,0,Transaction narration pattern is rarely seen,NORMAL
btx_f01cae500e7a,bac_afe3ea72,2025-12-31,2025-12-31,374904.68,0.0,374904.68,2344851.12,TRF/SALARY/CC-FIN-36 DEC25,FINANCE AND ACCOUNTS,0724422073,,-374904.68,1,0,2,31,12,137,532932.7678832117,374904.68,619248.6439248768,3072000.0,-0.2551932724173759,1.0,10,11,1,1,0,2.9103830456733704e-10,0,-0.0847342359968542,66.61676646706587,LOW,0,High transaction activity for this account on the same day; Transaction narration pattern is rarely seen,NORMAL
btx_bc380e1e3757,bac_4934eb4d,2026-06-18,2026-06-18,0.0,100000.0,100000.0,-4276595.16,BY LOAN DISBURSEMENT WC9900251094,,WC9900251094,,100000.0,0,1,3,18,6,139,534153.6267625899,102298.73,831171.1727670145,3072000.0,-0.5223396106451438,0.9775292420541292,1,404,1,1,0,0.0,0,-0.0848211739686609,66.54191616766467,LOW,0,Transaction narration pattern is rarely seen,NORMAL
btx_4bec6cab8309,bac_eb0ff218,2026-02-17,2026-02-17,0.0,150000.0,150000.0,1996693.15,NEFT CR-SBIN0022561-A/C XXXXXXX2004-PAYMENT-SBINN26021705834444,,SBINN26021705834444,,150000.0,0,1,1,17,2,631,116974.839207607,38044.38,203932.55657779044,2196000.0,0.1619415817983702,3.942763688092696,5,404,1,1,0,0.0,0,-0.0848938348875225,66.46706586826348,LOW,0,Elevated transaction activity for this account on the same day; Transaction narration pattern is rarely seen,NORMAL
btx_a323e54db698,bac_4934eb4d,2026-09-07,2026-09-07,1475.0,0.0,1475.0,-4260216.72,TO DEBIT ADJ 124966181,,124966181,,-1475.0,1,0,0,7,9,139,534153.6267625899,102298.73,831171.1727670145,3072000.0,-0.6408771673219531,0.0144185563202984,2,404,1,1,0,0.0,0,-0.0848986627889783,66.39221556886228,LOW,0,Transaction narration pattern is rarely seen,NORMAL
btx_84e77b196f63,bac_5bed52aa,2025-11-09,2025-11-09,52230.96,0.0,52230.96,628809.14,TO TRANSFER/NEFT/HDFCN25110951706209/SREE LAKSHMI PROPERT,,HDFCN25110951706209,,-52230.96,1,0,6,9,11,126,193510.78952380957,69980.845,248130.59903300003,1297326.04,-0.5693768929523283,0.7463608077324587,1,404,1,1,0,3.637978807091713e-11,0,-0.0853289953371694,66.31736526946108,LOW,0,Transaction narration pattern is rarely seen,NORMAL
btx_1d3c6fa971e9,bac_5bed52aa,2026-07-06,2026-07-06,0.0,365180.21,365180.21,18120468.53,BY TRANSFER/RTGS/SBINR01114557265/SUNRISE HOTELS,SUNRISE HOTELS,SBINR01114557265,,365180.21,0,1,0,6,7,126,193510.78952380957,69980.845,248130.59903300003,1297326.04,0.6918510701429427,5.218288090119518,1,32,1,1,0,8.73114913702011e-10,0,-0.0854916018654883,66.24251497005989,LOW,0,Transaction narration pattern is rarely seen,NORMAL
btx_467087ad65b6,bac_4934eb4d,2025-09-29,2025-09-29,102298.73,0.0,102298.73,-2081298.73,TO TRANSFER-NEFT*KKBK0559815*SBINN25092945741341*MARUTHI BUILDIN--,MARUTHI BUILDING MAT,SBINN25092945741341,,-102298.73,1,0,0,29,9,139,534153.6267625899,102298.73,831171.1727670145,3072000.0,-0.5195739589053856,1.0,1,7,1,1,0,0.0,0,-0.0856678425765782,66.1676646706587,LOW,0,Transaction narration pattern is rarely seen,NORMAL
btx_49a80cfeb09e,bac_afe3ea72,2026-05-29,2026-05-29,289757.64,0.0,289757.64,3105422.87,TRF/SALARY/CC-PRC-36 MAY26,,5573040106,,-289757.64,1,0,4,29,5,137,532932.7678832117,374904.68,619248.6439248768,3072000.0,-0.39269383997668,0.7728834966797428,8,404,1,1,0,3.4924596548080444e-10,0,-0.085670958082842,66.09281437125748,LOW,0,High transaction activity for this account on the same day; Transaction narration pattern is rarely seen,NORMAL
btx_da0ee150ff87,bac_5bed52aa,2026-02-16,2026-02-16,0.0,382948.68,382948.68,9129191.98,BY TRANSFER/RTGS/SBINR10508428594/SUNRISE HOTELS,SUNRISE HOTELS,SBINR10508428594,,382948.68,0,1,0,16,2,126,193510.78952380957,69980.845,248130.59903300003,1297326.04,0.7634604164680078,5.472192855059124,1,32,1,1,0,-2.9103830456733704e-10,0,-0.085677467323763,66.01796407185628,LOW,0,Transaction narration pattern is rarely seen,NORMAL
btx_6d4313f35124,bac_eb0ff218,2026-04-03,2026-04-03,0.0,430000.0,430000.0,1116284.71,FT - CR - 50200001162004 - OWN A/C TRF,SELF,2231852139,,430000.0,0,1,4,3,4,631,116974.839207607,38044.38,203932.55657779044,2196000.0,1.53494452305848,11.302589239199062,2,120,1,1,0,0.0,0,-0.0856814735372634,65.94311377245509,LOW,0,Appears to be a transfer between own accounts; Transaction narration pattern is rarely seen,OWN_ACCOUNT_TRANSFER
btx_af2f038c5ca8,bac_afe3ea72,2025-12-31,2025-12-31,273371.56,0.0,273371.56,281668.4,TRF/SALARY/CC- ITS-36 DEC25,INFORMATION TECHNOLO,2300472534,,-273371.56,1,0,2,31,12,137,532932.7678832117,374904.68,619248.6439248768,3072000.0,-0.419155068694345,0.7291761735276284,10,12,1,1,0,5.820766091346741e-11,0,-0.0857221391381089,65.86826347305389,LOW,0,High transaction activity for this account on the same day; Transaction narration pattern is rarely seen,NORMAL
btx_46be01abb9d5,bac_afe3ea72,2026-03-31,2026-03-31,374904.68,0.0,374904.68,608707.77,TRF/SALARY/CC-FIN-36 MAR26,FINANCE AND ACCOUNTS,8105462036,,-374904.68,1,0,1,31,3,137,532932.7678832117,374904.68,619248.6439248768,3072000.0,-0.2551932724173759,1.0,10,11,1,1,0,5.820766091346741e-11,0,-0.0858286699323008,65.7934131736527,LOW,0,High transaction activity for this account on the same day; Transaction narration pattern is rarely seen,NORMAL
btx_ae9966111f69,bac_afe3ea72,2026-08-31,2026-08-31,472696.0,0.0,472696.0,933300.68,TRF/SALARY/CC-WHL-36 AUG26,WAREHOUSE AND LOGIST,1345045437,,-472696.0,1,0,0,31,8,137,532932.7678832117,374904.68,619248.6439248768,3072000.0,-0.0972739601033656,1.260843156185727,9,12,1,1,0,1.1641532182693479e-10,0,-0.08585311529487,65.71856287425149,LOW,0,High transaction activity for this account on the same day; Transaction narration pattern is rarely seen,NORMAL
btx_f47f45028423,bac_4934eb4d,2025-11-28,2025-11-28,101451.68,0.0,101451.68,-4310333.26,TO TRANSFER-NEFT*HDFC0015840*SBINN25112861147549*BANERJEE WAREHOUSING--,BANERJEE WAREHOUSING,SBINN25112861147549,,-101451.68,1,0,4,28,11,139,534153.6267625899,102298.73,831171.1727670145,3072000.0,-0.5205930630655794,0.9917198385551804,1,10,1,1,0,2.9103830456733704e-10,0,-0.0860186284465444,65.6437125748503,LOW,0,Transaction narration pattern is rarely seen,NORMAL
btx_b0311402a4f9,bac_4934eb4d,2026-03-27,2026-03-27,100000.0,0.0,100000.0,-4377609.47,TO TRANSFER-NEFT*SBIN0022561*SBINN26032731437242*A/C 2004--,,SBINN26032731437242,,-100000.0,1,0,4,27,3,139,534153.6267625899,102298.73,831171.1727670145,3072000.0,-0.5223396106451438,0.9775292420541292,6,404,1,1,0,0.0,0,-0.0864187586221346,65.5688622754491,LOW,0,Elevated transaction activity for this account on the same day; Transaction narration pattern is rarely seen,NORMAL
btx_8d7e43161f78,bac_afe3ea72,2026-05-29,2026-05-29,549328.56,0.0,549328.56,795035.43,TRF/SALARY/CC-SAL-36 MAY26,SALES,0154507424,,-549328.56,1,0,4,29,5,137,532932.7678832117,374904.68,619248.6439248768,3072000.0,0.0264769124286969,1.4652486066591648,8,11,1,1,0,1.1641532182693479e-10,0,-0.0868694291708482,65.4940119760479,LOW,0,High transaction activity for this account on the same day; Transaction narration pattern is rarely seen,NORMAL
btx_f87abdca47fb,bac_afe3ea72,2026-03-31,2026-03-31,301737.9,0.0,301737.9,1504825.93,TRF/SALARY/CC-CSV-36 MAR26,CUSTOMER SERVICE,8535130711,,-301737.9,1,0,1,31,3,137,532932.7678832117,374904.68,619248.6439248768,3072000.0,-0.3733473947037964,0.8048389793373613,10,7,1,1,0,-1.1641532182693479e-10,0,-0.087132111641014,65.41916167664671,LOW,0,High transaction activity for this account on the same day; Transaction narration pattern is rarely seen,NORMAL
btx_e514bb7146b9,bac_5bed52aa,2025-12-25,2025-12-25,0.0,335659.5,335659.5,5317926.98,BY TRANSFER/RTGS/SBINR25720435149/Kohinoor Auto Parts LLP,KOHINOOR AUTO PARTS,SBINR25720435149,,335659.5,0,1,3,25,12,126,193510.78952380957,69980.845,248130.59903300003,1297326.04,0.572878601148605,4.796448228082984,1,10,1,1,0,0.0,0,-0.0879622887333523,65.34431137724552,LOW,0,Transaction narration pattern is rarely seen,NORMAL
btx_e05bd73ae24a,bac_4934eb4d,2026-04-17,2026-04-17,117314.68,0.0,117314.68,-4387902.56,TO TRANSFER-NEFT*KKBK0062908*SBINN26041742408734*ANNAPURNA OFFICE F--,ANNAPURNA OFFICE FUR,SBINN26041742408734,,-117314.68,1,0,4,17,4,139,534153.6267625899,102298.73,831171.1727670145,3072000.0,-0.501507944957848,1.146785302222227,1,4,1,1,0,2.9103830456733704e-10,0,-0.0880296390375072,65.26946107784431,LOW,0,Transaction narration pattern is rarely seen,NORMAL
btx_884db101c3ee,bac_eb0ff218,2026-07-13,2026-07-13,0.0,28000.0,28000.0,2651658.69,FT - CR - 50200005858504 - OWN A/C TRF,SELF,4057296581,,28000.0,0,1,0,13,7,631,116974.839207607,38044.38,203932.55657779044,2196000.0,-0.4362954140363918,0.7359825551106366,8,120,1,1,0,0.0,0,-0.0880503590559049,65.19461077844312,LOW,0,Appears to be a transfer between own accounts; High transaction activity for this account on the same day; Transaction narration pattern is rarely seen,OWN_ACCOUNT_TRANSFER
btx_eb7ad79bcc26,bac_4934eb4d,2026-04-11,2026-04-11,45137.4,0.0,45137.4,-4370581.98,TO TRANSFER-IMPS/P2A/009128556115/JANATA CATERERS--,JANATA CATERERS,009128556115,,-45137.4,1,0,5,11,4,139,534153.6267625899,102298.73,831171.1727670145,3072000.0,-0.58834599031464,0.4412312841029405,2,13,1,1,0,-3.7107383832335467e-10,0,-0.0886417400686037,65.11976047904191,LOW,0,Transaction narration pattern is rarely seen,NORMAL
btx_397dd6a9691e,bac_afe3ea72,2025-10-31,2025-10-31,458953.6,0.0,458953.6,2570306.84,TRF/SALARY/CC-OPS-36 OCT25,OPERATIONS,6612042026,,-458953.6,1,0,4,31,10,137,532932.7678832117,374904.68,619248.6439248768,3072000.0,-0.1194660151604408,1.2241874387911085,9,9,1,1,0,-1.1641532182693479e-10,0,-0.0887846280976609,65.04491017964071,LOW,0,High transaction activity for this account on the same day; Transaction narration pattern is rarely seen,NORMAL
btx_e55d9052a231,bac_afe3ea72,2025-12-31,2025-12-31,289757.64,0.0,289757.64,3029784.36,TRF/SALARY/CC-PRC-36 DEC25,PROCUREMENT,1993512480,,-289757.64,1,0,2,31,12,137,532932.7678832117,374904.68,619248.6439248768,3072000.0,-0.39269383997668,0.7728834966797428,10,12,1,1,0,-1.1641532182693479e-10,0,-0.0890952568520456,64.97005988023952,LOW,0,High transaction activity for this account on the same day; Transaction narration pattern is rarely seen,NORMAL
btx_5634bd8ecb43,bac_4934eb4d,2026-04-11,2026-04-11,5.9,0.0,5.9,-4370587.88,TO IMPS COMM 009128556115,,009128556115,,-5.9,1,0,5,11,4,139,534153.6267625899,102298.73,831171.1727670145,3072000.0,-0.6426446732799729,5.7674225281193626e-05,2,404,1,1,0,5.58793900040655e-10,0,-0.0893552197232661,64.89520958083833,LOW,0,Transaction narration pattern is rarely seen,NORMAL
btx_876cdd469568,bac_eb0ff218,2026-04-27,2026-04-27,0.0,300000.0,300000.0,1718944.55,FT - CR - 50200002838504 - OWN A/C TRF,SELF,5440655541,,300000.0,0,1,0,27,4,631,116974.839207607,38044.38,203932.55657779044,2196000.0,0.8974788717591433,7.885527376185393,2,120,1,1,0,0.0,0,-0.0895003484177718,64.82035928143712,LOW,0,Appears to be a transfer between own accounts; Transaction narration pattern is rarely seen,OWN_ACCOUNT_TRANSFER
btx_3cea6967f4e4,bac_4934eb4d,2026-03-24,2026-03-24,44385.7,0.0,44385.7,-3627609.47,TO TRANSFER-NEFT*HDFC0335006*SBINN26032426425814*SupremeEducation--,SUPREME EDUCATIONAL ,SBINN26032426425814,,-44385.7,1,0,1,24,3,139,534153.6267625899,102298.73,831171.1727670145,3072000.0,-0.5892503768292704,0.4338831967904196,1,16,1,1,0,-1.8917489796876907e-10,0,-0.0896379950589427,64.74550898203593,LOW,0,Transaction narration pattern is rarely seen,NORMAL
btx_2bc038fc6013,bac_4934eb4d,2025-11-20,2025-11-20,5.9,0.0,5.9,-4320881.58,TO IMPS COMM 392158008237,,392158008237,,-5.9,1,0,3,20,11,139,534153.6267625899,102298.73,831171.1727670145,3072000.0,-0.6426446732799729,5.7674225281193626e-05,2,404,1,1,0,-3.7252867457482353e-10,0,-0.0896555945788564,64.67065868263472,LOW,0,Transaction narration pattern is rarely seen,NORMAL
btx_3c34d75ea213,bac_afe3ea72,2025-12-31,2025-12-31,310028.56,0.0,310028.56,2719755.8,TRF/SALARY/CC-HRM-36 DEC25,HUMAN RESOURCES,4033230721,,-310028.56,1,0,2,31,12,137,532932.7678832117,374904.68,619248.6439248768,3072000.0,-0.3599591376905026,0.8269530271001152,10,12,1,1,0,-5.820766091346741e-11,0,-0.089706582165411,64.59580838323353,LOW,0,High transaction activity for this account on the same day; Transaction narration pattern is rarely seen,NORMAL
btx_ecbea4b32751,bac_afe3ea72,2026-03-31,2026-03-31,289757.64,0.0,289757.64,2566519.91,TRF/SALARY/CC-PRC-36 MAR26,PROCUREMENT,2812591931,,-289757.64,1,0,1,31,3,137,532932.7678832117,374904.68,619248.6439248768,3072000.0,-0.39269383997668,0.7728834966797428,10,12,1,1,0,3.4924596548080444e-10,0,-0.0897361182723798,64.52095808383234,LOW,0,High transaction activity for this account on the same day; Transaction narration pattern is rarely seen,NORMAL
btx_84956b99e667,bac_afe3ea72,2026-04-30,2026-04-30,514621.92,0.0,514621.92,1321950.75,TRF/SALARY/CC-OPS-36 APR26,OPERATIONS,6800144858,,-514621.92,1,0,3,30,4,137,532932.7678832117,374904.68,619248.6439248768,3072000.0,-0.0295694598007599,1.3726740354374878,9,9,1,1,0,5.820766091346741e-11,0,-0.0898722172110772,64.44610778443113,LOW,0,High transaction activity for this account on the same day; Transaction narration pattern is rarely seen,NORMAL
btx_0f4382e75bb0,bac_afe3ea72,2026-03-31,2026-03-31,310028.56,0.0,310028.56,298679.21,TRF/SALARY/CC-HRM-36 MAR26,HUMAN RESOURCES,4563419242,,-310028.56,1,0,1,31,3,137,532932.7678832117,374904.68,619248.6439248768,3072000.0,-0.3599591376905026,0.8269530271001152,10,12,1,1,0,0.0,0,-0.0899440202146564,64.37125748502994,LOW,0,High transaction activity for this account on the same day; Transaction narration pattern is rarely seen,NORMAL
btx_773ce1551092,bac_5bed52aa,2026-03-11,2026-03-11,0.0,434872.48,434872.48,10739291.13,BY TRANSFER/RTGS/SBINR42130187121/Sunrise Hotels,SUNRISE HOTELS,SBINR42130187121,,434872.48,0,1,2,11,3,126,193510.78952380957,69980.845,248130.59903300003,1297326.04,0.9727203795775732,6.21416446171806,1,32,1,1,0,4.656612873077393e-10,0,-0.0899665506579083,64.29640718562875,LOW,0,Transaction narration pattern is rarely seen,NORMAL
btx_3e45fcec9d5c,bac_c4599022,2025-12-25,2025-12-25,0.0,706130.1,706130.1,2056829.5,BY TRANSFER-NEFT*BARB0795663*SBINN61343704426*malhotra furnishin--,MALHOTRA FURNISHINGS,SBINN61343704426,,706130.1,0,1,3,25,12,303,274105.44752475247,159866.04,329248.9266066456,2100000.0,1.312152045347101,4.417011267683868,1,39,1,1,0,1.1641532182693479e-10,0,-0.0900540921600379,64.22155688622755,LOW,0,Transaction narration pattern is rarely seen,NORMAL
btx_e428380b66d9,bac_afe3ea72,2025-10-31,2025-10-31,485910.44,0.0,485910.44,286264.0,TRF/SALARY/CC-WHL-36 OCT25,WAREHOUSE AND LOGIST,5345164593,,-485910.44,1,0,4,31,10,137,532932.7678832117,374904.68,619248.6439248768,3072000.0,-0.0759344866468793,1.2960906222883108,9,12,1,1,0,5.820766091346741e-11,0,-0.0901987913223226,64.14670658682635,LOW,0,High transaction activity for this account on the same day; Transaction narration pattern is rarely seen,NORMAL
btx_a48dffd1a4ff,bac_eb0ff218,2026-08-19,2026-08-19,621701.89,0.0,621701.89,1079314.82,GST PMT-CPIN 26083609769393-2026-07,GSTN,26083609769393,,-621701.89,1,0,2,19,8,631,116974.839207607,38044.38,203932.55657779044,2196000.0,2.474970447398201,16.341490911403998,2,11,1,1,0,1.1641532182693479e-10,0,-0.0902446669324402,64.07185628742515,LOW,0,Amount is unusually high for this account; Transaction narration pattern is rarely seen,NORMAL
btx_e61e14699fdd,bac_c4599022,2026-03-21,2026-03-21,650000.0,0.0,650000.0,907320.76,TO TRANSFER-RTGS UTR NO: SBINR26032126251050--A/C 5347,,SBINR26032126251050,,-650000.0,1,0,5,21,3,303,274105.44752475247,159866.04,329248.9266066456,2100000.0,1.1416728259355255,4.065904178273259,2,404,1,1,0,0.0,0,-0.0902673130603217,63.99700598802395,LOW,0,Transaction narration pattern is rarely seen,NORMAL
btx_8dd60f0cba6b,bac_afe3ea72,2026-04-30,2026-04-30,521213.48,0.0,521213.48,2701513.39,TRF/SALARY/CC-WHL-36 APR26,WAREHOUSE AND LOGIST,5415541748,,-521213.48,1,0,3,30,4,137,532932.7678832117,374904.68,619248.6439248768,3072000.0,-0.0189250117835275,1.3902559978712457,9,12,1,1,0,0.0,0,-0.0904783707581663,63.92215568862275,LOW,0,High transaction activity for this account on the same day; Transaction narration pattern is rarely seen,NORMAL
btx_5c9fbf550385,bac_afe3ea72,2025-09-30,2025-09-30,458953.6,0.0,458953.6,2550017.84,TRF/SALARY/CC-OPS-36 SEP25,OPERATIONS,2291935871,,-458953.6,1,0,1,30,9,137,532932.7678832117,374904.68,619248.6439248768,3072000.0,-0.1194660151604408,1.2241874387911085,9,9,1,1,0,-1.1641532182693479e-10,0,-0.0907851313296435,63.84730538922155,LOW,0,High transaction activity for this account on the same day; Transaction narration pattern is rarely seen,NORMAL
btx_4eeca933d3b9,bac_eb0ff218,2026-03-19,2026-03-19,602420.95,0.0,602420.95,1009411.0,GST PMT-CPIN 26033625121263-2026-02,GSTN,26033625121263,,-602420.95,1,0,3,19,3,631,116974.839207607,38044.38,203932.55657779044,2196000.0,2.3804247783615597,15.834689644042037,2,11,1,1,0,0.0,0,-0.0908847861203703,63.77245508982036,LOW,0,Amount is unusually high for this account; Transaction narration pattern is rarely seen,NORMAL
btx_8c40f81cda4d,bac_5bed52aa,2025-12-27,2025-12-27,0.0,9999.99,9999.99,5521653.8,BY TRANSFER/NEFT/SBINN55634073449/apex chemicals pvt lt,APEX CHEMICALS,SBINN55634073449,,9999.99,0,1,5,27,12,126,193510.78952380957,69980.845,248130.59903300003,1297326.04,-0.7395734352755244,0.142896102497762,1,8,1,1,0,2.2373569663614035e-10,0,-0.0910323209751667,63.69760479041916,LOW,0,Transaction narration pattern is rarely seen,NORMAL
btx_303f153267c9,bac_c4599022,2026-06-26,2026-06-26,421000.0,0.0,421000.0,660918.51,TO TRANSFER-INB OWN A/C 6220--,SELF,2888494125,,-421000.0,1,0,4,26,6,303,274105.44752475247,159866.04,329248.9266066456,2100000.0,0.4461504369632851,2.6334548600816032,1,120,14,1,0,0.0,0,-0.0911461013297005,63.622754491017965,LOW,0,Appears to be a transfer between own accounts,OWN_ACCOUNT_TRANSFER
btx_8b6579b0e807,bac_afe3ea72,2025-09-30,2025-09-30,485910.44,0.0,485910.44,677536.68,TRF/SALARY/CC-WHL-36 SEP25,WAREHOUSE AND LOGIST,5291333114,,-485910.44,1,0,1,30,9,137,532932.7678832117,374904.68,619248.6439248768,3072000.0,-0.0759344866468793,1.2960906222883108,9,12,1,1,0,-5.820766091346741e-11,0,-0.0913538811307456,63.547904191616766,LOW,0,High transaction activity for this account on the same day; Transaction narration pattern is rarely seen,NORMAL
btx_cb42d38cff11,bac_c4599022,2026-02-03,2026-02-03,0.0,442518.39,442518.39,1596771.21,BY TRANSFER-NEFT*BARB0795663*SBINN23004003372*Malhotra Furnis--,,SBINN23004003372,,442518.39,0,1,1,3,2,303,274105.44752475247,159866.04,329248.9266066456,2100000.0,0.511506428315409,2.768057493636547,3,404,1,1,0,-1.1641532182693479e-10,0,-0.0914389171707691,63.47305389221557,LOW,0,Transaction narration pattern is rarely seen,NORMAL
btx_f8c7aee8fe28,bac_5bed52aa,2026-03-16,2026-03-16,0.0,344626.08,344626.08,11320394.92,BY TRANSFER/NEFT/SBINN34655853814/M/S SUNRISE HOTELS LTD,SUNRISE HOTELS,SBINN34655853814,,344626.08,0,1,0,16,3,126,193510.78952380957,69980.845,248130.59903300003,1297326.04,0.609015135840191,4.924577289685485,2,32,1,1,0,5.820766091346741e-11,0,-0.0915761041531066,63.398203592814376,LOW,0,Transaction narration pattern is rarely seen,NORMAL
btx_662445820580,bac_c4599022,2026-01-02,2026-01-02,299000.0,0.0,299000.0,660216.51,TO TRANSFER-RTGS UTR NO: SBINR26010227313555--A/C 5347,,SBINR26010227313555,,-299000.0,1,0,4,2,1,303,274105.44752475247,159866.04,329248.9266066456,2100000.0,0.0756101249344059,1.870315922005699,1,404,1,1,0,0.0,0,-0.0916972766641094,63.32335329341318,LOW,0,Transaction narration pattern is rarely seen,NORMAL
btx_eb454922e8f9,bac_afe3ea72,2026-05-29,2026-05-29,514621.92,0.0,514621.92,280413.51,TRF/SALARY/CC-OPS-36 MAY26,OPERATIONS,0400544131,,-514621.92,1,0,4,29,5,137,532932.7678832117,374904.68,619248.6439248768,3072000.0,-0.0295694598007599,1.3726740354374878,8,9,1,1,0,-5.820766091346741e-11,0,-0.0918625551150119,63.24850299401198,LOW,0,High transaction activity for this account on the same day; Transaction narration pattern is rarely seen,NORMAL
btx_c083714ea219,bac_4934eb4d,2026-06-22,2026-06-22,33156.82,0.0,33156.82,-3309751.98,TO TRANSFER-NEFT*KKBK0311215*SBINN26062293208556*Navaratna Machiner--,NAVARATNA MACHINERY ,SBINN26062293208556,,-33156.82,1,0,0,22,6,139,534153.6267625899,102298.73,831171.1727670145,3072000.0,-0.6027600850192434,0.3241176112352519,3,10,1,1,0,1.673470251262188e-10,0,-0.0920468314680927,63.17365269461078,LOW,0,Transaction narration pattern is rarely seen,NORMAL
btx_d7db5a1461b4,bac_c4599022,2026-09-07,2026-09-07,0.0,713516.3,713516.3,1745970.51,BY TRANSFER-RTGS UTR NO: SBINR79917152262--Malhotra Furnishin,MALHOTRA FURNISHINGS,SBINR79917152262,,713516.3,0,1,0,7,9,303,274105.44752475247,159866.04,329248.9266066456,2100000.0,1.3345855277463443,4.463213700670887,2,39,1,1,0,0.0,0,-0.0920596542949854,63.09880239520959,LOW,0,Transaction narration pattern is rarely seen,NORMAL
btx_7c8542e702d1,bac_c4599022,2026-07-27,2026-07-27,0.0,47381.16,47381.16,807461.5,BY TRANSFER-UPI/CR/453265925821/MALHOTRA FURNISHING/BARB--,,453265925821,,47381.16,0,1,0,27,7,303,274105.44752475247,159866.04,329248.9266066456,2100000.0,-0.6886105593766156,0.2963803944852828,5,404,2,1,0,2.9103830456733704e-11,0,-0.0921874672479862,63.02395209580839,LOW,0,Elevated transaction activity for this account on the same day,NORMAL
btx_48673b17f6a2,bac_afe3ea72,2026-05-29,2026-05-29,521213.48,0.0,521213.48,1344363.99,TRF/SALARY/CC-WHL-36 MAY26,WAREHOUSE AND LOGIST,4312569685,,-521213.48,1,0,4,29,5,137,532932.7678832117,374904.68,619248.6439248768,3072000.0,-0.0189250117835275,1.3902559978712457,8,12,1,1,0,0.0,0,-0.0922383366032076,62.94910179640718,LOW,0,High transaction activity for this account on the same day; Transaction narration pattern is rarely seen,NORMAL
btx_8267b285b5fa,bac_c4599022,2026-07-21,2026-07-21,0.0,897315.74,897315.74,1753969.22,BY TRANSFER-NEFT*ICIC0100105*SBINN31222772030*SHARMA REALTY--,SHARMA REALTY,SBINN31222772030,,897315.74,0,1,1,21,7,303,274105.44752475247,159866.04,329248.9266066456,2100000.0,1.892824067486781,5.612922794609787,2,7,1,1,0,0.0,0,-0.0923856084257802,62.87425149700599,LOW,0,Transaction narration pattern is rarely seen,NORMAL
btx_78fea9f8324d,bac_4934eb4d,2026-09-11,2026-09-11,45137.4,0.0,45137.4,-4305354.12,TO TRANSFER-NEFT*UTIB0352502*SBINN26091104083249*JANATA CATERERS--,JANATA CATERERS,SBINN26091104083249,,-45137.4,1,0,4,11,9,139,534153.6267625899,102298.73,831171.1727670145,3072000.0,-0.58834599031464,0.4412312841029405,1,13,1,1,0,-3.7107383832335467e-10,0,-0.0936672428626813,62.79940119760479,LOW,0,Transaction narration pattern is rarely seen,NORMAL
btx_e8a22b04d266,bac_c4599022,2026-08-03,2026-08-03,300000.0,0.0,300000.0,1342511.9,TO TRANSFER-INB OWN A/C 8504--,SELF,1884105333,,-300000.0,1,0,0,3,8,303,274105.44752475247,159866.04,329248.9266066456,2100000.0,0.0786473406067738,1.8765711592030427,1,120,5,1,0,0.0,0,-0.0937163695001189,62.72455089820359,LOW,0,Appears to be a transfer between own accounts,OWN_ACCOUNT_TRANSFER
btx_91afc7218f6b,bac_eb0ff218,2026-08-06,2026-08-06,0.0,350000.0,350000.0,1125690.68,FT - CR - 50200006012004 - OWN A/C TRF,SELF,1153821347,,350000.0,0,1,3,6,8,631,116974.839207607,38044.38,203932.55657779044,2196000.0,1.1426579684127345,9.19978193888296,2,120,1,1,0,-1.1641532182693479e-10,0,-0.0937721155735289,62.6497005988024,LOW,0,Appears to be a transfer between own accounts; Transaction narration pattern is rarely seen,OWN_ACCOUNT_TRANSFER
btx_e34763334f66,bac_5bed52aa,2026-03-22,2026-03-22,0.0,280486.0,280486.0,12121550.42,BY TRANSFER/NEFT/SBINN24311241936/SunriseHotelsLtd,SUNRISE HOTELS,SBINN24311241936,,280486.0,0,1,6,22,3,126,193510.78952380957,69980.845,248130.59903300003,1297326.04,0.3505219058638682,4.0080396285583575,2,32,1,1,0,0.0,0,-0.093985887340302,62.5748502994012,LOW,0,Transaction narration pattern is rarely seen,NORMAL
btx_e20d4086ce5d,bac_c4599022,2026-02-24,2026-02-24,600000.0,0.0,600000.0,1026968.2,TO TRANSFER- RTGS UTR NO: SBINR26022442509436--A/C 5347,,SBINR26022442509436,,-600000.0,1,0,1,24,2,303,274105.44752475247,159866.04,329248.9266066456,2100000.0,0.9898120423171324,3.7531423184060855,2,404,1,1,0,0.0,0,-0.0940619518153006,62.5,LOW,0,Transaction narration pattern is rarely seen,NORMAL
btx_0228b1449e31,bac_afe3ea72,2025-11-28,2025-11-28,274112.96,0.0,274112.96,269719.0,TRF/SALARY/CC-CSV-36 NOV25,CUSTOMER SERVICE,5629342313,,-274112.96,1,0,4,28,11,137,532932.7678832117,374904.68,619248.6439248768,3072000.0,-0.4179578113288691,0.7311537428660534,8,7,1,1,0,5.820766091346741e-11,0,-0.0944539496249373,62.4251497005988,LOW,0,High transaction activity for this account on the same day; Transaction narration pattern is rarely seen,NORMAL
btx_628db79545ec,bac_afe3ea72,2026-01-30,2026-01-30,374904.68,0.0,374904.68,790017.54,TRF/SALARY/CC-FIN-36 JAN26,FINANCE AND ACCOUNTS,7285113445,,-374904.68,1,0,4,30,1,137,532932.7678832117,374904.68,619248.6439248768,3072000.0,-0.2551932724173759,1.0,8,11,1,1,0,5.820766091346741e-11,0,-0.0945089387736445,62.3502994011976,LOW,0,High transaction activity for this account on the same day; Transaction narration pattern is rarely seen,NORMAL
btx_eb37f9fb8c77,bac_4934eb4d,2026-07-27,2026-07-27,100000.0,0.0,100000.0,-4311360.09,TO TRANSFER-NEFT*SBIN0022561*SBINN26072716942107*A/C 2004--,,SBINN26072716942107,,-100000.0,1,0,0,27,7,139,534153.6267625899,102298.73,831171.1727670145,3072000.0,-0.5223396106451438,0.9775292420541292,4,404,1,1,0,0.0,0,-0.0948660571813637,62.27544910179641,LOW,0,Transaction narration pattern is rarely seen,NORMAL
btx_f3400614b599,bac_eb0ff218,2025-11-30,2025-11-30,177.0,0.0,177.0,1541031.89,CHRG: ACCOUNT MAINTENANCE NOV25,,,,-177.0,1,0,6,30,11,631,116974.839207607,38044.38,203932.55657779044,2196000.0,-0.5727277741602491,0.0046524611519493,5,404,1,0,0,0.0,0,-0.0949025178664521,62.20059880239521,LOW,0,Elevated transaction activity for this account on the same day; Transaction narration pattern is rarely seen; Bank reference is missing,NORMAL
btx_b7efe5b6b46f,bac_afe3ea72,2026-04-30,2026-04-30,210627.52,0.0,210627.52,2180857.31,TRF/SALARY/CC-ITS-36 APR26,INFORMATION TECHNOLO,8130239210,,-210627.52,1,0,3,30,4,137,532932.7678832117,374904.68,619248.6439248768,3072000.0,-0.5204779227943076,0.561816192852007,9,12,1,1,0,-2.9103830456733704e-11,0,-0.0951597363020723,62.125748502994014,LOW,0,High transaction activity for this account on the same day; Transaction narration pattern is rarely seen,NORMAL
btx_6cf2fc2fa3c1,bac_afe3ea72,2026-07-31,2026-07-31,210627.52,0.0,210627.52,2261949.8,TRF/SALARY/CC-ITS-36 JUL26,INFORMATION TECHNOLO,9905331037,,-210627.52,1,0,4,31,7,137,532932.7678832117,374904.68,619248.6439248768,3072000.0,-0.5204779227943076,0.561816192852007,9,12,1,1,0,-2.9103830456733704e-11,0,-0.095162080616742,62.05089820359282,LOW,0,High transaction activity for this account on the same day; Transaction narration pattern is rarely seen,NORMAL
btx_3e4950a05aa7,bac_5bed52aa,2025-12-29,2025-12-29,0.0,30325.3,30325.3,5551979.1,UPI/073341326494/INV-38-0017/krishnaho@ybl/PUNJAB NATIONAL BANK,KRISHNA HOTELS,073341326494,,30325.3,0,1,0,29,12,126,193510.78952380957,69980.845,248130.59903300003,1297326.04,-0.6576596766370872,0.4333371510446894,1,6,1,1,0,-1.8553691916167736e-10,0,-0.0951720497726649,61.97604790419161,LOW,0,Transaction narration pattern is rarely seen,NORMAL
btx_d1eb3a30a6be,bac_afe3ea72,2025-11-28,2025-11-28,374904.68,0.0,374904.68,2911182.32,TRF/SALARY/CC-FIN-36 NOV25,FINANCE AND ACCOUNTS,2627401124,,-374904.68,1,0,4,28,11,137,532932.7678832117,374904.68,619248.6439248768,3072000.0,-0.2551932724173759,1.0,8,11,1,1,0,-1.7462298274040222e-10,0,-0.0951845316967282,61.90119760479041,LOW,0,High transaction activity for this account on the same day; Transaction narration pattern is rarely seen,NORMAL
btx_7a8fa81a8c78,bac_afe3ea72,2026-08-31,2026-08-31,374904.68,0.0,374904.68,1716025.24,TRF/SALARY/CC-FIN-36 AUG26,FINANCE AND ACCOUNTS,8901591737,,-374904.68,1,0,0,31,8,137,532932.7678832117,374904.68,619248.6439248768,3072000.0,-0.2551932724173759,1.0,9,11,1,1,0,5.820766091346741e-11,0,-0.0955894153954577,61.82634730538922,LOW,0,High transaction activity for this account on the same day; Transaction narration pattern is rarely seen,NORMAL
btx_a160e78231b3,bac_eb0ff218,2026-06-29,2026-06-29,0.0,54000.0,54000.0,1203771.96,FT - CR - 50200004252004 - OWN A/C TRF,SELF,0352945981,,54000.0,0,1,0,29,6,631,116974.839207607,38044.38,203932.55657779044,2196000.0,-0.3088022837765245,1.4193949277133706,6,120,1,1,0,0.0,0,-0.0956303297680342,61.75149700598802,LOW,0,Appears to be a transfer between own accounts; Elevated transaction activity for this account on the same day; Transaction narration pattern is rarely seen,OWN_ACCOUNT_TRANSFER
btx_2f1f31c743c4,bac_c4599022,2025-11-19,2025-11-19,0.0,736241.13,736241.13,1436568.77,BY TRANSFER-NEFT*BARB0795663*SBINN08621429536*MALHOTRA FURNIS--,MALHOTRA FURNISHINGS,SBINN08621429536,,736241.13,0,1,2,19,11,303,274105.44752475247,159866.04,329248.9266066456,2100000.0,1.40360573757424,4.605362902590193,1,39,1,1,0,0.0,0,-0.0956848325115847,61.67664670658682,LOW,0,Transaction narration pattern is rarely seen,NORMAL
btx_3f9803ec86ab,bac_5bed52aa,2025-12-08,2025-12-08,0.0,3811.5,3811.5,3721197.66,MMT/IMPS/SBINI31499245028/INV-38-0051/GARUDA HARDWARE MA/BANK OF BAROD,GARUDA HARDWARE MART,SBINI31499245028,,3811.5,0,1,0,8,12,126,193510.78952380957,69980.845,248130.59903300003,1297326.04,-0.7645138901171176,0.0544649039319259,1,8,1,1,0,0.0,0,-0.0959422159819167,61.60179640718562,LOW,0,Transaction narration pattern is rarely seen,NORMAL
btx_0fd2fe4ed5e0,bac_afe3ea72,2026-02-27,2026-02-27,260225.65,0.0,260225.65,3064992.97,TRF/SALARY/CC-ITS-36 FEB26,INFORMATION TECHNOLO,4530572150,,-260225.65,1,0,4,27,2,137,532932.7678832117,374904.68,619248.6439248768,3072000.0,-0.4403838757801054,0.6941115005552878,8,12,1,1,0,8.731149137020111e-11,0,-0.0961178634138064,61.52694610778443,LOW,0,High transaction activity for this account on the same day; Transaction narration pattern is rarely seen,NORMAL
btx_a0c4c098c850,bac_afe3ea72,2026-07-31,2026-07-31,472696.0,0.0,472696.0,1499496.16,TRF/SALARY/CC-WHL-36 JUL26,WAREHOUSE AND LOGIST,8682201441,,-472696.0,1,0,4,31,7,137,532932.7678832117,374904.68,619248.6439248768,3072000.0,-0.0972739601033656,1.260843156185727,9,12,1,1,0,0.0,0,-0.0964114069591747,61.452095808383234,LOW,0,High transaction activity for this account on the same day; Transaction narration pattern is rarely seen,NORMAL
btx_66fa869bbd0b,bac_5bed52aa,2026-07-31,2026-07-31,0.0,2520.0,2520.0,19513359.31,BY TRANSFER/NEFT/SBINN21332213173/KRISHNA HOTELS,KRISHNA HOTELS,SBINN21332213173,,2520.0,0,1,4,31,7,126,193510.78952380957,69980.845,248130.59903300003,1297326.04,-0.7697188104495278,0.0360098538392898,2,6,1,1,0,0.0,0,-0.09653780880959,61.37724550898204,LOW,0,Transaction narration pattern is rarely seen,NORMAL
btx_7abbbb6258d3,bac_afe3ea72,2025-11-28,2025-11-28,273371.56,0.0,273371.56,2637810.76,TRF/SALARY/CC-ITS-36 NOV25,INFORMATION TECHNOLO,4488744401,,-273371.56,1,0,4,28,11,137,532932.7678832117,374904.68,619248.6439248768,3072000.0,-0.419155068694345,0.7291761735276284,8,12,1,1,0,-5.820766091346741e-11,0,-0.0970468056781653,61.30239520958084,LOW,0,High transaction activity for this account on the same day; Transaction narration pattern is rarely seen,NORMAL
btx_6cc6b84a33e2,bac_afe3ea72,2026-05-29,2026-05-29,210627.52,0.0,210627.52,1865577.47,TRF/SALARY/CC-ITS-36 MAY26,INFORMATION TECHNOLO,1902351149,,-210627.52,1,0,4,29,5,137,532932.7678832117,374904.68,619248.6439248768,3072000.0,-0.5204779227943076,0.561816192852007,8,12,1,1,0,-2.9103830456733704e-11,0,-0.0974019248372414,61.227544910179645,LOW,0,High transaction activity for this account on the same day; Transaction narration pattern is rarely seen,NORMAL
btx_be91602abb82,bac_afe3ea72,2026-01-30,2026-01-30,273371.56,0.0,273371.56,1733105.5,TRF/SALARY/CC-ITS-36 JAN26,INFORMATION TECHNOLO,8661345329,,-273371.56,1,0,4,30,1,137,532932.7678832117,374904.68,619248.6439248768,3072000.0,-0.419155068694345,0.7291761735276284,8,12,1,1,0,-5.820766091346741e-11,0,-0.0974472671323258,61.15269461077845,LOW,0,High transaction activity for this account on the same day; Transaction narration pattern is rarely seen,NORMAL
btx_86cf505d4cd3,bac_4934eb4d,2026-08-27,2026-08-27,90761.71,0.0,90761.71,-4396765.09,TO TRANSFER-UPI/DR/503376038362/Aarav Pandey/SBIN--,AARAV PANDEY,503376038362,,-90761.71,1,0,3,27,8,139,534153.6267625899,102298.73,831171.1727670145,3072000.0,-0.5334543969884252,0.8872222558383668,3,2,1,1,0,4.365574568510056e-11,0,-0.0979285443770248,61.07784431137725,LOW,0,Counterparty is rarely seen in the dataset; Transaction narration pattern is rarely seen,NORMAL
btx_6684774d8545,bac_5bed52aa,2026-01-08,2026-01-08,52230.96,0.0,52230.96,5929014.44,TO TRANSFER/NEFT/HDFCN26010802513635/Sree Lakshmi Properties,SREE LAKSHMI PROPERT,HDFCN26010802513635,,-52230.96,1,0,3,8,1,126,193510.78952380957,69980.845,248130.59903300003,1297326.04,-0.5693768929523283,0.7463608077324587,2,11,2,1,0,3.637978807091713e-11,0,-0.0980112695166777,61.00299401197605,LOW,0,Transaction is unusual compared with learned transaction patterns,NORMAL
btx_9e64d55d1be6,bac_afe3ea72,2026-02-27,2026-02-27,310028.56,0.0,310028.56,1575680.17,TRF/SALARY/CC-HRM-36 FEB26,HUMAN RESOURCES,6424444184,,-310028.56,1,0,4,27,2,137,532932.7678832117,374904.68,619248.6439248768,3072000.0,-0.3599591376905026,0.8269530271001152,8,12,1,1,0,-5.820766091346741e-11,0,-0.0981739443198828,60.92814371257485,LOW,0,High transaction activity for this account on the same day; Transaction narration pattern is rarely seen,NORMAL
btx_d68612430d1c,bac_afe3ea72,2026-01-30,2026-01-30,310028.56,0.0,310028.56,1164922.22,TRF/SALARY/CC-HRM-36 JAN26,HUMAN RESOURCES,9353334003,,-310028.56,1,0,4,30,1,137,532932.7678832117,374904.68,619248.6439248768,3072000.0,-0.3599591376905026,0.8269530271001152,8,12,1,1,0,-5.820766091346741e-11,0,-0.0983531374624234,60.853293413173645,LOW,0,High transaction activity for this account on the same day; Transaction narration pattern is rarely seen,NORMAL
btx_342f6e659153,bac_afe3ea72,2026-08-31,2026-08-31,310028.56,0.0,310028.56,1405996.68,TRF/SALARY/CC-HRM-36 AUG26,HUMAN RESOURCES,1301379320,,-310028.56,1,0,0,31,8,137,532932.7678832117,374904.68,619248.6439248768,3072000.0,-0.3599591376905026,0.8269530271001152,9,12,1,1,0,-5.820766091346741e-11,0,-0.0985279831766794,60.77844311377245,LOW,0,High transaction activity for this account on the same day; Transaction narration pattern is rarely seen,NORMAL
btx_2cc7991dc75e,bac_afe3ea72,2026-08-31,2026-08-31,289757.64,0.0,289757.64,299258.4,TRF/SALARY/CC-PRC-36 AUG26,PROCUREMENT,6997167821,,-289757.64,1,0,0,31,8,137,532932.7678832117,374904.68,619248.6439248768,3072000.0,-0.39269383997668,0.7728834966797428,9,12,1,1,0,0.0,0,-0.0987699068756708,60.703592814371255,LOW,0,High transaction activity for this account on the same day; Transaction narration pattern is rarely seen,NORMAL
btx_e54f16487a48,bac_5bed52aa,2026-03-16,2026-03-16,0.0,277057.91,277057.91,10975768.84,BY TRANSFER/RTGS/SBINR07684648151/Sunrise Hotels Ltd,SUNRISE HOTELS,SBINR07684648151,,277057.91,0,1,0,16,3,126,193510.78952380957,69980.845,248130.59903300003,1297326.04,0.3367062377706956,3.959053509571083,2,32,1,1,0,1.7462298274040222e-10,0,-0.0987860185159361,60.62874251497006,LOW,0,Transaction narration pattern is rarely seen,NORMAL
btx_932581f3b883,bac_afe3ea72,2026-01-30,2026-01-30,289757.64,0.0,289757.64,2555805.62,TRF/SALARY/CC-PRC-36 JAN26,PROCUREMENT,5050350150,,-289757.64,1,0,4,30,1,137,532932.7678832117,374904.68,619248.6439248768,3072000.0,-0.39269383997668,0.7728834966797428,8,12,1,1,0,3.4924596548080444e-10,0,-0.0988772966598392,60.55389221556886,LOW,0,High transaction activity for this account on the same day; Transaction narration pattern is rarely seen,NORMAL
btx_dd2cc2f9c132,bac_5bed52aa,2026-01-30,2026-01-30,0.0,190000.0,190000.0,7544596.65,BY TRANSFER/NEFT/SBINN19314916111/KOHINOOR AUTO PART,KOHINOOR AUTO PARTS,SBINN19314916111,,190000.0,0,1,4,30,1,126,193510.78952380957,69980.845,248130.59903300003,1297326.04,-0.0141489584013079,2.7150286624861417,1,10,1,1,0,0.0,0,-0.0988896175390687,60.47904191616767,LOW,0,Transaction narration pattern is rarely seen,NORMAL
btx_60a9637dd22a,bac_c4599022,2025-12-09,2025-12-09,0.0,571582.56,571582.56,1630401.1,BY TRANSFER-RTGS UTR NO: SBINR42255519334--ANAND PHARMA DISTRIBUTOR,ANAND PHARMA DISTRIB,SBINR42255519334,,571582.56,0,1,1,9,12,303,274105.44752475247,159866.04,329248.9266066456,2100000.0,0.9035021481805592,3.5753844906648093,3,12,1,1,0,0.0,0,-0.0989981641001765,60.40419161676647,LOW,0,Transaction narration pattern is rarely seen,NORMAL
btx_d89a4d552a71,bac_afe3ea72,2026-02-27,2026-02-27,289757.64,0.0,289757.64,2400330.65,TRF/SALARY/CC-PRC-36 FEB26,PROCUREMENT,7179835442,,-289757.64,1,0,4,27,2,137,532932.7678832117,374904.68,619248.6439248768,3072000.0,-0.39269383997668,0.7728834966797428,8,12,1,1,0,-1.1641532182693479e-10,0,-0.0991647303132028,60.32934131736527,LOW,0,High transaction activity for this account on the same day; Transaction narration pattern is rarely seen,NORMAL
btx_1c645ae52ead,bac_5bed52aa,2026-02-06,2026-02-06,0.0,241782.94,241782.94,8490078.49,BY TRANSFER/NEFT/SBINN18937441187/KOHINOOR AUTO PARTS LLP,KOHINOOR AUTO PARTS,SBINN18937441187,,241782.94,0,1,4,6,2,126,193510.78952380957,69980.845,248130.59903300003,1297326.04,0.1945433197852818,3.4549874326324583,1,10,1,1,0,4.074536263942719e-10,0,-0.0992631226387483,60.25449101796407,LOW,0,Transaction narration pattern is rarely seen,NORMAL
btx_f285bbda3e00,bac_4934eb4d,2026-08-21,2026-08-21,5.9,0.0,5.9,-4095959.0,TO IMPS COMM 087119110057,,087119110057,,-5.9,1,0,4,21,8,139,534153.6267625899,102298.73,831171.1727670145,3072000.0,-0.6426446732799729,5.7674225281193626e-05,3,404,1,1,0,9.313261273291572e-11,0,-0.0992633897999044,60.17964071856288,LOW,0,Transaction narration pattern is rarely seen,NORMAL
btx_d6445d455e02,bac_afe3ea72,2025-11-28,2025-11-28,310028.56,0.0,310028.56,1319500.04,TRF/SALARY/CC-HRM-36 NOV25,HUMAN RESOURCES,4509551585,,-310028.56,1,0,4,28,11,137,532932.7678832117,374904.68,619248.6439248768,3072000.0,-0.3599591376905026,0.8269530271001152,8,12,1,1,0,-5.820766091346741e-11,0,-0.0993221622585223,60.10479041916168,LOW,0,High transaction activity for this account on the same day; Transaction narration pattern is rarely seen,NORMAL
btx_25032ff083ec,bac_5bed52aa,2026-06-02,2026-06-02,0.0,5180.06,5180.06,16113887.85,UPI/082034305556/INV-38-0165/manjunath@ybl/KOTAK MAHINDRA BANK,MANJUNATH SPICE TRAD,082034305556,,5180.06,0,1,1,2,6,126,193510.78952380957,69980.845,248130.59903300003,1297326.04,-0.758998407523139,0.0740211124915682,1,6,1,1,0,5.211404641158879e-10,0,-0.0994578397719421,60.02994011976048,LOW,0,Transaction narration pattern is rarely seen,NORMAL
btx_d9f8dc71368a,bac_eb0ff218,2025-12-09,2025-12-09,342529.0,0.0,342529.0,1473280.93,RTGS DR-UTIB0573533-Srinivasa Computer Syst-HDFCR25120917502572,,HDFCR25120917502572,,-342529.0,1,0,1,9,12,631,116974.839207607,38044.38,203932.55657779044,2196000.0,1.1060233077907549,9.003406022124688,3,404,1,1,0,0.0,0,-0.0994764147678026,59.95508982035928,LOW,0,Transaction narration pattern is rarely seen,NORMAL
btx_26d184eaff76,bac_5bed52aa,2026-06-16,2026-06-16,0.0,119335.23,119335.23,17209387.75,BY TRANSFER/NEFT/SBINN21345459901/Manjunath Spice Trade,MANJUNATH SPICE TRAD,SBINN21345459901,,119335.23,0,1,1,16,6,126,193510.78952380957,69980.845,248130.59903300003,1297326.04,-0.2989375748613116,1.705255631023032,2,6,2,1,0,4.5110937207937235e-10,0,-0.0995924736988537,59.88023952095808,LOW,0,Transaction is unusual compared with learned transaction patterns,NORMAL
btx_7be67b4698f5,bac_afe3ea72,2025-11-28,2025-11-28,289757.64,0.0,289757.64,543831.96,TRF/SALARY/CC-PRC-36 NOV25,PROCUREMENT,5344102592,,-289757.64,1,0,4,28,11,137,532932.7678832117,374904.68,619248.6439248768,3072000.0,-0.39269383997668,0.7728834966797428,8,12,1,1,0,0.0,0,-0.0997356663723163,59.80538922155688,LOW,0,High transaction activity for this account on the same day; Transaction narration pattern is rarely seen,NORMAL
btx_5cd973d6d405,bac_eb0ff218,2026-04-03,2026-04-03,0.0,270000.0,270000.0,1386284.71,FT - CR - 50200000558504 - OWN A/C TRF,SELF,7078352362,,270000.0,0,1,4,3,4,631,116974.839207607,38044.38,203932.55657779044,2196000.0,0.7503714137669887,7.096974638566853,2,120,1,1,0,0.0,0,-0.0999244600501991,59.73053892215569,LOW,0,Appears to be a transfer between own accounts; Transaction narration pattern is rarely seen,OWN_ACCOUNT_TRANSFER
btx_7475724f1e3a,bac_c4599022,2026-01-08,2026-01-08,315000.0,0.0,315000.0,660149.89,TO TRANSFER-RTGS UTR NO: SBINR26010850310402--A/C 5347,,SBINR26010850310402,,-315000.0,1,0,3,8,1,303,274105.44752475247,159866.04,329248.9266066456,2100000.0,0.1242055756922917,1.9703997171631948,1,404,1,1,0,0.0,0,-0.1001726664277797,59.65568862275449,LOW,0,Transaction narration pattern is rarely seen,NORMAL
btx_b34f89ec1fa5,bac_5bed52aa,2026-04-11,2026-04-11,40580.2,0.0,40580.2,13857842.32,TO TRANSFER/NEFT/HDFCN26041176492971/M/S CodeForge Tools,,HDFCN26041176492971,,-40580.2,1,0,5,11,4,126,193510.78952380957,69980.845,248130.59903300003,1297326.04,-0.6163310374448039,0.5798758217337902,1,404,1,1,0,7.421476766467093e-10,0,-0.1008988801497123,59.58083832335329,LOW,0,Transaction narration pattern is rarely seen,NORMAL
btx_f544b9733c0e,bac_c4599022,2026-03-31,2026-03-31,0.0,27390.64,27390.64,859661.76,BY TRANSFER-CPC REFUND 852204155038--,,852204155038,,27390.64,0,1,1,31,3,303,274105.44752475247,159866.04,329248.9266066456,2100000.0,-0.7493260800193988,0.1713349501870441,5,404,1,1,0,1.4551915228366852e-11,0,-0.1010621461111176,59.50598802395209,LOW,0,Elevated transaction activity for this account on the same day; Transaction narration pattern is rarely seen,NORMAL
btx_e313921841fe,bac_c4599022,2026-04-06,2026-04-06,0.0,418775.26,418775.26,1079463.81,BY TRANSFER-RTGS UTR NO: SBINR85910038926--Malhotra Furnishings,,SBINR85910038926,,418775.26,0,1,0,6,4,303,274105.44752475247,159866.04,329248.9266066456,2100000.0,0.4393934217683415,2.6195385836791854,1,404,1,1,0,0.0,0,-0.1011565866777917,59.4311377245509,LOW,0,Transaction narration pattern is rarely seen,NORMAL
btx_96ca55336488,bac_4934eb4d,2026-08-21,2026-08-21,18000.0,0.0,18000.0,-4068244.34,TO TRANSFER-NEFT*HDFC0862747*SBINN26082173812041*A/C 5347--,,SBINN26082173812041,,-18000.0,1,0,4,21,8,139,534153.6267625899,102298.73,831171.1727670145,3072000.0,-0.6209955827080553,0.1759552635697432,3,404,1,1,0,0.0,0,-0.1011575862714644,59.3562874251497,LOW,0,Transaction narration pattern is rarely seen,NORMAL
btx_46f1fd48b274,bac_5bed52aa,2025-12-26,2025-12-26,0.0,193726.83,193726.83,5511653.81,BY TRANSFER/NEFT/SBINN55013767043/KRISHNA HOTELS,KRISHNA HOTELS,SBINN55013767043,,193726.83,0,1,4,26,12,126,193510.78952380957,69980.845,248130.59903300003,1297326.04,0.0008706724484299,2.7682836639083166,1,6,1,1,0,-8.440110832452773e-10,0,-0.1011885614230618,59.2814371257485,LOW,0,Transaction narration pattern is rarely seen,NORMAL
btx_38b7f8496264,bac_5bed52aa,2026-03-29,2026-03-29,0.0,49527.8,49527.8,12918362.72,UPI/025398733581/PAYMENT/nandiagro@ybl/PUNJAB NATIONAL BANK,NANDI AGRO FOODS,025398733581,,49527.8,0,1,6,29,3,126,193510.78952380957,69980.845,248130.59903300003,1297326.04,-0.5802709947299186,0.7077336662625323,2,5,1,1,0,7.421476766467093e-10,0,-0.101327452484205,59.206586826347305,LOW,0,Transaction narration pattern is rarely seen,NORMAL
btx_7219b4bae96b,bac_afe3ea72,2025-10-31,2025-10-31,274112.96,0.0,274112.96,1371960.64,TRF/SALARY/CC-CSV-36 OCT25,CUSTOMER SERVICE,0410541354,,-274112.96,1,0,4,31,10,137,532932.7678832117,374904.68,619248.6439248768,3072000.0,-0.4179578113288691,0.7311537428660534,9,7,1,1,0,-1.7462298274040222e-10,0,-0.1014526566350393,59.13173652694611,LOW,0,High transaction activity for this account on the same day; Transaction narration pattern is rarely seen,NORMAL
btx_93819caa5c00,bac_5bed52aa,2025-11-23,2025-11-23,0.0,95452.56,95452.56,1048371.07,UPI/413423693807/INV-38-0005/sunriseho@ybl/STATE BANK OF INDIA,SUNRISE HOTELS,413423693807,,95452.56,0,1,6,23,11,126,193510.78952380957,69980.845,248130.59903300003,1297326.04,-0.3951879772424533,1.363981243724622,2,32,1,1,0,-5.820766091346741e-11,0,-0.1018156730113279,59.05688622754492,LOW,0,Transaction narration pattern is rarely seen,NORMAL
btx_32f71386290b,bac_c4599022,2025-10-06,2025-10-06,200000.0,0.0,200000.0,2747000.0,TO TRANSFER-RTGS UTR NO: SBINR25100650591913--A/C 8504,,SBINR25100650591913,,-200000.0,1,0,0,6,10,303,274105.44752475247,159866.04,329248.9266066456,2100000.0,-0.2250742266300124,1.251047439468695,1,404,1,1,0,0.0,0,-0.1019071657908973,58.98203592814372,LOW,0,Transaction narration pattern is rarely seen,NORMAL
btx_72fe81a6cdbd,bac_c4599022,2026-08-27,2026-08-27,28000.0,0.0,28000.0,660989.2,TO TRANSFER-INB OWN A/C 6220--,SELF,0152065305,,-28000.0,1,0,3,27,8,303,274105.44752475247,159866.04,329248.9266066456,2100000.0,-0.7474753222772847,0.1751466415256173,2,120,14,1,0,0.0,0,-0.1020052396087999,58.90718562874252,LOW,0,Appears to be a transfer between own accounts,OWN_ACCOUNT_TRANSFER
btx_8c08ed8860ee,bac_eb0ff218,2026-04-28,2026-04-28,458003.24,0.0,458003.24,738327.91,GST PMT-CPIN 26043650019488-2026-03,GSTN,26043650019488,,-458003.24,1,0,1,28,4,631,116974.839207607,38044.38,203932.55657779044,2196000.0,1.672260704789954,12.038656958005362,5,11,1,1,0,1.1641532182693479e-10,0,-0.1021788469232236,58.83233532934131,LOW,0,Elevated transaction activity for this account on the same day; Transaction narration pattern is rarely seen,NORMAL
btx_2f5ad6e243e5,bac_eb0ff218,2026-06-17,2026-06-17,0.0,200000.0,200000.0,890066.8,RTGS CR-SBIN0022561-A/C XXXXXXX2004-SBINR26061752657168,,SBINR26061752657168,,200000.0,0,1,2,17,6,631,116974.839207607,38044.38,203932.55657779044,2196000.0,0.4071206784519612,5.257018250790262,1,404,1,1,0,0.0,0,-0.1021988002608689,58.75748502994011,LOW,0,Transaction narration pattern is rarely seen,NORMAL
btx_fafa5223d21e,bac_4934eb4d,2026-08-26,2026-08-26,38044.38,0.0,38044.38,-4134003.38,TO TRANSFER-NEFT*SBIN0695480*SBINN26082685491238*BHAGYA FACILITY S--,,SBINN26082685491238,,-38044.38,1,0,2,26,8,139,534153.6267625899,102298.73,831171.1727670145,3072000.0,-0.5968797559605141,0.3718949394581927,1,404,1,1,0,1.0913936421275139e-10,0,-0.1023047369616833,58.68263473053892,LOW,0,Transaction narration pattern is rarely seen,NORMAL
btx_e3d53e9bc954,bac_5bed52aa,2025-10-10,2025-10-10,52230.96,0.0,52230.96,607769.04,TO TRANSFER/NEFT/HDFCN25101025308063/SREE LAKSHMI PROPERTIES,,HDFCN25101025308063,,-52230.96,1,0,4,10,10,126,193510.78952380957,69980.845,248130.59903300003,1297326.04,-0.5693768929523283,0.7463608077324587,1,404,1,1,0,0.0,0,-0.1025631739348169,58.60778443113772,LOW,0,Transaction narration pattern is rarely seen,NORMAL
btx_b8d3e8a6d00b,bac_eb0ff218,2026-01-15,2026-01-15,0.0,235000.0,235000.0,959430.53,FT - CR - 50200007442004 - OWN A/C TRF,SELF,1138204150,,235000.0,0,1,3,15,1,631,116974.839207607,38044.38,203932.55657779044,2196000.0,0.5787460461094749,6.176996444678557,3,120,1,1,0,0.0,0,-0.1025892009210117,58.532934131736525,LOW,0,Appears to be a transfer between own accounts; Transaction narration pattern is rarely seen,OWN_ACCOUNT_TRANSFER
btx_16dd63be3b8a,bac_5bed52aa,2026-03-26,2026-03-26,0.0,256064.11,256064.11,12725103.74,BY TRANSFER/NEFT/SBINN33030523278/ApexChemicalsPvtLt,APEX CHEMICALS,SBINN33030523278,,256064.11,0,1,3,26,3,126,193510.78952380957,69980.845,248130.59903300003,1297326.04,0.2520983736788996,3.659059989915812,1,8,1,1,0,-5.820766091346741e-10,0,-0.1028399084764624,58.458083832335326,LOW,0,Transaction narration pattern is rarely seen,NORMAL
btx_1e3b2095b1d4,bac_4934eb4d,2026-08-21,2026-08-21,27708.76,0.0,27708.76,-4095953.1,TO TRANSFER-IMPS/P2A/087119110057/NAVARATNA MACHINER--,,087119110057,,-27708.76,1,0,4,21,8,139,534153.6267625899,102298.73,831171.1727670145,3072000.0,-0.6093147637406711,0.2708612316105977,3,404,1,1,0,-2.4374458007514477e-10,0,-0.1031790343547617,58.38323353293413,LOW,0,Transaction narration pattern is rarely seen,NORMAL
btx_82de1ff55572,bac_c4599022,2026-01-19,2026-01-19,200000.0,0.0,200000.0,1401307.11,TO TRANSFER-INB OWN A/C 8504--,SELF,3080817532,,-200000.0,1,0,0,19,1,303,274105.44752475247,159866.04,329248.9266066456,2100000.0,-0.2250742266300124,1.251047439468695,1,120,5,1,0,0.0,0,-0.1033727888745091,58.308383233532936,LOW,0,Appears to be a transfer between own accounts,OWN_ACCOUNT_TRANSFER
btx_092ccd5be185,bac_5bed52aa,2026-07-01,2026-07-01,0.0,5751.08,5751.08,17739554.7,MMT/IMPS/SBINI35085111116/INV-38-0200/supreme education/PUNJAB NATIONA,SUPREME EDUCATIONAL ,SBINI35085111116,,5751.08,0,1,2,1,7,126,193510.78952380957,69980.845,248130.59903300003,1297326.04,-0.7566971194021843,0.0821807738960568,1,16,1,1,0,-1.7880665836855771e-09,0,-0.1035876248861528,58.23353293413174,LOW,0,Transaction narration pattern is rarely seen,NORMAL
btx_0dea1c65e7dc,bac_eb0ff218,2025-11-09,2025-11-09,0.0,89000.0,89000.0,971742.88,FT - CR - 50200001452004 - OWN A/C TRF,SELF,5237068144,,89000.0,0,1,6,9,11,631,116974.839207607,38044.38,203932.55657779044,2196000.0,-0.1371769161190108,2.339373121601666,3,120,1,1,0,0.0,0,-0.1036096559397541,58.15868263473054,LOW,0,Appears to be a transfer between own accounts; Transaction narration pattern is rarely seen,OWN_ACCOUNT_TRANSFER
btx_16d651cb243b,bac_afe3ea72,2025-09-30,2025-09-30,374904.68,0.0,374904.68,302632.0,TRF/SALARY/CC-FIN-36 SEP25,FINANCE AND ACCOUNTS,4354042740,,-374904.68,1,0,1,30,9,137,532932.7678832117,374904.68,619248.6439248768,3072000.0,-0.2551932724173759,1.0,9,11,1,1,0,-5.820766091346741e-11,0,-0.1038844754040075,58.08383233532935,LOW,0,High transaction activity for this account on the same day; Transaction narration pattern is rarely seen,NORMAL
btx_99f66079a793,bac_eb0ff218,2026-05-17,2026-05-17,469254.52,0.0,469254.52,1689625.39,GST PMT-CPIN 26053697250003-2026-04,GSTN,26053697250003,,-469254.52,1,0,6,17,5,631,116974.839207607,38044.38,203932.55657779044,2196000.0,1.7274322781218865,12.33439787952912,2,11,1,1,0,-2.3283064365386963e-10,0,-0.1040235340365548,58.00898203592815,LOW,0,Transaction narration pattern is rarely seen,NORMAL
btx_987b734255d8,bac_afe3ea72,2025-10-31,2025-10-31,374904.68,0.0,374904.68,2195402.16,TRF/SALARY/CC-FIN-36 OCT25,FINANCE AND ACCOUNTS,1340751131,,-374904.68,1,0,4,31,10,137,532932.7678832117,374904.68,619248.6439248768,3072000.0,-0.2551932724173759,1.0,9,11,1,1,0,2.9103830456733704e-10,0,-0.1040439557191025,57.93413173652695,LOW,0,High transaction activity for this account on the same day; Transaction narration pattern is rarely seen,NORMAL
btx_57689054b572,bac_afe3ea72,2025-09-30,2025-09-30,273371.56,0.0,273371.56,2276646.28,TRF/SALARY/CC-ITS-36 SEP25,INFORMATION TECHNOLO,9692781011,,-273371.56,1,0,1,30,9,137,532932.7678832117,374904.68,619248.6439248768,3072000.0,-0.419155068694345,0.7291761735276284,9,12,1,1,0,-5.820766091346741e-11,0,-0.1041407093926654,57.85928143712575,LOW,0,High transaction activity for this account on the same day; Transaction narration pattern is rarely seen,NORMAL
btx_0c4cd126c503,bac_c4599022,2026-06-23,2026-06-23,500000.0,0.0,500000.0,996180.19,TO TRANSFER-RTGS UTR NO: SBINR26062354746661--A/C 5347,,SBINR26062354746661,,-500000.0,1,0,1,23,6,303,274105.44752475247,159866.04,329248.9266066456,2100000.0,0.6860904750803463,3.127618598671738,1,404,1,1,0,0.0,0,-0.104358505350792,57.78443113772455,LOW,0,Transaction narration pattern is rarely seen,NORMAL
btx_92d5c0fd12d4,bac_5bed52aa,2026-07-10,2026-07-10,40580.2,0.0,40580.2,18383966.87,TO TRANSFER/NEFT/HDFCN26071004072887/CODEFORGETOOLS,,HDFCN26071004072887,,-40580.2,1,0,4,10,7,126,193510.78952380957,69980.845,248130.59903300003,1297326.04,-0.6163310374448039,0.5798758217337902,1,404,1,1,0,7.421476766467093e-10,0,-0.1044394004130535,57.70958083832335,LOW,0,Transaction narration pattern is rarely seen,NORMAL
btx_1bb2e6a54e4a,bac_eb0ff218,2026-04-29,2026-04-29,0.0,78000.0,78000.0,483307.41,NEFT CR-SBIN0022561-A/C XXXXXXX2004-PAYMENT-SBINN26042972194000,,SBINN26042972194000,,78000.0,0,1,2,29,4,631,116974.839207607,38044.38,203932.55657779044,2196000.0,-0.1911163173828008,2.050237117808202,2,404,1,1,0,0.0,0,-0.1045288437872662,57.63473053892215,LOW,0,Transaction narration pattern is rarely seen,NORMAL
btx_d3a207a2cc4f,bac_5bed52aa,2026-03-07,2026-03-07,0.0,208777.74,208777.74,10356649.61,BY TRANSFER/NEFT/SBINN50293183033/APEX CHEMICALS PVT LT,APEX CHEMICALS,SBINN50293183033,,208777.74,0,1,5,7,3,126,193510.78952380957,69980.845,248130.59903300003,1297326.04,0.0615278830409788,2.9833555167846284,1,8,1,1,0,2.3283064365386963e-10,0,-0.1053588112845059,57.55988023952096,LOW,0,Transaction narration pattern is rarely seen,NORMAL
btx_8c26a9211d23,bac_afe3ea72,2025-10-31,2025-10-31,273371.56,0.0,273371.56,3029260.44,TRF/SALARY/CC-ITS-36 OCT25,INFORMATION TECHNOLO,3735944421,,-273371.56,1,0,4,31,10,137,532932.7678832117,374904.68,619248.6439248768,3072000.0,-0.419155068694345,0.7291761735276284,9,12,1,1,0,-5.820766091346741e-11,0,-0.1056918301474797,57.48502994011976,LOW,0,High transaction activity for this account on the same day; Transaction narration pattern is rarely seen,NORMAL
btx_6900c2bb8d69,bac_5bed52aa,2026-06-01,2026-06-01,0.0,67189.2,67189.2,16108707.79,BY TRANSFER/NEFT/SBINN93497231673/KRISHNA HOTELS,KRISHNA HOTELS,SBINN93497231673,,67189.2,0,1,0,1,6,126,193510.78952380957,69980.845,248130.59903300003,1297326.04,-0.5090931550405415,0.9601084411027044,1,6,1,1,0,-7.421476766467093e-10,0,-0.1057093657425906,57.41017964071856,LOW,0,Transaction narration pattern is rarely seen,NORMAL
btx_ce1fc974ad0c,bac_5bed52aa,2026-01-11,2026-01-11,40580.2,0.0,40580.2,6343842.6,TO TRANSFER/NEFT/HDFCN26011157443121/Codeforge Tools,CODEFORGE TOOLS,HDFCN26011157443121,,-40580.2,1,0,6,11,1,126,193510.78952380957,69980.845,248130.59903300003,1297326.04,-0.6163310374448039,0.5798758217337902,1,10,1,1,0,-1.8917489796876907e-10,0,-0.1059825020411015,57.33532934131736,LOW,0,Transaction narration pattern is rarely seen,NORMAL
btx_7f5ff54bdb67,bac_c4599022,2026-05-26,2026-05-26,500000.0,0.0,500000.0,754982.07,TO TRANSFER-RTGS UTR NO: SBINR26052650473220--A/C 5347,,SBINR26052650473220,,-500000.0,1,0,1,26,5,303,274105.44752475247,159866.04,329248.9266066456,2100000.0,0.6860904750803463,3.127618598671738,3,404,1,1,0,-1.1641532182693479e-10,0,-0.1061135009244923,57.26047904191617,LOW,0,Transaction narration pattern is rarely seen,NORMAL
btx_9855f01baa21,bac_5bed52aa,2026-09-27,2026-09-27,0.0,84638.62,84638.62,21565314.66,BY TRANSFER/NEFT/SBINN91037317311/NandiAgroFoodsPvt,NANDI AGRO FOODS,SBINN91037317311,,84638.62,0,1,6,27,9,126,193510.78952380957,69980.845,248130.59903300003,1297326.04,-0.4387696235293017,1.209454101333015,1,5,1,1,0,1.0477378964424131e-09,0,-0.1064931593518993,57.18562874251497,LOW,0,Transaction narration pattern is rarely seen,NORMAL
btx_719f09584eb6,bac_afe3ea72,2026-07-31,2026-07-31,344284.64,0.0,344284.64,780306.84,TRF/SALARY/CC-CSV-36 JUL26,CUSTOMER SERVICE,7138748317,,-344284.64,1,0,4,31,7,137,532932.7678832117,374904.68,619248.6439248768,3072000.0,-0.304640356880777,0.918325799507224,9,7,1,1,0,0.0,0,-0.1066414256855788,57.11077844311377,LOW,0,High transaction activity for this account on the same day; Transaction narration pattern is rarely seen,NORMAL
btx_9fc55c75e8b3,bac_eb0ff218,2026-05-31,2026-05-31,177.0,0.0,177.0,1140726.94,CHRG: ACCOUNT MAINTENANCE MAY26,,,,-177.0,1,0,6,31,5,631,116974.839207607,38044.38,203932.55657779044,2196000.0,-0.5727277741602491,0.0046524611519493,1,404,1,0,0,0.0,0,-0.1066557951262581,57.035928143712574,LOW,0,Transaction narration pattern is rarely seen; Bank reference is missing,NORMAL
btx_bedf37ef0662,bac_c4599022,2026-01-26,2026-01-26,176000.0,0.0,176000.0,660800.76,TO TRANSFER-NEFT*UTIB0193104*SBINN26012639107248*A/C 6220--,,SBINN26012639107248,,-176000.0,1,0,0,26,1,303,274105.44752475247,159866.04,329248.9266066456,2100000.0,-0.2979674027668411,1.1009217467324517,1,404,1,1,0,0.0,0,-0.1070509626354435,56.96107784431138,LOW,0,Transaction narration pattern is rarely seen,NORMAL
btx_623a323fcb96,bac_5bed52aa,2026-07-03,2026-07-03,0.0,15733.62,15733.62,17755288.32,BY TRANSFER/NEFT/SBINN10786189463/Garuda Hardware Mart A,GARUDA HARDWARE MART,SBINN10786189463,,15733.62,0,1,4,3,7,126,193510.78952380957,69980.845,248130.59903300003,1297326.04,-0.7164661279851509,0.2248275224456064,1,8,1,1,0,1.0422809282317758e-09,0,-0.1070897830128123,56.88622754491018,LOW,0,Transaction narration pattern is rarely seen,NORMAL
btx_fa9f05000ea5,bac_afe3ea72,2026-04-30,2026-04-30,374904.68,0.0,374904.68,947046.07,TRF/SALARY/CC-FIN-36 APR26,FINANCE AND ACCOUNTS,1457012861,,-374904.68,1,0,3,30,4,137,532932.7678832117,374904.68,619248.6439248768,3072000.0,-0.2551932724173759,1.0,9,11,1,1,0,-5.820766091346741e-11,0,-0.1071486928251241,56.811377245508986,LOW,0,High transaction activity for this account on the same day; Transaction narration pattern is rarely seen,NORMAL
btx_005d85814f8b,bac_afe3ea72,2025-09-30,2025-09-30,310028.56,0.0,310028.56,3008971.44,TRF/SALARY/CC-HRM-36 SEP25,HUMAN RESOURCES,0155022515,,-310028.56,1,0,1,30,9,137,532932.7678832117,374904.68,619248.6439248768,3072000.0,-0.3599591376905026,0.8269530271001152,9,12,1,1,0,-5.820766091346741e-11,0,-0.1072059382399828,56.73652694610778,LOW,0,High transaction activity for this account on the same day; Transaction narration pattern is rarely seen,NORMAL
btx_ab857c4052ca,bac_afe3ea72,2026-04-30,2026-04-30,344284.64,0.0,344284.64,1836572.67,TRF/SALARY/CC-CSV-36 APR26,CUSTOMER SERVICE,5040277255,,-344284.64,1,0,3,30,4,137,532932.7678832117,374904.68,619248.6439248768,3072000.0,-0.304640356880777,0.918325799507224,9,7,1,1,0,-1.1641532182693479e-10,0,-0.1072108162404169,56.66167664670658,LOW,0,High transaction activity for this account on the same day; Transaction narration pattern is rarely seen,NORMAL
btx_019013fde438,bac_afe3ea72,2025-09-30,2025-09-30,289757.64,0.0,289757.64,1986888.64,TRF/SALARY/CC- PRC-36 SEP25,PROCUREMENT,4349904671,,-289757.64,1,0,1,30,9,137,532932.7678832117,374904.68,619248.6439248768,3072000.0,-0.39269383997668,0.7728834966797428,9,12,1,1,0,1.1641532182693479e-10,0,-0.1075056638460866,56.58682634730538,LOW,0,High transaction activity for this account on the same day; Transaction narration pattern is rarely seen,NORMAL
btx_b31e740d5613,bac_afe3ea72,2026-07-31,2026-07-31,374904.68,0.0,374904.68,1124591.48,TRF/SALARY/CC-FIN-36 JUL26,FINANCE AND ACCOUNTS,2599238994,,-374904.68,1,0,4,31,7,137,532932.7678832117,374904.68,619248.6439248768,3072000.0,-0.2551932724173759,1.0,9,11,1,1,0,5.820766091346741e-11,0,-0.1076627526550813,56.51197604790419,LOW,0,High transaction activity for this account on the same day; Transaction narration pattern is rarely seen,NORMAL
btx_634f99765301,bac_eb0ff218,2026-07-07,2026-07-07,0.0,171000.0,171000.0,1943138.29,FT - CR - 50200005388504 - OWN A/C TRF,SELF,6456712302,,171000.0,0,1,1,7,7,631,116974.839207607,38044.38,203932.55657779044,2196000.0,0.2649168023928784,4.494750604425674,4,120,1,1,0,0.0,0,-0.1079583504740563,56.43712574850299,LOW,0,Appears to be a transfer between own accounts; Transaction narration pattern is rarely seen,OWN_ACCOUNT_TRANSFER
btx_e4bdadf0d939,bac_5bed52aa,2026-07-18,2026-07-18,0.0,276168.92,276168.92,19435800.64,BY TRANSFER/RTGS/SBINR07208446830/Sunrise Hotels,SUNRISE HOTELS,SBINR07208446830,,276168.92,0,1,5,18,7,126,193510.78952380957,69980.845,248130.59903300003,1297326.04,0.333123487382535,3.946350176251801,1,32,1,1,0,1.8044374883174894e-09,0,-0.1081113210946295,56.362275449101794,LOW,0,Transaction narration pattern is rarely seen,NORMAL
btx_052da5c2fd5b,bac_eb0ff218,2026-01-08,2026-01-08,0.0,35000.0,35000.0,1215751.17,FT - CR - 50200001198504 - OWN A/C TRF,SELF,0214585503,,35000.0,0,1,3,8,1,631,116974.839207607,38044.38,203932.55657779044,2196000.0,-0.4019703405048891,0.9199781938882958,4,120,1,1,0,0.0,0,-0.1081451223685385,56.2874251497006,LOW,0,Appears to be a transfer between own accounts; Transaction narration pattern is rarely seen,OWN_ACCOUNT_TRANSFER
btx_6d14eebaeaec,bac_afe3ea72,2026-05-29,2026-05-29,344284.64,0.0,344284.64,2761138.23,TRF/SALARY/CC-CSV-36 MAY26,CUSTOMER SERVICE,4873139270,,-344284.64,1,0,4,29,5,137,532932.7678832117,374904.68,619248.6439248768,3072000.0,-0.304640356880777,0.918325799507224,8,7,1,1,0,-1.1641532182693479e-10,0,-0.1081621746057127,56.21257485029941,LOW,0,High transaction activity for this account on the same day; Transaction narration pattern is rarely seen,NORMAL
btx_789f3371bf89,bac_5bed52aa,2026-02-21,2026-02-21,0.0,200785.16,200785.16,9832802.32,BY TRANSFER/NEFT/SBINN32322375331/kohinoor auto parts ll,KOHINOOR AUTO PARTS,SBINN32322375331,,200785.16,0,1,5,21,2,126,193510.78952380957,69980.845,248130.59903300003,1297326.04,0.0293167005784039,2.8691445494835053,1,10,1,1,0,1.4551915228366852e-10,0,-0.1081878243390812,56.137724550898206,LOW,0,Transaction narration pattern is rarely seen,NORMAL
btx_4c579228a8ca,bac_afe3ea72,2026-05-29,2026-05-29,374904.68,0.0,374904.68,2386233.55,TRF/SALARY/CC-FIN-36 MAY26,FINANCE AND ACCOUNTS,0532169218,,-374904.68,1,0,4,29,5,137,532932.7678832117,374904.68,619248.6439248768,3072000.0,-0.2551932724173759,1.0,8,11,1,1,0,-1.7462298274040222e-10,0,-0.1084735443567851,56.06287425149701,LOW,0,High transaction activity for this account on the same day; Transaction narration pattern is rarely seen,NORMAL
btx_8c6b7da30055,bac_5bed52aa,2025-11-24,2025-11-24,0.0,96213.21,96213.21,1144584.28,MMT/IMPS/SBINI10103729223/ADVANCE/SUNRISE HOTELS LTD/STATE BANK OF IND,SUNRISE HOTELS,SBINI10103729223,,96213.21,0,1,0,24,11,126,193510.78952380957,69980.845,248130.59903300003,1297326.04,-0.3921224544775692,1.3748506466305173,1,32,1,1,0,7.275957614183426e-11,0,-0.1085015229632321,55.98802395209581,LOW,0,Transaction narration pattern is rarely seen,NORMAL
btx_333bf1f6dba9,bac_afe3ea72,2025-10-31,2025-10-31,289757.64,0.0,289757.64,1082203.0,TRF/SALARY/CC-PRC-36 OCT25,PROCUREMENT,3314451090,,-289757.64,1,0,4,31,10,137,532932.7678832117,374904.68,619248.6439248768,3072000.0,-0.39269383997668,0.7728834966797428,9,12,1,1,0,1.1641532182693479e-10,0,-0.1089398816997957,55.91317365269462,LOW,0,High transaction activity for this account on the same day; Transaction narration pattern is rarely seen,NORMAL
btx_cb657d3371ce,bac_5bed52aa,2025-10-27,2025-10-27,0.0,59888.82,59888.82,627077.66,UPI/122433366216/INV-38-0020/nandiagro@ybl/PUNJAB NATIONAL BANK,NANDI AGRO FOODS,122433366216,,59888.82,0,1,0,27,10,126,193510.78952380957,69980.845,248130.59903300003,1297326.04,-0.538514677530918,0.8557887519077542,1,5,1,1,0,6.548361852765083e-11,0,-0.1089501859549311,55.83832335329342,LOW,0,Transaction narration pattern is rarely seen,NORMAL
btx_cd56912251f9,bac_afe3ea72,2025-10-31,2025-10-31,310028.56,0.0,310028.56,772174.44,TRF/SALARY/CC-HRM-36 OCT25,HUMAN RESOURCES,0920850580,,-310028.56,1,0,4,31,10,137,532932.7678832117,374904.68,619248.6439248768,3072000.0,-0.3599591376905026,0.8269530271001152,9,12,1,1,0,-5.820766091346741e-11,0,-0.1089600570984676,55.76347305389222,LOW,0,High transaction activity for this account on the same day; Transaction narration pattern is rarely seen,NORMAL
btx_218aa262face,bac_5bed52aa,2026-06-07,2026-06-07,52230.96,0.0,52230.96,16061656.89,TO TRANSFER/NEFT/HDFCN26060714622781/Sree Lakshmi Prope,SREE LAKSHMI PROPERT,HDFCN26060714622781,,-52230.96,1,0,6,7,6,126,193510.78952380957,69980.845,248130.59903300003,1297326.04,-0.5693768929523283,0.7463608077324587,1,11,1,1,0,9.677023626863954e-10,0,-0.1094344317924448,55.68862275449101,LOW,0,Transaction narration pattern is rarely seen,NORMAL
btx_0fc7ac070f24,bac_c4599022,2026-07-25,2026-07-25,0.0,639435.95,639435.95,2664080.34,BY TRANSFER-NEFT*HDFC0286552*SBINN13346102016*GangaPoultryFeedsPvtLtd--,GANGA POULTRY FEEDS,SBINN13346102016,,639435.95,0,1,5,25,7,303,274105.44752475247,159866.04,329248.9266066456,2100000.0,1.109587527711848,3.9998235397586623,1,22,1,1,0,0.0,0,-0.1094397148353252,55.613772455089816,LOW,0,Transaction narration pattern is rarely seen,NORMAL
btx_15ff6915e1a7,bac_eb0ff218,2026-01-31,2026-01-31,177.0,0.0,177.0,1333326.21,CHRG: ACCOUNT MAINTENANCE JAN26,,,,-177.0,1,0,5,31,1,631,116974.839207607,38044.38,203932.55657779044,2196000.0,-0.5727277741602491,0.0046524611519493,2,404,1,0,0,0.0,0,-0.1096200297465125,55.53892215568862,LOW,0,Transaction narration pattern is rarely seen; Bank reference is missing,NORMAL
btx_d3d82673f058,bac_c4599022,2025-11-03,2025-11-03,0.0,89584.66,89584.66,749620.4,BY TRANSFER-UPI/CR/299723612104/JAGDAMBA ENGINEERING WO/CNRB--,,299723612104,,89584.66,0,1,0,3,11,303,274105.44752475247,159866.04,329248.9266066456,2100000.0,-0.5604294277478385,0.5603732975433682,1,404,1,1,0,2.9103830456733704e-11,0,-0.1096897998453801,55.46407185628743,LOW,0,Transaction narration pattern is rarely seen,NORMAL
btx_ad054749e932,bac_5bed52aa,2026-08-09,2026-08-09,40580.2,0.0,40580.2,19420253.15,TO TRANSFER/NEFT/HDFCN26080946928050/CODEFORGE TOOLS,CODEFORGE TOOLS,HDFCN26080946928050,,-40580.2,1,0,6,9,8,126,193510.78952380957,69980.845,248130.59903300003,1297326.04,-0.6163310374448039,0.5798758217337902,1,10,1,1,0,-2.9831426218152046e-09,0,-0.1101910085848133,55.38922155688623,LOW,0,Transaction narration pattern is rarely seen,NORMAL
btx_b626037b5a0e,bac_eb0ff218,2026-04-30,2026-04-30,0.0,1000.0,1000.0,479114.41,FT - CR - 50200003612004 - OWN A/C TRF,SELF,1581320314,,1000.0,0,1,3,30,4,631,116974.839207607,38044.38,203932.55657779044,2196000.0,-0.568692126229331,0.0262850912539513,2,120,1,1,0,0.0,0,-0.1103014937617781,55.31437125748503,LOW,0,Appears to be a transfer between own accounts; Transaction narration pattern is rarely seen,OWN_ACCOUNT_TRANSFER
btx_3a6e993a2878,bac_5bed52aa,2026-03-22,2026-03-22,0.0,92044.21,92044.21,12213594.63,BY TRANSFER/NEFT/SBINN92552121813/APEX CHEMICALS PVT LTD,APEX CHEMICALS,SBINN92552121813,,92044.21,0,1,6,22,3,126,193510.78952380957,69980.845,248130.59903300003,1297326.04,-0.4089240904557483,1.3152772019257557,2,8,1,1,0,8.876668289303781e-10,0,-0.1103753686016388,55.23952095808383,LOW,0,Transaction narration pattern is rarely seen,NORMAL
btx_2d62eb22e999,bac_5bed52aa,2026-03-09,2026-03-09,52230.96,0.0,52230.96,10304418.65,TO TRANSFER/NEFT/HDFCN26030902823553/Sree Lakshmi Properties,SREE LAKSHMI PROPERT,HDFCN26030902823553,,-52230.96,1,0,0,9,3,126,193510.78952380957,69980.845,248130.59903300003,1297326.04,-0.5693768929523283,0.7463608077324587,1,11,1,1,0,9.677023626863954e-10,0,-0.1104036300576524,55.16467065868264,LOW,0,Transaction narration pattern is rarely seen,NORMAL
btx_56fea65e1d85,bac_5bed52aa,2026-07-30,2026-07-30,0.0,21721.49,21721.49,19510839.31,UPI/468512318370/INV-38-0228/msgaruda@ybl/BANK OF BARODA,GARUDA HARDWARE MART,468512318370,,21721.49,0,1,3,30,7,126,193510.78952380957,69980.845,248130.59903300003,1297326.04,-0.6923341989794757,0.3103919365363479,1,8,1,1,0,-1.6407284419983623e-09,0,-0.1105085593795453,55.08982035928144,LOW,0,Transaction narration pattern is rarely seen,NORMAL
btx_d82c3c9ca889,bac_eb0ff218,2026-08-21,2026-08-21,0.0,18000.0,18000.0,1898538.06,NEFT CR-SBIN0835405-A/C XXXXXXX8504-PAYMENT-SBINN26082173812041,,SBINN26082173812041,,18000.0,0,1,4,21,8,631,116974.839207607,38044.38,203932.55657779044,2196000.0,-0.48533123336711,0.4731316425711235,3,404,1,1,0,0.0,0,-0.110659054773928,55.01497005988024,LOW,0,Transaction narration pattern is rarely seen,NORMAL
btx_8d8ccc00d5b6,bac_c4599022,2026-01-12,2026-01-12,0.0,22029.79,22029.79,895924.43,BY TRANSFER-UPI/CR/541465042250/Prabhat Plastics/PUNB--,,541465042250,,22029.79,0,1,0,12,1,303,274105.44752475247,159866.04,329248.9266066456,2100000.0,-0.7656081376566121,0.1378015618576653,1,404,1,1,0,3.637978807091713e-11,0,-0.1107297154961688,54.94011976047904,LOW,0,Transaction narration pattern is rarely seen,NORMAL
btx_9d1076cbb083,bac_5bed52aa,2026-09-05,2026-09-05,52230.96,0.0,52230.96,21309640.47,TO TRANSFER/NEFT/HDFCN26090517227959/SREE LAKSHMI PROPERTIES,SREE LAKSHMI PROPERT,HDFCN26090517227959,,-52230.96,1,0,5,5,9,126,193510.78952380957,69980.845,248130.59903300003,1297326.04,-0.5693768929523283,0.7463608077324587,2,11,1,1,0,-8.949427865445613e-10,0,-0.110808163413664,54.86526946107785,LOW,0,Transaction narration pattern is rarely seen,NORMAL
btx_e9725f99214f,bac_eb0ff218,2026-05-08,2026-05-08,0.0,13000.0,13000.0,1808487.76,FT - CR - 50200008788504 - OWN A/C TRF,SELF,2021385512,,13000.0,0,1,4,8,5,631,116974.839207607,38044.38,203932.55657779044,2196000.0,-0.5098491430324692,0.341706186301367,5,120,1,1,0,0.0,0,-0.1109560133499871,54.79041916167665,LOW,0,Appears to be a transfer between own accounts; Elevated transaction activity for this account on the same day; Transaction narration pattern is rarely seen,OWN_ACCOUNT_TRANSFER
btx_92db86c7ee13,bac_afe3ea72,2026-07-31,2026-07-31,310028.56,0.0,310028.56,3021905.88,TRF/SALARY/CC-HRM-36 JUL26,HUMAN RESOURCES,6241546912,,-310028.56,1,0,4,31,7,137,532932.7678832117,374904.68,619248.6439248768,3072000.0,-0.3599591376905026,0.8269530271001152,9,12,1,1,0,-5.820766091346741e-11,0,-0.1110620392504063,54.715568862275454,LOW,0,High transaction activity for this account on the same day; Transaction narration pattern is rarely seen,NORMAL
btx_ea3b26d90a2b,bac_5bed52aa,2026-02-07,2026-02-07,52230.96,0.0,52230.96,8437847.53,TO TRANSFER/NEFT/HDFCN26020727002132/Sree Lakshmi Properties,SREE LAKSHMI PROPERT,HDFCN26020727002132,,-52230.96,1,0,5,7,2,126,193510.78952380957,69980.845,248130.59903300003,1297326.04,-0.5693768929523283,0.7463608077324587,1,11,1,1,0,-8.949427865445613e-10,0,-0.1111626601012917,54.64071856287425,LOW,0,Transaction narration pattern is rarely seen,NORMAL
btx_6b83799a8691,bac_afe3ea72,2026-07-31,2026-07-31,289757.64,0.0,289757.64,1972192.16,TRF/SALARY/CC-PRC-36 JUL26,PROCUREMENT,4205459397,,-289757.64,1,0,4,31,7,137,532932.7678832117,374904.68,619248.6439248768,3072000.0,-0.39269383997668,0.7728834966797428,9,12,1,1,0,1.1641532182693479e-10,0,-0.1112746415310252,54.56586826347305,LOW,0,High transaction activity for this account on the same day; Transaction narration pattern is rarely seen,NORMAL
btx_a3d09e63b13a,bac_afe3ea72,2026-05-29,2026-05-29,310028.56,0.0,310028.56,2076204.99,TRF/SALARY/CC-HRM-36 MAY26,HUMAN RESOURCES,5091564340,,-310028.56,1,0,4,29,5,137,532932.7678832117,374904.68,619248.6439248768,3072000.0,-0.3599591376905026,0.8269530271001152,8,12,1,1,0,1.7462298274040222e-10,0,-0.1112813946676007,54.49101796407185,LOW,0,High transaction activity for this account on the same day; Transaction narration pattern is rarely seen,NORMAL
btx_684b585bb06c,bac_c4599022,2026-07-27,2026-07-27,0.0,100000.0,100000.0,760080.34,BY TRANSFER-NEFT*SBIN0835405*SBINN26072716942107*A/C 8504--,,SBINN26072716942107,,100000.0,0,1,0,27,7,303,274105.44752475247,159866.04,329248.9266066456,2100000.0,-0.5287957938667986,0.6255237197343475,5,404,1,1,0,0.0,0,-0.1113345781342874,54.41616766467065,LOW,0,Elevated transaction activity for this account on the same day; Transaction narration pattern is rarely seen,NORMAL
btx_5749699436e5,bac_afe3ea72,2026-04-30,2026-04-30,289757.64,0.0,289757.64,3222726.87,TRF/SALARY/CC-PRC-36 APR26,PROCUREMENT,0250615390,,-289757.64,1,0,3,30,4,137,532932.7678832117,374904.68,619248.6439248768,3072000.0,-0.39269383997668,0.7728834966797428,9,12,1,1,0,3.4924596548080444e-10,0,-0.1114523136131684,54.34131736526946,LOW,0,High transaction activity for this account on the same day; Transaction narration pattern is rarely seen,NORMAL
btx_49fb2e98a46e,bac_eb0ff218,2026-08-31,2026-08-31,177.0,0.0,177.0,1593570.48,CHRG: ACCOUNT MAINTENANCE AUG26,,,,-177.0,1,0,0,31,8,631,116974.839207607,38044.38,203932.55657779044,2196000.0,-0.5727277741602491,0.0046524611519493,3,404,1,0,0,0.0,0,-0.1117690703543415,54.26646706586826,LOW,0,Transaction narration pattern is rarely seen; Bank reference is missing,NORMAL
btx_d80a62fec367,bac_c4599022,2026-05-20,2026-05-20,500000.0,0.0,500000.0,1209403.53,TO TRANSFER- RTGS UTR NO: SBINR26052033242400--A/C 5347,,SBINR26052033242400,,-500000.0,1,0,2,20,5,303,274105.44752475247,159866.04,329248.9266066456,2100000.0,0.6860904750803463,3.127618598671738,2,404,1,1,0,0.0,0,-0.1119476959834967,54.19161676646706,LOW,0,Transaction narration pattern is rarely seen,NORMAL
btx_bf96db92a810,bac_afe3ea72,2026-04-30,2026-04-30,310028.56,0.0,310028.56,2391484.83,TRF/SALARY/CC-HRM-36 APR26,HUMAN RESOURCES,0430980320,,-310028.56,1,0,3,30,4,137,532932.7678832117,374904.68,619248.6439248768,3072000.0,-0.3599591376905026,0.8269530271001152,9,12,1,1,0,-5.820766091346741e-11,0,-0.1119705962605773,54.11676646706587,LOW,0,High transaction activity for this account on the same day; Transaction narration pattern is rarely seen,NORMAL
btx_5c1da09772ba,bac_5bed52aa,2025-12-09,2025-12-09,52230.96,0.0,52230.96,3668966.7,TO TRANSFER/NEFT/HDFCN25120955021620/Sree Lakshmi Properties,SREE LAKSHMI PROPERT,HDFCN25120955021620,,-52230.96,1,0,1,9,12,126,193510.78952380957,69980.845,248130.59903300003,1297326.04,-0.5693768929523283,0.7463608077324587,1,11,1,1,0,3.637978807091713e-11,0,-0.1122739929703687,54.041916167664674,LOW,0,Transaction narration pattern is rarely seen,NORMAL
btx_5a4cdb911a62,bac_5bed52aa,2026-04-03,2026-04-03,0.0,112976.12,112976.12,13867605.55,MMT/IMPS/SBINI05627705712/INV-38-0093/Sunrise Hotels Lt/STATE BANK OF ,SUNRISE HOTELS,SBINI05627705712,,112976.12,0,1,4,3,4,126,193510.78952380957,69980.845,248130.59903300003,1297326.04,-0.3245656514660607,1.6143863367182834,1,32,1,1,0,1.0477378964424131e-09,0,-0.1122985476954308,53.96706586826348,LOW,0,Transaction narration pattern is rarely seen,NORMAL
btx_53e0d99503ef,bac_5bed52aa,2026-04-06,2026-04-06,0.0,83047.93,83047.93,13950653.48,UPI/200451433583/INV-38-0118/apexchemi@ybl/CANARA BANK,APEX CHEMICALS,200451433583,,83047.93,0,1,0,6,4,126,193510.78952380957,69980.845,248130.59903300003,1297326.04,-0.4451803201793688,1.1867237384744354,1,8,1,1,0,-2.9103830456733704e-10,0,-0.1124035459339881,53.89221556886228,LOW,0,Transaction narration pattern is rarely seen,NORMAL
btx_9d296103e885,bac_c4599022,2026-09-28,2026-09-28,300000.0,0.0,300000.0,2441986.05,TO TRANSFER-RTGS UTR NO: SBINR26092811066004--A/C 8504,,SBINR26092811066004,,-300000.0,1,0,0,28,9,303,274105.44752475247,159866.04,329248.9266066456,2100000.0,0.0786473406067738,1.8765711592030427,3,404,1,1,0,0.0,0,-0.1124125997822647,53.81736526946108,LOW,0,Transaction narration pattern is rarely seen,NORMAL
btx_53e2fb6f9ae9,bac_eb0ff218,2025-12-31,2025-12-31,17.7,0.0,17.7,820807.75,SMS CHRG FOR:DEC25,,,,-17.7,1,0,2,31,12,631,116974.839207607,38044.38,203932.55657779044,2196000.0,-0.5735089147621875,0.0004652461151949,3,404,1,0,0,4.6565418188038166e-11,0,-0.1124215925877048,53.74251497005989,LOW,0,Transaction narration pattern is rarely seen; Bank reference is missing,NORMAL
btx_56b3c635b505,bac_5bed52aa,2025-10-13,2025-10-13,40580.2,0.0,40580.2,567188.84,TO TRANSFER/NEFT/HDFCN25101377674438/CodeForge Tools,CODEFORGE TOOLS,HDFCN25101377674438,,-40580.2,1,0,0,13,10,126,193510.78952380957,69980.845,248130.59903300003,1297326.04,-0.6163310374448039,0.5798758217337902,1,10,1,1,0,-7.275957614183426e-11,0,-0.1125932900753087,53.66766467065869,LOW,0,Transaction narration pattern is rarely seen,NORMAL
btx_6fb55f21bbe1,bac_eb0ff218,2025-12-31,2025-12-31,177.0,0.0,177.0,820825.45,CHRG: ACCOUNT MAINTENANCE DEC25,,,,-177.0,1,0,2,31,12,631,116974.839207607,38044.38,203932.55657779044,2196000.0,-0.5727277741602491,0.0046524611519493,3,404,1,0,0,0.0,0,-0.1127351940004987,53.59281437125748,LOW,0,Transaction narration pattern is rarely seen; Bank reference is missing,NORMAL
btx_35853824fffb,bac_eb0ff218,2025-12-20,2025-12-20,402293.19,0.0,402293.19,1166588.43,GST PMT-CPIN 25123616324103-2025-11,GSTN,25123616324103,,-402293.19,1,0,5,20,12,631,116974.839207607,38044.38,203932.55657779044,2196000.0,1.3990819101194265,10.574313209993171,3,11,1,1,0,-1.7462298274040222e-10,0,-0.1128280384498436,53.51796407185629,LOW,0,Transaction narration pattern is rarely seen,NORMAL
btx_c49434c19307,bac_5bed52aa,2026-07-08,2026-07-08,0.0,198461.84,198461.84,18266699.41,BY TRANSFER/NEFT/SBINN01713150332/KOHINOORAUTOPARTS,KOHINOOR AUTO PARTS,SBINN01713150332,,198461.84,0,1,2,8,7,126,193510.78952380957,69980.845,248130.59903300003,1297326.04,0.0199534055674124,2.8359451789986245,2,10,1,1,0,-1.4551915228366852e-10,0,-0.1132426822218038,53.443113772455085,LOW,0,Transaction narration pattern is rarely seen,NORMAL
btx_473a3769d154,bac_c4599022,2026-02-09,2026-02-09,300000.0,0.0,300000.0,1330951.76,TO TRANSFER- INB OWN A/C 8504--,SELF,0007346071,,-300000.0,1,0,0,9,2,303,274105.44752475247,159866.04,329248.9266066456,2100000.0,0.0786473406067738,1.8765711592030427,2,120,1,1,0,0.0,0,-0.1135980453975061,53.36826347305389,LOW,0,Appears to be a transfer between own accounts; Transaction narration pattern is rarely seen,OWN_ACCOUNT_TRANSFER
btx_b7d40b31b450,bac_eb0ff218,2025-10-31,2025-10-31,177.0,0.0,177.0,827217.48,CHRG: ACCOUNT MAINTENANCE OCT25,,,,-177.0,1,0,4,31,10,631,116974.839207607,38044.38,203932.55657779044,2196000.0,-0.5727277741602491,0.0046524611519493,1,404,1,0,0,0.0,0,-0.1136320059705294,53.293413173652695,LOW,0,Transaction narration pattern is rarely seen; Bank reference is missing,NORMAL
btx_e8124136c820,bac_5bed52aa,2026-07-27,2026-07-27,0.0,53317.18,53317.18,19489117.82,BY TRANSFER/NEFT/SBINN15300791225/Manjunath Spice Trader,MANJUNATH SPICE TRAD,SBINN15300791225,,53317.18,0,1,0,27,7,126,193510.78952380957,69980.845,248130.59903300003,1297326.04,-0.5649992788884718,0.7618824836996466,1,6,1,1,0,-2.9831426218152046e-10,0,-0.1137546485584256,53.2185628742515,LOW,0,Transaction narration pattern is rarely seen,NORMAL
btx_e86aa71f505b,bac_c4599022,2026-04-15,2026-04-15,0.0,12213.0,12213.0,1373236.17,BY TRANSFER-NEFT*PUNB0000451*SBINN01604235155*PRABHAT PLASTICS--,,SBINN01604235155,,12213.0,0,1,2,15,4,303,274105.44752475247,159866.04,329248.9266066456,2100000.0,-0.7954238460969562,0.0763952118911558,2,404,2,1,0,0.0,0,-0.113775944966008,53.1437125748503,LOW,0,Transaction is unusual compared with learned transaction patterns,NORMAL
btx_c1adb82679cb,bac_c4599022,2025-11-15,2025-11-15,204000.0,0.0,204000.0,660333.5,TO TRANSFER-RTGS UTR NO: SBINR25111570111401--A/C 5347,,SBINR25111570111401,,-204000.0,1,0,5,15,11,303,274105.44752475247,159866.04,329248.9266066456,2100000.0,-0.2129253639405409,1.276068388258069,2,404,1,1,0,0.0,0,-0.1143324010799838,53.0688622754491,LOW,0,Transaction narration pattern is rarely seen,NORMAL
btx_a5248428505c,bac_c4599022,2026-01-11,2026-01-11,0.0,155028.3,155028.3,873894.64,BY TRANSFER-IMPS/P2A/SBINI95226190519/M/S shree ganesh granit--,,SBINI95226190519,,155028.3,0,1,6,11,1,303,274105.44752475247,159866.04,329248.9266066456,2100000.0,-0.3616629786830382,0.9697387888009236,1,404,1,1,0,5.820766091346741e-11,0,-0.1143803372249143,52.99401197604791,LOW,0,Transaction narration pattern is rarely seen,NORMAL
btx_a77ec88ded20,bac_eb0ff218,2026-09-18,2026-09-18,458168.37,0.0,458168.37,693820.65,GST PMT-CPIN 26093632343768-2026-08,GSTN,26093632343768,,-458168.37,1,0,4,18,9,631,116974.839207607,38044.38,203932.55657779044,2196000.0,1.6730704332745625,12.042997415124129,1,11,1,1,0,0.0,0,-0.1147563350807647,52.91916167664671,LOW,0,Transaction narration pattern is rarely seen,NORMAL
btx_2bc834156f6e,bac_c4599022,2026-05-02,2026-05-02,0.0,32451.89,32451.89,692806.03,BY TRANSFER-NEFT*CNRB0215035*SBINN03196810429*Jagdamba Engineeri--,,SBINN03196810429,,32451.89,0,1,5,2,5,303,274105.44752475247,159866.04,329248.9266066456,2100000.0,-0.7339539721976269,0.2029942694520987,2,404,1,1,0,1.4551915228366852e-11,0,-0.1150181671222535,52.84431137724551,LOW,0,Transaction narration pattern is rarely seen,NORMAL
btx_c761b0b985d5,bac_eb0ff218,2026-03-28,2026-03-28,0.0,50000.0,50000.0,1132772.25,FT - CR - 50200008962004 - OWN A/C TRF,SELF,4825422221,,50000.0,0,1,5,28,3,631,116974.839207607,38044.38,203932.55657779044,2196000.0,-0.3284166115088118,1.3142545626975657,2,120,1,1,0,0.0,0,-0.1153053242476831,52.76946107784431,LOW,0,Appears to be a transfer between own accounts; Transaction narration pattern is rarely seen,OWN_ACCOUNT_TRANSFER
btx_6f7a2d22e0ea,bac_eb0ff218,2025-10-06,2025-10-06,0.0,16137.54,16137.54,2976159.15,NEFT RETURN-HDFCN25100535427030-OM SAI STEEL AND PIPES-BENEFICIARY A/C CLOSED,OM SAI STEEL AND PIP,HDFCN25100535427030,,16137.54,0,1,0,6,10,631,116974.839207607,38044.38,203932.55657779044,2196000.0,-0.494463958574179,0.4241767115142894,2,7,1,1,0,3.637978807091713e-11,0,-0.1154358524718629,52.69461077844312,LOW,0,Transaction narration pattern is rarely seen,NORMAL
btx_935a548fef41,bac_5bed52aa,2025-12-12,2025-12-12,40580.2,0.0,40580.2,4925712.54,TO TRANSFER/NEFT/HDFCN25121257237136/CODEFORGETOOLS,CODEFORGE TOOLS,HDFCN25121257237136,,-40580.2,1,0,4,12,12,126,193510.78952380957,69980.845,248130.59903300003,1297326.04,-0.6163310374448039,0.5798758217337902,2,10,1,1,0,-1.8917489796876907e-10,0,-0.1156262583665964,52.61976047904192,LOW,0,Transaction narration pattern is rarely seen,NORMAL
btx_d86d3f120f95,bac_5bed52aa,2026-02-10,2026-02-10,40580.2,0.0,40580.2,8397267.33,TO TRANSFER/NEFT/HDFCN26021039186167/CodeForge Tools,CODEFORGE TOOLS,HDFCN26021039186167,,-40580.2,1,0,1,10,2,126,193510.78952380957,69980.845,248130.59903300003,1297326.04,-0.6163310374448039,0.5798758217337902,1,10,1,1,0,7.421476766467093e-10,0,-0.11573612878074,52.54491017964072,LOW,0,Transaction narration pattern is rarely seen,NORMAL
btx_6c4948379f6e,bac_c4599022,2026-05-25,2026-05-25,0.0,594354.28,594354.28,1254982.07,BY TRANSFER-RTGS UTR NO: SBINR95252693723--M/S MALHOTRA FURNISH,MALHOTRA FURNISHINGS,SBINR95252693723,,594354.28,0,1,0,25,5,303,274105.44752475247,159866.04,329248.9266066456,2100000.0,0.972664773051332,3.7178270006563,2,39,1,1,0,0.0,0,-0.1160117869457965,52.47005988023952,LOW,0,Transaction narration pattern is rarely seen,NORMAL
btx_e71e8e2f6a08,bac_5bed52aa,2026-09-20,2026-09-20,0.0,78646.58,78646.58,21480676.04,UPI/942939162015/INV-38-0251/kohinoora@ybl/KOTAK MAHINDRA BANK,KOHINOOR AUTO PARTS,942939162015,,78646.58,0,1,6,20,9,126,193510.78952380957,69980.845,248130.59903300003,1297326.04,-0.4629183582010908,1.123830099507944,1,10,1,1,0,-1.7898855730891226e-09,0,-0.1161023542680061,52.39520958083832,LOW,0,Transaction narration pattern is rarely seen,NORMAL
btx_f1b10cb6e267,bac_eb0ff218,2026-01-17,2026-01-17,0.0,25303.95,25303.95,1767509.63,NEFT RETURN-102518862861-BHARAT TRANSPORT SE-BENEFICIARY A/C CLOSED,BHARAT TRANSPORT SER,102518862861,,25303.95,0,1,5,17,1,631,116974.839207607,38044.38,203932.55657779044,2196000.0,-0.4495157161070501,0.6651166348354213,1,24,1,1,0,-4.729372449219227e-11,0,-0.1161154364726473,52.32035928143712,LOW,0,Transaction narration pattern is rarely seen,NORMAL
btx_c8ad72b0b03b,bac_c4599022,2026-03-07,2026-03-07,0.0,481253.92,481253.92,1517041.26,BY TRANSFER-NEFT*BARB0795663*SBINN96041574223*MALHOTRA FURNISHINGS L--,MALHOTRA FURNISHINGS,SBINN96041574223,,481253.92,0,1,5,7,3,303,274105.44752475247,159866.04,329248.9266066456,2100000.0,0.6291545871088845,3.010357421751361,1,39,1,1,0,5.820766091346741e-11,0,-0.1161769288776509,52.24550898203593,LOW,0,Transaction narration pattern is rarely seen,NORMAL
btx_f7ea6fb1905a,bac_eb0ff218,2026-02-28,2026-02-28,177.0,0.0,177.0,1217511.12,CHRG: ACCOUNT MAINTENANCE FEB26,,,,-177.0,1,0,5,28,2,631,116974.839207607,38044.38,203932.55657779044,2196000.0,-0.5727277741602491,0.0046524611519493,2,404,1,0,0,0.0,0,-0.1164048620414307,52.17065868263473,LOW,0,Transaction narration pattern is rarely seen; Bank reference is missing,NORMAL
btx_17adc12c3d77,bac_5bed52aa,2026-07-08,2026-07-08,0.0,157847.66,157847.66,18424547.07,MMT/IMPS/SBINI09729544840/PAYMENT/KRISHNA HOTELS/PUNJAB NATIONAL BANK,KRISHNA HOTELS,SBINI09729544840,,157847.66,0,1,2,8,7,126,193510.78952380957,69980.845,248130.59903300003,1297326.04,-0.1437272535624134,2.2555837958229854,2,6,1,1,0,1.4551915228366852e-10,0,-0.1165065397773739,52.09580838323353,LOW,0,Transaction narration pattern is rarely seen,NORMAL
btx_62803bd9450a,bac_5bed52aa,2026-04-24,2026-04-24,0.0,144625.52,144625.52,14002467.84,BY TRANSFER/NEFT/SBINN16642204618/APEX CHEMICALS PV,APEX CHEMICALS,SBINN16642204618,,144625.52,0,1,4,24,4,126,193510.78952380957,69980.845,248130.59903300003,1297326.04,-0.1970142727834549,2.0666443796155933,1,8,1,1,0,-4.3655745685100555e-10,0,-0.1165900969342827,52.02095808383233,LOW,0,Transaction narration pattern is rarely seen,NORMAL
btx_9b2a73f97c5e,bac_5bed52aa,2026-07-07,2026-07-07,52230.96,0.0,52230.96,18068237.57,TO TRANSFER/NEFT/HDFCN26070775218611/sree lakshmi proper,SREE LAKSHMI PROPERT,HDFCN26070775218611,,-52230.96,1,0,1,7,7,126,193510.78952380957,69980.845,248130.59903300003,1297326.04,-0.5693768929523283,0.7463608077324587,1,11,1,1,0,-8.949427865445613e-10,0,-0.1167005171061481,51.94610778443114,LOW,0,Transaction narration pattern is rarely seen,NORMAL
btx_26cd11cd5a82,bac_c4599022,2026-09-10,2026-09-10,0.0,609533.72,609533.72,2682890.97,BY TRANSFER-RTGS UTR NO: SBINR43879363432--MALHOTRA FURNISHINGS,MALHOTRA FURNISHINGS,SBINR43879363432,,609533.72,0,1,3,10,9,303,274105.44752475247,159866.04,329248.9266066456,2100000.0,1.0187680061170994,3.812777998379143,2,39,1,1,0,2.3283064365386963e-10,0,-0.1168158517597688,51.87125748502994,LOW,0,Transaction narration pattern is rarely seen,NORMAL
btx_d894f7d3ca24,bac_eb0ff218,2026-03-31,2026-03-31,17.7,0.0,17.7,711588.63,SMS CHRG FOR:MAR26,,,,-17.7,1,0,1,31,3,631,116974.839207607,38044.38,203932.55657779044,2196000.0,-0.5735089147621875,0.0004652461151949,3,404,1,0,0,4.6565418188038166e-11,0,-0.1169850626732115,51.796407185628745,LOW,0,Transaction narration pattern is rarely seen; Bank reference is missing,NORMAL
btx_2c0ed8f0f0ac,bac_eb0ff218,2026-03-31,2026-03-31,177.0,0.0,177.0,711606.33,CHRG: ACCOUNT MAINTENANCE MAR26,,,,-177.0,1,0,1,31,3,631,116974.839207607,38044.38,203932.55657779044,2196000.0,-0.5727277741602491,0.0046524611519493,3,404,1,0,0,0.0,0,-0.1170034931407144,51.721556886227546,LOW,0,Transaction narration pattern is rarely seen; Bank reference is missing,NORMAL
btx_1e1826a08a6e,bac_5bed52aa,2026-09-08,2026-09-08,40580.2,0.0,40580.2,21402029.46,TO TRANSFER/NEFT/HDFCN26090845942903/CODEFORGE TOOLS,CODEFORGE TOOLS,HDFCN26090845942903,,-40580.2,1,0,1,8,9,126,193510.78952380957,69980.845,248130.59903300003,1297326.04,-0.6163310374448039,0.5798758217337902,1,10,1,1,0,7.421476766467093e-10,0,-0.117086829214744,51.64670658682636,LOW,0,Transaction narration pattern is rarely seen,NORMAL
btx_00027d181780,bac_eb0ff218,2026-06-07,2026-06-07,0.0,46000.0,46000.0,1580120.28,FT - CR - 50200008318504 - OWN A/C TRF,SELF,2487391760,,46000.0,0,1,6,7,6,631,116974.839207607,38044.38,203932.55657779044,2196000.0,-0.348030939241099,1.20911419768176,3,120,1,1,0,0.0,0,-0.1173578568109245,51.57185628742516,LOW,0,Appears to be a transfer between own accounts; Transaction narration pattern is rarely seen,OWN_ACCOUNT_TRANSFER
btx_c8ed303b2ee4,bac_5bed52aa,2026-05-11,2026-05-11,40580.2,0.0,40580.2,14392925.68,TO TRANSFER/NEFT/HDFCN26051127103020/CodeForge Tools,CODEFORGE TOOLS,HDFCN26051127103020,,-40580.2,1,0,0,11,5,126,193510.78952380957,69980.845,248130.59903300003,1297326.04,-0.6163310374448039,0.5798758217337902,1,10,1,1,0,-1.1204974725842476e-09,0,-0.1174283834653338,51.49700598802395,LOW,0,Transaction narration pattern is rarely seen,NORMAL
btx_ca026aa4552f,bac_5bed52aa,2026-05-28,2026-05-28,0.0,39675.83,39675.83,15040093.54,MMT/IMPS/SBINI37366943211/PMT AGST INV/SUNRISE HOTELS/STATE BANK OF IN,SUNRISE HOTELS,SBINI37366943211,,39675.83,0,1,3,28,5,126,193510.78952380957,69980.845,248130.59903300003,1297326.04,-0.6199757713209338,0.5669527139890923,1,32,1,1,0,-1.7898855730891226e-09,0,-0.1175446253710605,51.42215568862275,LOW,0,Transaction narration pattern is rarely seen,NORMAL
btx_44a0a7c9e96c,bac_eb0ff218,2026-04-10,2026-04-10,0.0,200000.0,200000.0,1348742.46,FT -  CR - 50200001972004 - OWN A/C TRF,SELF,5404869181,,200000.0,0,1,4,10,4,631,116974.839207607,38044.38,203932.55657779044,2196000.0,0.4071206784519612,5.257018250790262,3,120,1,1,0,0.0,0,-0.1176010910054382,51.34730538922155,LOW,0,Appears to be a transfer between own accounts; Transaction narration pattern is rarely seen,OWN_ACCOUNT_TRANSFER
btx_6d4f746a009c,bac_5bed52aa,2026-06-10,2026-06-10,0.0,34069.57,34069.57,16235291.67,BY TRANSFER/NEFT/SBINN92236850723/MANJUNATH SPICE TRAD,MANJUNATH SPICE TRAD,SBINN92236850723,,34069.57,0,1,2,10,6,126,193510.78952380957,69980.845,248130.59903300003,1297326.04,-0.6425697602197168,0.4868413635188314,3,6,1,1,0,2.9831426218152046e-10,0,-0.1176468454930192,51.27245508982036,LOW,0,Transaction narration pattern is rarely seen,NORMAL
btx_5c865fe8d361,bac_c4599022,2026-08-31,2026-08-31,0.0,350903.02,350903.02,1026181.67,BY TRANSFER-NEFT*ICIC0100105*SBINN41382313112*SharmaRealtyPvtL--,SHARMA REALTY,SBINN41382313112,,350903.02,0,1,0,31,8,303,274105.44752475247,159866.04,329248.9266066456,2100000.0,0.2332507907216286,2.194981623364161,4,7,1,1,0,0.0,0,-0.117917423571384,51.19760479041916,LOW,0,Transaction narration pattern is rarely seen,NORMAL
btx_4893bfe8a79d,bac_5bed52aa,2026-06-22,2026-06-22,0.0,35123.72,35123.72,17320540.59,UPI/300665519328/INV PMT/garudahar@ybl/BANK OF BARODA,GARUDA HARDWARE MART,300665519328,,35123.72,0,1,0,22,6,126,193510.78952380957,69980.845,248130.59903300003,1297326.04,-0.638321392609643,0.5019047712270408,1,8,1,1,0,-1.1932570487260816e-09,0,-0.1183121645321786,51.122754491017965,LOW,0,Transaction narration pattern is rarely seen,NORMAL
btx_17cf924fbdec,bac_5bed52aa,2026-04-08,2026-04-08,52230.96,0.0,52230.96,13898422.52,TO TRANSFER/NEFT/HDFCN26040885966008/SREE LAKSHMI PROPERTIE,SREE LAKSHMI PROPERT,HDFCN26040885966008,,-52230.96,1,0,2,8,4,126,193510.78952380957,69980.845,248130.59903300003,1297326.04,-0.5693768929523283,0.7463608077324587,1,11,1,1,0,-8.949427865445613e-10,0,-0.1185720222946044,51.047904191616766,LOW,0,Transaction narration pattern is rarely seen,NORMAL
btx_7d26e1e69c50,bac_5bed52aa,2026-06-21,2026-06-21,0.0,41926.5,41926.5,17285416.87,MMT/IMPS/SBINI40052349666/ADVANCE/SUNRISE HOTELS LTD/STATE BANK OF IND,SUNRISE HOTELS,SBINI40052349666,,41926.5,0,1,6,21,6,126,193510.78952380957,69980.845,248130.59903300003,1297326.04,-0.6109052656728147,0.5991139432511854,1,32,1,1,0,0.0,0,-0.1186326296232886,50.97305389221557,LOW,0,Transaction narration pattern is rarely seen,NORMAL
btx_80add495e53b,bac_5bed52aa,2026-08-06,2026-08-06,52230.96,0.0,52230.96,19460833.35,TO TRANSFER/NEFT/HDFCN26080680725963/SREE LAKSHMI PROPERTI,SREE LAKSHMI PROPERT,HDFCN26080680725963,,-52230.96,1,0,3,6,8,126,193510.78952380957,69980.845,248130.59903300003,1297326.04,-0.5693768929523283,0.7463608077324587,1,11,1,1,0,2.8303475119173527e-09,0,-0.118969339224127,50.898203592814376,LOW,0,Transaction narration pattern is rarely seen,NORMAL
btx_70c9606b1d22,bac_eb0ff218,2025-10-28,2025-10-28,252000.0,0.0,252000.0,905422.16,LOAN EMI-LN6335115518-ICICI BANK-EMI 14/60,ICICI BANK,LN6335115518,,-252000.0,1,0,1,28,10,631,116974.839207607,38044.38,203932.55657779044,2196000.0,0.6621069389716959,6.623842995995729,4,13,2,1,0,1.1641532182693479e-10,0,-0.1191510037594634,50.82335329341318,LOW,0,Transaction is unusual compared with learned transaction patterns,NORMAL
btx_82792101f6f8,bac_5bed52aa,2025-11-07,2025-11-07,0.0,54257.44,54257.44,681040.1,MMT/IMPS/SBINI05970210417/IMPS/Kohinoor Auto Parts LLP/KOTAK MAHINDRA ,KOHINOOR AUTO PARTS,SBINI05970210417,,54257.44,0,1,4,7,11,126,193510.78952380957,69980.845,248130.59903300003,1297326.04,-0.5612099034399606,0.7753184460690636,1,10,1,1,0,-5.820766091346741e-11,0,-0.1192542763242049,50.74850299401198,LOW,0,Transaction narration pattern is rarely seen,NORMAL
btx_8acc981518de,bac_c4599022,2026-06-01,2026-06-01,0.0,1342.03,1342.03,1076095.03,BY TRANSFER-IMPS/P2A/SBINI35015009060/YAMUNA CONSTRUCTIONS--,YAMUNA CONSTRUCTIONS,SBINI35015009060,,1342.03,0,1,0,1,6,303,274105.44752475247,159866.04,329248.9266066456,2100000.0,-0.828441326554797,0.0083947159759508,3,5,1,1,0,2.7966962079517543e-11,0,-0.1199072088195425,50.67365269461078,LOW,0,Transaction narration pattern is rarely seen,NORMAL
btx_285f36ac6f4d,bac_5bed52aa,2025-11-12,2025-11-12,40580.2,0.0,40580.2,588228.94,TO TRANSFER/NEFT/HDFCN25111244343510/CodeForgeTools,CODEFORGE TOOLS,HDFCN25111244343510,,-40580.2,1,0,2,12,11,126,193510.78952380957,69980.845,248130.59903300003,1297326.04,-0.6163310374448039,0.5798758217337902,1,10,1,1,0,-7.275957614183426e-11,0,-0.1201620855151168,50.59880239520959,LOW,0,Transaction narration pattern is rarely seen,NORMAL
btx_ae5230d6ce30,bac_c4599022,2026-03-25,2026-03-25,0.0,561045.6,561045.6,2169123.52,BY TRANSFER-NEFT*HDFC0286552*SBINN28649042284*Ganga Poultry Feeds--,GANGA POULTRY FEEDS,SBINN28649042284,,561045.6,0,1,2,25,3,303,274105.44752475247,159866.04,329248.9266066456,2100000.0,0.8714991281294459,3.5094733065258885,1,22,1,1,0,1.1641532182693479e-10,0,-0.1209527719748508,50.52395209580839,LOW,0,Transaction narration pattern is rarely seen,NORMAL
btx_c33b8d110946,bac_5bed52aa,2026-06-10,2026-06-10,40580.2,0.0,40580.2,16194711.47,TO TRANSFER/NEFT/HDFCN26061007453610/M/S CODEFORGE TOOLS,CODEFORGE TOOLS,HDFCN26061007453610,,-40580.2,1,0,2,10,6,126,193510.78952380957,69980.845,248130.59903300003,1297326.04,-0.6163310374448039,0.5798758217337902,3,10,1,1,0,7.421476766467093e-10,0,-0.1210449967259552,50.44910179640718,LOW,0,Transaction narration pattern is rarely seen,NORMAL
btx_8523dc5c6561,bac_c4599022,2026-08-31,2026-08-31,0.0,14266.49,14266.49,675278.65,BY TRANSFER-NEFT*PUNB0396842*SBINN74164094391*Shakti Packaging Ltd--,SHAKTI PACKAGING,SBINN74164094391,,14266.49,0,1,0,31,8,303,274105.44752475247,159866.04,329248.9266066456,2100000.0,-0.7891869540859056,0.0892402789235287,4,3,1,1,0,-9.094947017729282e-12,0,-0.1210630010563649,50.37425149700599,LOW,0,Transaction narration pattern is rarely seen,NORMAL
btx_2200447b78e8,bac_c4599022,2026-07-20,2026-07-20,0.0,542690.11,542690.11,1656653.48,BY TRANSFER-RTGS UTR NO: SBINR07215730049--SWASTIK MOTORS,SWASTIK MOTORS,SBINR07215730049,,542690.11,0,1,0,20,7,303,274105.44752475247,159866.04,329248.9266066456,2100000.0,0.8157495462274542,3.3946553627024225,1,11,1,1,0,-1.1641532182693479e-10,0,-0.1210750902919689,50.29940119760479,LOW,0,Transaction narration pattern is rarely seen,NORMAL
btx_c66a0debc254,bac_5bed52aa,2026-05-08,2026-05-08,52230.96,0.0,52230.96,14433505.88,TO TRANSFER/NEFT/HDFCN26050813785124/SREE LAKSHMI PROPERTIES,SREE LAKSHMI PROPERT,HDFCN26050813785124,,-52230.96,1,0,4,8,5,126,193510.78952380957,69980.845,248130.59903300003,1297326.04,-0.5693768929523283,0.7463608077324587,1,11,1,1,0,9.677023626863954e-10,0,-0.1212601970366996,50.22455089820359,LOW,0,Transaction narration pattern is rarely seen,NORMAL
btx_c628015d37a3,bac_c4599022,2026-03-03,2026-03-03,0.0,135067.52,135067.52,915344.39,BY TRANSFER-NEFT*CNRB0307414*SBINN03359464941*swastik motors--,,SBINN03359464941,,135067.52,0,1,1,3,3,303,274105.44752475247,159866.04,329248.9266066456,2100000.0,-0.4222881725317252,0.8448793752569338,1,404,1,1,0,2.9103830456733704e-11,0,-0.1225164571141875,50.1497005988024,LOW,0,Transaction narration pattern is rarely seen,NORMAL
btx_8145fed1f465,bac_5bed52aa,2026-08-14,2026-08-14,0.0,122384.56,122384.56,19542637.71,BY TRANSFER/NEFT/SBINN70141952511/M/S Krishna Hotels,KRISHNA HOTELS,SBINN70141952511,,122384.56,0,1,4,14,8,126,193510.78952380957,69980.845,248130.59903300003,1297326.04,-0.2866483609881187,1.748829411819763,1,6,1,1,0,2.3865140974521637e-09,0,-0.122550713396013,50.0748502994012,LOW,0,Transaction narration pattern is rarely seen,NORMAL
btx_8229fa99b009,bac_eb0ff218,2026-04-30,2026-04-30,177.0,0.0,177.0,478937.41,CHRG: ACCOUNT MAINTENANCE APR26,,,,-177.0,1,0,3,30,4,631,116974.839207607,38044.38,203932.55657779044,2196000.0,-0.5727277741602491,0.0046524611519493,2,404,1,0,0,0.0,0,-0.1227529375550012,50.0,LOW,0,Transaction narration pattern is rarely seen; Bank reference is missing,NORMAL
btx_ab167f2a3012,bac_5bed52aa,2026-08-15,2026-08-15,0.0,87595.0,87595.0,19630232.71,BY TRANSFER/NEFT/SBINN98792635418/KOHINOOR AUTO PARTS LLP,KOHINOOR AUTO PARTS,SBINN98792635418,,87595.0,0,1,5,15,8,126,193510.78952380957,69980.845,248130.59903300003,1297326.04,-0.4268550107748835,1.2516996615288083,1,10,1,1,0,0.0,0,-0.1232897498647536,49.9251497005988,LOW,0,Transaction narration pattern is rarely seen,NORMAL
btx_55798f0dbd5a,bac_eb0ff218,2026-06-30,2026-06-30,17.7,0.0,17.7,2917820.96,SMS CHRG FOR:JUN26,,,,-17.7,1,0,1,30,6,631,116974.839207607,38044.38,203932.55657779044,2196000.0,-0.5735089147621875,0.0004652461151949,3,404,1,0,0,-1.8626522546583144e-10,0,-0.1234029294832775,49.8502994011976,LOW,0,Transaction narration pattern is rarely seen; Bank reference is missing,NORMAL
btx_233e2a802d4f,bac_5bed52aa,2026-05-12,2026-05-12,0.0,45524.4,45524.4,14438450.08,UPI/401414062674/PAYMENT/msgaruda@ybl/BANK OF BARODA,GARUDA HARDWARE MART,401414062674,,45524.4,0,1,1,12,5,126,193510.78952380957,69980.845,248130.59903300003,1297326.04,-0.5964052402264509,0.6505265833814954,1,8,1,1,0,3.7107383832335467e-10,0,-0.1234487386423222,49.77544910179641,LOW,0,Transaction narration pattern is rarely seen,NORMAL
btx_89661d20fa7e,bac_c4599022,2026-06-21,2026-06-21,0.0,428475.55,428475.55,2069963.48,BY TRANSFER-NEFT*BARB0795663*SBINN25764506355*malhotra furnishings--,MALHOTRA FURNISHINGS,SBINN25764506355,,428475.55,0,1,6,21,6,303,274105.44752475247,159866.04,329248.9266066456,2100000.0,0.4688552945828547,2.680216198512204,3,39,1,1,0,5.820766091346741e-11,0,-0.1236660753886911,49.700598802395206,LOW,0,Transaction narration pattern is rarely seen,NORMAL
btx_2080bd4e8676,bac_c4599022,2026-02-01,2026-02-01,0.0,17387.84,17387.84,1154252.82,BY TRANSFER-NEFT*UTIB0319955*SBINN37269392110*Kapoor Electricals &--,KAPOOR ELECTRICALS,SBINN37269392110,,17387.84,0,1,6,1,2,303,274105.44752475247,159866.04,329248.9266066456,2100000.0,-0.77970674094696,0.1087650635494567,1,2,1,1,0,8.36735125631094e-11,0,-0.1236766377287907,49.62574850299401,LOW,0,Counterparty is rarely seen in the dataset; Transaction narration pattern is rarely seen,NORMAL
btx_217da194e7e2,bac_c4599022,2025-11-22,2025-11-22,0.0,136346.78,136346.78,1572915.55,BY TRANSFER-NEFT*HDFC0286552*SBINN07461864294*ganga poultry feeds--,,SBINN07461864294,,136346.78,0,1,5,22,11,303,274105.44752475247,159866.04,329248.9266066456,2100000.0,-0.4184027840106918,0.8528814499940074,1,404,1,1,0,2.9103830456733704e-11,0,-0.1238205189474306,49.550898203592816,LOW,0,Transaction narration pattern is rarely seen,NORMAL
btx_63e02b779a74,bac_eb0ff218,2026-06-30,2026-06-30,177.0,0.0,177.0,2917838.66,CHRG: ACCOUNT MAINTENANCE JUN26,,,,-177.0,1,0,1,30,6,631,116974.839207607,38044.38,203932.55657779044,2196000.0,-0.5727277741602491,0.0046524611519493,3,404,1,0,0,0.0,0,-0.1238863103798876,49.47604790419162,LOW,0,Transaction narration pattern is rarely seen; Bank reference is missing,NORMAL
btx_58aa2420046c,bac_5bed52aa,2026-06-09,2026-06-09,0.0,72772.49,72772.49,16134429.38,UPI/215363483148/INV-38-0137/sunriseho@ybl/STATE BANK OF INDIA,SUNRISE HOTELS,215363483148,,72772.49,0,1,1,9,6,126,193510.78952380957,69980.845,248130.59903300003,1297326.04,-0.4865917383601366,1.0398915588972957,1,32,1,1,0,2.1827872842550278e-10,0,-0.1239569374240059,49.40119760479042,LOW,0,Transaction narration pattern is rarely seen,NORMAL
btx_8f98d9999feb,bac_5bed52aa,2026-07-11,2026-07-11,0.0,95278.4,95278.4,18479245.27,BY TRANSFER/NEFT/SBINN67379213130/KOHINOOR AUTO PARTS LLP,KOHINOOR AUTO PARTS,SBINN67379213130,,95278.4,0,1,5,11,7,126,193510.78952380957,69980.845,248130.59903300003,1297326.04,-0.3958898656861952,1.36149256271484,1,10,1,1,0,-1.4842953532934187e-09,0,-0.124092268740394,49.32634730538922,LOW,0,Transaction narration pattern is rarely seen,NORMAL
btx_f1cedbf38f52,bac_c4599022,2026-09-28,2026-09-28,0.0,96705.27,96705.27,2538691.32,BY TRANSFER-UPI/CR/250810673153/KAPOOR ELECTRICAL/UTIB--,,250810673153,,96705.27,0,1,0,28,9,303,274105.44752475247,159866.04,329248.9266066456,2100000.0,-0.5388025994590192,0.6049144020831441,3,404,1,1,0,1.4551915228366852e-11,0,-0.124145958222445,49.25149700598803,LOW,0,Transaction narration pattern is rarely seen,NORMAL
btx_cc012d7bde43,bac_5bed52aa,2026-03-12,2026-03-12,40580.2,0.0,40580.2,10698710.93,TO TRANSFER/NEFT/HDFCN26031249482070/codeforge tools,CODEFORGE TOOLS,HDFCN26031249482070,,-40580.2,1,0,3,12,3,126,193510.78952380957,69980.845,248130.59903300003,1297326.04,-0.6163310374448039,0.5798758217337902,1,10,1,1,0,-1.1204974725842476e-09,0,-0.1245385310010885,49.17664670658682,LOW,0,Transaction narration pattern is rarely seen,NORMAL
btx_992f7627bc97,bac_c4599022,2026-03-31,2026-03-31,0.0,100963.65,100963.65,960625.41,BY TRANSFER-NEFT*BARB0795663*SBINN50398022719*Malhotra Furnishings Lt--,MALHOTRA FURNISHINGS,SBINN50398022719,,100963.65,0,1,1,31,3,303,274105.44752475247,159866.04,329248.9266066456,2100000.0,-0.5258689809841214,0.6315515790595676,5,39,1,1,0,2.9103830456733704e-11,0,-0.1249982474794045,49.10179640718562,LOW,0,Elevated transaction activity for this account on the same day; Transaction narration pattern is rarely seen,NORMAL
btx_1a08d1ff6184,bac_c4599022,2026-05-26,2026-05-26,0.0,496682.56,496682.56,1418570.17,BY TRANSFER-RTGS UTR NO: SBINR32485003622--malhotra furnishi,MALHOTRA FURNISHINGS,SBINR32485003622,,496682.56,0,1,1,26,5,303,274105.44752475247,159866.04,329248.9266066456,2100000.0,0.6760146943202062,3.1068672245837825,3,39,1,1,0,-5.820766091346741e-11,0,-0.1252640746378948,49.02694610778443,LOW,0,Transaction narration pattern is rarely seen,NORMAL
btx_2f14e7313075,bac_eb0ff218,2026-04-28,2026-04-28,332991.0,0.0,332991.0,405336.91,RTGS DR-UTIB0573533-Srinivasa Computer S-HDFCR26042879264535,SRINIVASA COMPUTER S,HDFCR26042879264535,,-332991.0,1,0,1,28,4,631,116974.839207607,38044.38,203932.55657779044,2196000.0,1.0592529433131157,8.7526988217445,5,11,1,1,0,-5.820766091346741e-11,0,-0.1254862736061177,48.952095808383234,LOW,0,Elevated transaction activity for this account on the same day; Transaction narration pattern is rarely seen,NORMAL
btx_59790c9a04f4,bac_c4599022,2026-07-10,2026-07-10,0.0,268912.41,268912.41,1578072.72,BY TRANSFER-NEFT*UTIB0245900*SBINN05701270328*Dhanlaxmi Steel Tr--,,SBINN05701270328,,268912.41,0,1,4,10,7,303,274105.44752475247,159866.04,329248.9266066456,2100000.0,-0.0157723749573726,1.6821109098592797,3,404,1,1,0,-5.820766091346741e-11,0,-0.1257191859488252,48.87724550898204,LOW,0,Transaction narration pattern is rarely seen,NORMAL
btx_59d23ab265d0,bac_c4599022,2025-12-02,2025-12-02,0.0,267704.39,267704.39,928107.22,BY TRANSFER-NEFT*BARB0722033*SBINN35447252024*EVEREST HOSPITALS LTD--,EVEREST HOSPITALS,SBINN35447252024,,267704.39,0,1,1,2,12,303,274105.44752475247,159866.04,329248.9266066456,2100000.0,-0.0194413922339063,1.6745544582201448,1,13,1,1,0,0.0,0,-0.1257576040431698,48.80239520958084,LOW,0,Transaction narration pattern is rarely seen,NORMAL
btx_255b1184198e,bac_eb0ff218,2026-06-01,2026-06-01,5.9,0.0,5.9,1503701.14,CHRG: IMPS OUTWARD-265111523302,,265111523302,,-5.9,1,0,0,1,6,631,116974.839207607,38044.38,203932.55657779044,2196000.0,-0.5735667770289977,0.0001550820383983,5,404,2,1,0,-1.396980309209539e-10,0,-0.1267462891420028,48.727544910179645,LOW,0,Elevated transaction activity for this account on the same day,NORMAL
btx_b9e3df5b0a4c,bac_c4599022,2026-02-17,2026-02-17,150000.0,0.0,150000.0,669912.02,TO TRANSFER-NEFT*HDFC0862747*SBINN26021705834444*A/C 5347--,,SBINN26021705834444,,-150000.0,1,0,1,17,2,303,274105.44752475247,159866.04,329248.9266066456,2100000.0,-0.3769350102484055,0.9382855796015214,2,404,1,1,0,0.0,0,-0.1267973807620156,48.65269461077844,LOW,0,Transaction narration pattern is rarely seen,NORMAL
btx_ac0fbee25052,bac_c4599022,2025-12-05,2025-12-05,0.0,375179.31,375179.31,1303286.53,BY TRANSFER-RTGS UTR NO: SBINR33038151414--PRABHATPLASTICS,PRABHAT PLASTICS,SBINR33038151414,,375179.31,0,1,4,5,12,303,274105.44752475247,159866.04,329248.9266066456,2100000.0,0.3069831191765758,2.346835575585659,1,17,1,1,0,5.820766091346741e-11,0,-0.12689424890952,48.57784431137724,LOW,0,Transaction narration pattern is rarely seen,NORMAL
btx_991e195e262f,bac_5bed52aa,2026-05-22,2026-05-22,0.0,56285.3,56285.3,15000417.71,BY TRANSFER/NEFT/SBINN32853804701/nandi agro foods pvt,NANDI AGRO FOODS,SBINN32853804701,,56285.3,0,1,4,22,5,126,193510.78952380957,69980.845,248130.59903300003,1297326.04,-0.5530373523402459,0.8042958040875329,1,5,1,1,0,7.421476766467093e-10,0,-0.127541740876022,48.50299401197605,LOW,0,Transaction narration pattern is rarely seen,NORMAL
btx_f8aa885f09fa,bac_eb0ff218,2026-07-05,2026-07-05,60415.17,0.0,60415.17,1739648.06,"NEFT DR-KKBK0356604-PRAGATI TEXTILE MILLS PVT L-NETBANK, MUM-PAYMENT-HDFCN26070581140",PRAGATI TEXTILE MILL,HDFCN26070581140639,,-60415.17,1,0,6,5,7,631,116974.839207607,38044.38,203932.55657779044,2196000.0,-0.2773449720669402,1.5880182565729817,7,7,2,1,0,7.275957614183426e-11,0,-0.1276396021458448,48.42814371257485,LOW,0,Elevated transaction activity for this account on the same day,NORMAL
btx_937f2001e62a,bac_c4599022,2026-06-17,2026-06-17,200000.0,0.0,200000.0,952294.23,TO TRANSFER-RTGS UTR NO: SBINR26061752657168--A/C 5347,,SBINR26061752657168,,-200000.0,1,0,2,17,6,303,274105.44752475247,159866.04,329248.9266066456,2100000.0,-0.2250742266300124,1.251047439468695,3,404,1,1,0,0.0,0,-0.1280668171592722,48.35329341317365,LOW,0,Transaction narration pattern is rarely seen,NORMAL
btx_c2f948c2b41a,bac_eb0ff218,2026-07-31,2026-07-31,177.0,0.0,177.0,1180857.19,CHRG: ACCOUNT MAINTENANCE JUL26,,,,-177.0,1,0,4,31,7,631,116974.839207607,38044.38,203932.55657779044,2196000.0,-0.5727277741602491,0.0046524611519493,2,404,1,0,0,0.0,0,-0.1282127975446687,48.27844311377245,LOW,0,Transaction narration pattern is rarely seen; Bank reference is missing,NORMAL
btx_1b7f773db734,bac_c4599022,2026-05-03,2026-05-03,0.0,21568.35,21568.35,971833.02,BY TRANSFER-UPI/CR/443290294722/MALHOTRA FURNISHINGS/BARB--,MALHOTRA FURNISHINGS,443290294722,,21568.35,0,1,6,3,5,303,274105.44752475247,159866.04,329248.9266066456,2100000.0,-0.7670096304564695,0.1349151452053231,3,39,1,1,0,-2.182787284255028e-11,0,-0.1288532025724643,48.20359281437126,LOW,0,Transaction narration pattern is rarely seen,NORMAL
btx_368cac4ca510,bac_c4599022,2025-11-24,2025-11-24,0.0,397098.56,397098.56,1058014.11,BY TRANSFER-NEFT*PUNB0000451*SBINN43656014341*PRABHAT PLASTICS &--,PRABHAT PLASTICS,SBINN43656014341,,397098.56,0,1,0,24,11,303,274105.44752475247,159866.04,329248.9266066456,2100000.0,0.373556608803125,2.48394568352353,2,17,1,1,0,5.820766091346741e-11,0,-0.1291357913149868,48.12874251497006,LOW,0,Transaction narration pattern is rarely seen,NORMAL
btx_38bcf7299f84,bac_c4599022,2026-04-29,2026-04-29,0.0,30439.24,30439.24,901582.27,BY TRANSFER-NEFT*CNRB0307414*SBINN73873445188*Swastik Motors--,,SBINN73873445188,,30439.24,0,1,2,29,4,303,274105.44752475247,159866.04,329248.9266066456,2100000.0,-0.7400668243206182,0.1904046663068654,3,404,1,1,0,-1.091393642127514e-11,0,-0.1291583301604122,48.05389221556886,LOW,0,Transaction narration pattern is rarely seen,NORMAL
btx_f6608714f247,bac_eb0ff218,2025-12-29,2025-12-29,252000.0,0.0,252000.0,1314341.43,LOAN EMI-LN6335115518-ICICI BANK-EMI 16/60,ICICI BANK,LN6335115518,,-252000.0,1,0,0,29,12,631,116974.839207607,38044.38,203932.55657779044,2196000.0,0.6621069389716959,6.623842995995729,1,13,1,1,0,0.0,0,-0.1293098789826458,47.97904191616767,LOW,0,Transaction narration pattern is rarely seen,NORMAL
btx_965de56b0556,bac_c4599022,2026-06-01,2026-06-01,0.0,38264.4,38264.4,1114359.43,BY TRANSFER-UPI/CR/182873153050/Malhotra Furnishings Lt/BARB--,MALHOTRA FURNISHINGS,182873153050,,38264.4,0,1,0,1,6,303,274105.44752475247,159866.04,329248.9266066456,2100000.0,-0.716300125729832,0.2393528982140297,3,39,1,1,0,-9.458744898438454e-11,0,-0.1294789461439055,47.90419161676647,LOW,0,Transaction narration pattern is rarely seen,NORMAL
btx_e323abd4b7ec,bac_c4599022,2026-02-03,2026-02-03,0.0,31818.59,31818.59,1834021.92,BY TRANSFER- UPI/CR/704810531291/Anand Pharma Distr/ICIC--,ANAND PHARMA DISTRIB,704810531291,,31818.59,0,1,1,3,2,303,274105.44752475247,159866.04,329248.9266066456,2100000.0,-0.7358774408829375,0.1990328277350211,3,12,1,1,0,-1.4915713109076023e-10,0,-0.1300832244699443,47.82934131736527,LOW,0,Transaction narration pattern is rarely seen,NORMAL
btx_c6be192e017b,bac_c4599022,2026-03-23,2026-03-23,0.0,18774.36,18774.36,1430255.6,BY TRANSFER-IMPS/P2A/SBINI10585050021/Dhanlaxmi Steel Trade--,DHANLAXMI STEEL TRAD,SBINI10585050021,,18774.36,0,1,0,23,3,303,274105.44752475247,159866.04,329248.9266066456,2100000.0,-0.7754955806729086,0.1174380750283174,4,7,1,1,0,1.0186340659856795e-10,0,-0.1301443898714134,47.75449101796407,LOW,0,Transaction narration pattern is rarely seen,NORMAL
btx_52b12f013f0d,bac_c4599022,2026-09-20,2026-09-20,0.0,111145.69,111145.69,1997469.26,BY TRANSFER-IMPS/P2A/SBINI29446100342/EVEREST HOSPITALS--,EVEREST HOSPITALS,SBINI29446100342,,111145.69,0,1,6,20,9,303,274105.44752475247,159866.04,329248.9266066456,2100000.0,-0.4949439295194449,0.6952426544124067,3,13,2,1,0,-5.820766091346741e-11,0,-0.1303704615874955,47.67964071856288,LOW,0,Transaction is unusual compared with learned transaction patterns,NORMAL
btx_80626c20dc07,bac_eb0ff218,2026-06-29,2026-06-29,252000.0,0.0,252000.0,3142020.88,LOAN EMI-LN6335115518-ICICI BANK-EMI 22/60,ICICI BANK,LN6335115518,,-252000.0,1,0,0,29,6,631,116974.839207607,38044.38,203932.55657779044,2196000.0,0.6621069389716959,6.623842995995729,6,13,1,1,0,0.0,0,-0.1309668443801643,47.60479041916168,LOW,0,Elevated transaction activity for this account on the same day; Transaction narration pattern is rarely seen,NORMAL
btx_91f8223d3a7a,bac_c4599022,2025-12-28,2025-12-28,0.0,112314.65,112314.65,854477.11,BY TRANSFER-NEFT*PUNB0000451*SBINN40161341568*PRABHAT PLASTIC--,PRABHAT PLASTICS,SBINN40161341568,,112314.65,0,1,6,28,12,303,274105.44752475247,159866.04,329248.9266066456,2100000.0,-0.4913935458870737,0.7025547764866134,1,17,1,1,0,2.9103830456733704e-11,0,-0.1315418682574564,47.52994011976048,LOW,0,Transaction narration pattern is rarely seen,NORMAL
btx_6bf1358054ba,bac_c4599022,2026-06-17,2026-06-17,0.0,480926.65,480926.65,1433220.88,BY TRANSFER-NEFT*UTIB0245900*SBINN24510533094*dhanlaxmi steel trade--,DHANLAXMI STEEL TRAD,SBINN24510533094,,480926.65,0,1,2,17,6,303,274105.44752475247,159866.04,329248.9266066456,2100000.0,0.6281605975357888,3.0083102702737867,3,7,1,1,0,-1.1641532182693479e-10,0,-0.1320116643520706,47.45508982035928,LOW,0,Transaction narration pattern is rarely seen,NORMAL
btx_d78aaf41b6b5,bac_c4599022,2026-03-23,2026-03-23,0.0,35686.03,35686.03,1411481.24,BY TRANSFER-NEFT*BARB0505350*SBINN24531242334*MALHOTRA FURNISH--,MALHOTRA FURNISHINGS,SBINN24531242334,,35686.03,0,1,0,23,3,303,274105.44752475247,159866.04,329248.9266066456,2100000.0,-0.7241311915029952,0.2232245822815151,4,39,1,1,0,2.9103830456733704e-11,0,-0.1320967963768786,47.380239520958085,LOW,0,Transaction narration pattern is rarely seen,NORMAL
btx_851eb19c48d3,bac_c4599022,2026-02-27,2026-02-27,0.0,85823.76,85823.76,1214661.84,BY TRANSFER-IMPS/P2A/SBINI42222374502/Malhotra Furnishi--,,SBINI42222374502,,85823.76,0,1,4,27,2,303,274105.44752475247,159866.04,329248.9266066456,2100000.0,-0.5718520921700468,0.536847975967879,1,404,1,1,0,1.4551915228366852e-11,0,-0.1321177911622708,47.30538922155689,LOW,0,Transaction narration pattern is rarely seen,NORMAL
btx_cc02cc09f1bc,bac_c4599022,2026-03-20,2026-03-20,0.0,234766.9,234766.9,1557320.76,BY TRANSFER-NEFT*UTIB0319955*SBINN03694639422*Kapoor Electrical--,,SBINN03694639422,,234766.9,0,1,4,20,3,303,274105.44752475247,159866.04,329248.9266066456,2100000.0,-0.1194796530703661,1.468522645585016,1,404,1,1,0,-8.731149137020111e-11,0,-0.1323298645085635,47.23053892215569,LOW,0,Transaction narration pattern is rarely seen,NORMAL
btx_7b4cf9e61c3a,bac_c4599022,2026-01-28,2026-01-28,0.0,358446.24,358446.24,1301532.68,BY TRANSFER-NEFT*BARB0795663*SBINN22825395293*MALHOTRA FURNISHINGS LT--,MALHOTRA FURNISHINGS,SBINN22825395293,,358446.24,0,1,2,28,1,303,274105.44752475247,159866.04,329248.9266066456,2100000.0,0.2561611767257472,2.2421662536959066,2,39,1,1,0,0.0,0,-0.132448462006619,47.1556886227545,LOW,0,Transaction narration pattern is rarely seen,NORMAL
btx_d936d9d4817c,bac_c4599022,2026-04-29,2026-04-29,78000.0,0.0,78000.0,758632.86,TO TRANSFER-NEFT*HDFC0862747*SBINN26042972194000*A/C 5347--,,SBINN26042972194000,,-78000.0,1,0,2,29,4,303,274105.44752475247,159866.04,329248.9266066456,2100000.0,-0.5956145386588916,0.487908501392791,3,404,1,1,0,0.0,0,-0.1327340555583253,47.08083832335329,LOW,0,Transaction narration pattern is rarely seen,NORMAL
btx_6c1931322614,bac_c4599022,2026-07-18,2026-07-18,0.0,32246.01,32246.01,1049275.77,BY TRANSFER-UPI/CR/608132685540/Shakti Packaging/PUNB--,,608132685540,,32246.01,0,1,5,18,7,303,274105.44752475247,159866.04,329248.9266066456,2100000.0,-0.734579274160254,0.2017064412179096,1,404,1,1,0,1.091393642127514e-11,0,-0.1330484563977182,47.00598802395209,LOW,0,Transaction narration pattern is rarely seen,NORMAL
btx_852cbb554ff9,bac_c4599022,2026-02-03,2026-02-03,0.0,205432.12,205432.12,1802203.33,BY TRANSFER-NEFT*PUNB0000451*SBINN03013323117*prabhat plastics & co--,PRABHAT PLASTICS,SBINN03013323117,,205432.12,0,1,1,3,2,303,274105.44752475247,159866.04,329248.9266066456,2100000.0,-0.2085757066318295,1.2850266385531286,3,17,1,1,0,1.1641532182693479e-10,0,-0.1332999996227598,46.9311377245509,LOW,0,Transaction narration pattern is rarely seen,NORMAL
btx_b82eede8f3d4,bac_5bed52aa,2026-07-16,2026-07-16,0.0,47617.4,47617.4,19159631.72,BY TRANSFER/NEFT/SBINN21507491280/GARUDA HARDWARE MART AND CO.,GARUDA HARDWARE MART,SBINN21507491280,,47617.4,0,1,3,16,7,126,193510.78952380957,69980.845,248130.59903300003,1297326.04,-0.587970166083412,0.6804347675424611,1,8,1,1,0,-1.4915713109076023e-09,0,-0.1335554625388389,46.8562874251497,LOW,0,Transaction narration pattern is rarely seen,NORMAL
btx_60e189ee907c,bac_c4599022,2025-11-09,2025-11-09,0.0,26210.1,26210.1,686830.5,BY TRANSFER-IMPS/P2A/SBINI12402448259/M/S shakti packagi--,SHAKTI PACKAGING,SBINI12402448259,,26210.1,0,1,6,9,11,303,274105.44752475247,159866.04,329248.9266066456,2100000.0,-0.7529116346092559,0.1639503924660922,2,3,1,1,0,-2.182787284255028e-11,0,-0.1336748861497722,46.7814371257485,LOW,0,Transaction narration pattern is rarely seen,NORMAL
btx_c56920f44620,bac_c4599022,2025-11-29,2025-11-29,0.0,26565.72,26565.72,1084579.83,BY TRANSFER-NEFT*CNRB0523315*SBINN34455463072*SAGAR TEXTILES--,SAGAR TEXTILES,SBINN34455463072,,26565.72,0,1,5,29,11,303,274105.44752475247,159866.04,329248.9266066456,2100000.0,-0.7518315399718485,0.1661748799182115,1,8,1,1,0,-2.9103830456733704e-11,0,-0.1337038172126717,46.706586826347305,LOW,0,Transaction narration pattern is rarely seen,NORMAL
btx_4dec17f916c5,bac_c4599022,2026-07-08,2026-07-08,0.0,468792.76,468792.76,1129072.06,BY TRANSFER-RTGS UTR NO: SBINR83944056502--ANAND PHARMA DISTR,ANAND PHARMA DISTRIB,SBINR83944056502,,468792.76,0,1,2,8,7,303,274105.44752475247,159866.04,329248.9266066456,2100000.0,0.5913073566610011,2.9324099101973125,1,12,1,1,0,0.0,0,-0.1337572665898782,46.63173652694611,LOW,0,Transaction narration pattern is rarely seen,NORMAL
btx_b532d147aa62,bac_c4599022,2026-08-30,2026-08-30,0.0,24545.06,24545.06,1336012.16,BY TRANSFER-IMPS/P2A/SBINI34534847455/DECCANREALTY&CO--,DECCAN REALTY,SBINI34534847455,,24545.06,0,1,6,30,8,303,274105.44752475247,159866.04,329248.9266066456,2100000.0,-0.7579687201923754,0.1535351723230274,1,3,1,1,0,-1.782609615474939e-10,0,-0.1341974750752708,46.55688622754491,LOW,0,Transaction narration pattern is rarely seen,NORMAL
btx_382b23017f0a,bac_eb0ff218,2026-03-26,2026-03-26,101451.68,0.0,101451.68,1082778.15,IMPS-546829663735-Banerjee Warehousing Pvt Ltd-HDFC-XXXXXXXX8612-BILL PMT,,546829663735,,-101451.68,1,0,3,26,3,631,116974.839207607,38044.38,203932.55657779044,2196000.0,-0.0761190830346191,2.6666666666666665,5,404,2,1,0,-1.7462298274040222e-10,0,-0.1342451004656706,46.48203592814371,LOW,0,Elevated transaction activity for this account on the same day,NORMAL
btx_938d8ea2e9f2,bac_c4599022,2026-01-29,2026-01-29,0.0,285509.3,285509.3,1037041.98,BY TRANSFER-NEFT*HDFC0286552*SBINN14810053322*Ganga Poultry F--,GANGA POULTRY FEEDS,SBINN14810053322,,285509.3,0,1,3,29,1,303,274105.44752475247,159866.04,329248.9266066456,2100000.0,0.0346359594631928,1.7859283935474974,3,22,1,1,0,-5.820766091346741e-11,0,-0.1349430401534363,46.40718562874252,LOW,0,Transaction narration pattern is rarely seen,NORMAL
btx_87058f7b4341,bac_eb0ff218,2026-07-13,2026-07-13,201537.54,0.0,201537.54,2450121.15,RTGS DR-HDFC0133880-GomathiHealthcareSupplies-HDFCR26071375301006,GOMATHI HEALTHCARE S,HDFCR26071375301006,,-201537.54,1,0,0,13,7,631,116974.839207607,38044.38,203932.55657779044,2196000.0,0.4146601318173365,5.297432629996862,8,11,1,1,0,-2.9103830456733704e-11,0,-0.1350431371383372,46.29491017964072,LOW,0,High transaction activity for this account on the same day; Transaction narration pattern is rarely seen,NORMAL
btx_3b43f4243080,bac_eb0ff218,2026-07-13,2026-07-13,201537.54,0.0,201537.54,2190520.31,RTGS DR-HDFC0133880-M/S GOMATHI HEALTHCARE SUPP-HDFCR26071350113652,GOMATHI HEALTHCARE S,HDFCR26071350113652,,-201537.54,1,0,0,13,7,631,116974.839207607,38044.38,203932.55657779044,2196000.0,0.4146601318173365,5.297432629996862,8,11,1,1,0,-2.9103830456733704e-11,0,-0.1350431371383372,46.29491017964072,LOW,0,High transaction activity for this account on the same day; Transaction narration pattern is rarely seen,NORMAL
btx_e641328b06b0,bac_c4599022,2026-08-12,2026-08-12,0.0,230085.25,230085.25,1595641.69,BY TRANSFER-RTGS UTR NO: SBINR05239102230--Sharma Realty Pvt,,SBINR05239102230,,230085.25,0,1,2,12,8,303,274105.44752475247,159866.04,329248.9266066456,2100000.0,-0.1336988338229071,1.4392378143600728,1,404,1,1,0,0.0,0,-0.1350523895730341,46.18263473053892,LOW,0,Transaction narration pattern is rarely seen,NORMAL
btx_1b7afeb7455d,bac_c4599022,2026-01-04,2026-01-04,0.0,198600.77,198600.77,975149.89,BY TRANSFER-NEFT*HDFC0286552*SBINN77386114261*Ganga Poultry Feeds--,GANGA POULTRY FEEDS,SBINN77386114261,,198600.77,0,1,6,4,1,303,274105.44752475247,159866.04,329248.9266066456,2100000.0,-0.2293239899152597,1.242294923925056,1,22,1,1,0,2.9103830456733704e-11,0,-0.1350952574070383,46.10778443113773,LOW,0,Transaction narration pattern is rarely seen,NORMAL
btx_39717a670f15,bac_c4599022,2026-04-30,2026-04-30,0.0,204785.88,204785.88,1105368.15,BY TRANSFER-RTGS UTR NO: SBINR31352672802--SWASTIK MOTORS,SWASTIK MOTORS,SBINR31352672802,,204785.88,0,1,3,30,4,303,274105.44752475247,159866.04,329248.9266066456,2100000.0,-0.2105384768879405,1.2809842540667171,5,11,1,1,0,-1.1641532182693479e-10,0,-0.1352162983090953,46.032934131736525,LOW,0,Elevated transaction activity for this account on the same day; Transaction narration pattern is rarely seen,NORMAL
btx_69b8d7a16726,bac_c4599022,2026-05-18,2026-05-18,0.0,158086.29,158086.29,1477281.83,BY TRANSFER-NEFT*CNRB0307414*SBINN58267416361*Swastik Motors--,,SBINN58267416361,,158086.29,0,1,0,18,5,303,274105.44752475247,159866.04,329248.9266066456,2100000.0,-0.3523752035290939,0.988867241598028,2,404,1,1,0,2.9103830456733704e-11,0,-0.1353511168575119,45.958083832335326,LOW,0,Transaction narration pattern is rarely seen,NORMAL
btx_0178dfdadc2a,bac_c4599022,2026-04-30,2026-04-30,0.0,54162.99,54162.99,1159531.14,BY TRANSFER-NEFT*CNRB0523315*SBINN95032073750*SAGAR TEXTILES--,SAGAR TEXTILES,SBINN95032073750,,54162.99,0,1,3,30,4,303,274105.44752475247,159866.04,329248.9266066456,2100000.0,-0.6680126790132811,0.3388023497673427,5,8,1,1,0,-7.275957614183426e-12,0,-0.1353927558906291,45.88323353293413,LOW,0,Elevated transaction activity for this account on the same day; Transaction narration pattern is rarely seen,NORMAL
btx_115825550234,bac_c4599022,2026-06-22,2026-06-22,0.0,78379.34,78379.34,1496180.19,BY TRANSFER-UPI/CR/957303016543/Ganga Poultry Feeds/HDFC--,,957303016543,,78379.34,0,1,0,22,6,303,274105.44752475247,159866.04,329248.9266066456,2100000.0,-0.5944624012657356,0.4902813630712313,2,404,1,1,0,-1.4551915228366852e-10,0,-0.1354171160879617,45.808383233532936,LOW,0,Transaction narration pattern is rarely seen,NORMAL
btx_03c9756a8ec5,bac_c4599022,2026-07-01,2026-07-01,0.0,364774.7,364774.7,1025119.04,BY TRANSFER-RTGS UTR NO: SBINR83302969163--Ganga Poultry F,GANGA POULTRY FEEDS,SBINR83302969163,,364774.7,0,1,2,1,7,303,274105.44752475247,159866.04,329248.9266066456,2100000.0,0.2753820746197004,2.281752272089807,1,22,1,1,0,5.820766091346741e-11,0,-0.1358563128717078,45.73353293413174,LOW,0,Transaction narration pattern is rarely seen,NORMAL
btx_910f22cfe9ab,bac_c4599022,2026-01-17,2026-01-17,0.0,326672.03,326672.03,1386750.67,BY TRANSFER-NEFT*BARB0795663*SBINN23743211639*M/S MALHOTRA FU--,MALHOTRA FURNISHINGS,SBINN23743211639,,326672.03,0,1,5,17,1,303,274105.44752475247,159866.04,329248.9266066456,2100000.0,0.1596560481366397,2.043411033387704,1,39,1,1,0,0.0,0,-0.1359806521303088,45.65868263473054,LOW,0,Transaction narration pattern is rarely seen,NORMAL
btx_811866bf6363,bac_eb0ff218,2026-02-17,2026-02-17,285553.0,0.0,285553.0,939662.56,RTGS DR-UTIB0573533-srinivasa computer systems-HDFCR26021732409140,SRINIVASA COMPUTER S,HDFCR26021732409140,,-285553.0,1,0,1,17,2,631,116974.839207607,38044.38,203932.55657779044,2196000.0,0.8266368235720547,7.505786662839558,5,11,1,1,0,0.0,0,-0.1361962618238518,45.58383233532935,LOW,0,Elevated transaction activity for this account on the same day; Transaction narration pattern is rarely seen,NORMAL
btx_148b71a19835,bac_eb0ff218,2025-12-30,2025-12-30,256604.64,0.0,256604.64,1057736.79,RTGS DR-UTIB0573533-SRINIVASA COMPUTER SYST-HDFCR25123092643715,SRINIVASA COMPUTER S,HDFCR25123092643715,,-256604.64,1,0,1,30,12,631,116974.839207607,38044.38,203932.55657779044,2196000.0,0.6846861684839959,6.744876378587325,3,11,1,1,0,1.1641532182693479e-10,0,-0.1363746096069086,45.50898203592814,LOW,0,Transaction narration pattern is rarely seen,NORMAL
btx_7ab6b986c8de,bac_eb0ff218,2026-07-05,2026-07-05,5.9,0.0,5.9,1437515.82,CHRG: IMPS OUTWARD-242140957775,,242140957775,,-5.9,1,0,6,5,7,631,116974.839207607,38044.38,203932.55657779044,2196000.0,-0.5735667770289977,0.0001550820383983,7,404,1,1,0,9.313261273291572e-11,0,-0.1364969748696037,45.43413173652694,LOW,0,Elevated transaction activity for this account on the same day; Transaction narration pattern is rarely seen,NORMAL
btx_b6a97c339d18,bac_c4599022,2026-02-24,2026-02-24,0.0,101869.88,101869.88,1128838.08,BY TRANSFER-IMPS/P2A/SBINI04562329340/GANGA POULTRY FEEDS--,,SBINI04562329340,,101869.88,0,1,1,24,2,303,274105.44752475247,159866.04,329248.9266066456,2100000.0,-0.5231165650253514,0.6372202626649162,2,404,1,1,0,1.1641532182693479e-10,0,-0.1371705692067806,45.35928143712575,LOW,0,Transaction narration pattern is rarely seen,NORMAL
btx_510706b80a5a,bac_eb0ff218,2025-11-30,2025-11-30,11525.85,0.0,11525.85,1541208.89,UPI-Skyline Travels-skylinetr@oksbi-SBIN0064050-233559032094-CLIENT VISIT TRAVE,SKYLINE TRAVELS,233559032094,,-11525.85,1,0,6,30,11,631,116974.839207607,38044.38,203932.55657779044,2196000.0,-0.517077758339107,0.3029580190293547,5,18,2,1,0,-9.276845958083868e-11,0,-0.1373611370799402,45.28443113772455,LOW,0,Elevated transaction activity for this account on the same day,NORMAL
btx_968c7bd6866f,bac_c4599022,2026-06-21,2026-06-21,0.0,305555.1,305555.1,2375518.58,BY TRANSFER- RTGS UTR NO: SBINR53274391882--MALHOTRA FURNISHING,MALHOTRA FURNISHINGS,SBINR53274391882,,305555.1,0,1,6,21,6,303,274105.44752475247,159866.04,329248.9266066456,2100000.0,0.0955193773883444,1.911319627358005,3,39,1,1,0,1.1641532182693479e-10,0,-0.1376826116887544,45.20958083832336,LOW,0,Transaction narration pattern is rarely seen,NORMAL
btx_afb3ed5498b4,bac_c4599022,2026-02-17,2026-02-17,0.0,90190.36,90190.36,760102.38,BY TRANSFER-NEFT*CNRB0523315*SBINN90444340986*Sagar Textiles P--,,SBINN90444340986,,90190.36,0,1,1,17,2,303,274105.44752475247,159866.04,329248.9266066456,2100000.0,-0.5585897862150854,0.5641620947137991,2,404,1,1,0,-1.4551915228366852e-11,0,-0.1378990615111887,45.13473053892216,LOW,0,Transaction narration pattern is rarely seen,NORMAL
btx_b4bf4ff32457,bac_c4599022,2026-03-27,2026-03-27,0.0,100000.0,100000.0,760116.1,BY TRANSFER-NEFT*SBIN0835405*SBINN26032731437242*A/C 8504--,,SBINN26032731437242,,100000.0,0,1,4,27,3,303,274105.44752475247,159866.04,329248.9266066456,2100000.0,-0.5287957938667986,0.6255237197343475,2,404,1,1,0,0.0,0,-0.138105872049831,45.05988023952096,LOW,0,Transaction narration pattern is rarely seen,NORMAL
btx_59716956566a,bac_c4599022,2026-06-06,2026-06-06,0.0,184512.9,184512.9,1414145.71,BY TRANSFER-NEFT*BARB0505350*SBINN51501823910*MALHOTRA FURNISHING--,MALHOTRA FURNISHINGS,SBINN51501823910,,184512.9,0,1,5,6,6,303,274105.44752475247,159866.04,329248.9266066456,2100000.0,-0.2721118894695407,1.154171955469717,2,39,2,1,0,-8.731149137020111e-11,0,-0.13818048525321,44.98502994011976,LOW,0,Transaction is unusual compared with learned transaction patterns,NORMAL
btx_30641b38bb69,bac_eb0ff218,2026-03-02,2026-03-02,252000.0,0.0,252000.0,1443406.0,LOAN EMI-LN6335115518-ICICI BANK-EMI 18/60,ICICI BANK,LN6335115518,,-252000.0,1,0,0,2,3,631,116974.839207607,38044.38,203932.55657779044,2196000.0,0.6621069389716959,6.623842995995729,3,13,1,1,0,0.0,0,-0.1389718625367525,44.91017964071856,LOW,0,Transaction narration pattern is rarely seen,NORMAL
btx_24bf1331a3f6,bac_c4599022,2026-08-20,2026-08-20,0.0,208193.29,208193.29,1642735.04,BY TRANSFER-RTGS UTR NO: SBINR57786275592--Yamuna Constructio,,SBINR57786275592,,208193.29,0,1,3,20,8,303,274105.44752475247,159866.04,329248.9266066456,2100000.0,-0.2001894378337575,1.3022984118453176,2,404,1,1,0,2.9103830456733704e-11,0,-0.1391872193232252,44.83532934131736,LOW,0,Transaction narration pattern is rarely seen,NORMAL
btx_4a4b6fef4c1f,bac_c4599022,2025-12-08,2025-12-08,0.0,153002.75,153002.75,980904.74,BY TRANSFER-IMPS/P2A/SBINI16749751021/Malhotra Furnishings Lt--,MALHOTRA FURNISHINGS,SBINI16749751021,,153002.75,0,1,0,8,12,303,274105.44752475247,159866.04,329248.9266066456,2100000.0,-0.3678150108882029,0.9570684930958444,1,39,1,1,0,0.0,0,-0.1392207379301273,44.76047904191617,LOW,0,Transaction narration pattern is rarely seen,NORMAL
btx_9c2e7557bab8,bac_c4599022,2026-05-03,2026-05-03,0.0,159866.04,159866.04,1131699.06,BY TRANSFER-NEFT*PUNB0000451*SBINN14935380873*PrabhatPlastics--,PRABHAT PLASTICS,SBINN14935380873,,159866.04,0,1,6,3,5,303,274105.44752475247,159866.04,329248.9266066456,2100000.0,-0.3469697189361972,1.0,3,17,1,1,0,2.9103830456733704e-11,0,-0.1398308840268208,44.68562874251497,LOW,0,Transaction narration pattern is rarely seen,NORMAL
btx_b32f5e1df78f,bac_eb0ff218,2026-01-28,2026-01-28,252000.0,0.0,252000.0,1030966.18,LOAN EMI-LN6335115518-ICICI BANK LTD-EMI 17/60,ICICI BANK,LN6335115518,,-252000.0,1,0,2,28,1,631,116974.839207607,38044.38,203932.55657779044,2196000.0,0.6621069389716959,6.623842995995729,1,13,1,1,0,1.1641532182693479e-10,0,-0.1399347629000504,44.61077844311377,LOW,0,Transaction narration pattern is rarely seen,NORMAL
btx_0d09e033c96b,bac_c4599022,2026-05-03,2026-05-03,0.0,83706.0,83706.0,950264.67,BY TRANSFER-NEFT*PUNB0000451*SBINN13422952721*Prabhat Plastics--,PRABHAT PLASTICS,SBINN13422952721,,83706.0,0,1,6,3,5,303,274105.44752475247,159866.04,329248.9266066456,2100000.0,-0.5782841860323605,0.523600884840833,3,17,1,1,0,0.0,0,-0.1399620421008737,44.535928143712574,LOW,0,Transaction narration pattern is rarely seen,NORMAL
btx_753acff43e65,bac_c4599022,2026-03-01,2026-03-01,0.0,147152.61,147152.61,1361637.45,BY TRANSFER- NEFT*PUNB0000451*SBINN04115510298*PRABHAT PLASTICS--,PRABHAT PLASTICS,SBINN04115510298,,147152.61,0,1,6,1,3,303,274105.44752475247,159866.04,329248.9266066456,2100000.0,-0.385583147781749,0.9204744797581774,2,17,1,1,0,-1.1641532182693479e-10,0,-0.1402593576064978,44.461077844311376,LOW,0,Transaction narration pattern is rarely seen,NORMAL
btx_79053c156171,bac_c4599022,2026-03-08,2026-03-08,0.0,16949.66,16949.66,1033990.92,BY TRANSFER-NEFT*UTIB0319955*SBINN42503511520*Kapoor Electricals--,KAPOOR ELECTRICALS,SBINN42503511520,,16949.66,0,1,6,8,3,303,274105.44752475247,159866.04,329248.9266066456,2100000.0,-0.7810375881102782,0.1060241437143248,2,2,1,1,0,3.2741809263825417e-11,0,-0.1402782658208784,44.38622754491018,LOW,0,Counterparty is rarely seen in the dataset; Transaction narration pattern is rarely seen,NORMAL
btx_2969f7c5fbe8,bac_c4599022,2026-04-10,2026-04-10,0.0,410070.19,410070.19,1357182.22,BY TRANSFER-NEFT*BARB0795663*SBINN26429073143*malhotra furnishi--,MALHOTRA FURNISHINGS,SBINN26429073143,,410070.19,0,1,4,10,4,303,274105.44752475247,159866.04,329248.9266066456,2100000.0,0.4129542467352822,2.5650863060097064,2,39,1,1,0,-5.820766091346741e-11,0,-0.1406371757974696,44.31137724550898,LOW,0,Transaction narration pattern is rarely seen,NORMAL
btx_28ed80df21f9,bac_c4599022,2026-08-29,2026-08-29,0.0,301782.61,301782.61,1311467.1,BY TRANSFER-NEFT*ICIC0750406*SBINN45130533458*Anand Pharma Dis--,ANAND PHARMA DISTRIB,SBINN45130533458,,301782.61,0,1,5,29,8,303,274105.44752475247,159866.04,329248.9266066456,2100000.0,0.0840615116364934,1.887721807583399,1,12,1,1,0,1.1641532182693479e-10,0,-0.1407624549314524,44.23652694610779,LOW,0,Transaction narration pattern is rarely seen,NORMAL
btx_6db897502af6,bac_eb0ff218,2026-03-30,2026-03-30,252000.0,0.0,252000.0,750564.03,LOAN EMI-LN6335115518-ICICI BANK LTD-EMI 19/60,ICICI BANK,LN6335115518,,-252000.0,1,0,0,30,3,631,116974.839207607,38044.38,203932.55657779044,2196000.0,0.6621069389716959,6.623842995995729,3,13,1,1,0,0.0,0,-0.1414904467815969,44.16167664670659,LOW,0,Transaction narration pattern is rarely seen,NORMAL
btx_b719b84d20c2,bac_eb0ff218,2026-04-28,2026-04-28,252000.0,0.0,252000.0,1196331.15,LOAN EMI- LN6335115518-ICICIBANKLTD-EMI 20/60,ICICI BANK,LN6335115518,,-252000.0,1,0,1,28,4,631,116974.839207607,38044.38,203932.55657779044,2196000.0,0.6621069389716959,6.623842995995729,5,13,1,1,0,0.0,0,-0.1415685537922636,44.08682634730539,LOW,0,Elevated transaction activity for this account on the same day; Transaction narration pattern is rarely seen,NORMAL
btx_7a42a1bb388d,bac_c4599022,2026-01-03,2026-01-03,0.0,116332.61,116332.61,776549.12,BY TRANSFER-IMPS/P2A/SBINI14329431015/anandpharmadistributo--,ANAND PHARMA DISTRIB,SBINI14329431015,,116332.61,0,1,5,3,1,303,274105.44752475247,159866.04,329248.9266066456,2100000.0,-0.4791901348041266,0.7276880693360516,1,12,1,1,0,-1.4551915228366852e-11,0,-0.1418850649206677,44.01197604790419,LOW,0,Transaction narration pattern is rarely seen,NORMAL
btx_717d3e1fe1fa,bac_c4599022,2025-12-27,2025-12-27,0.0,81332.96,81332.96,742162.46,BY TRANSFER-NEFT*HDFC0286552*SBINN52127917413*GANGA POULTRY FEEDS--,GANGA POULTRY FEEDS,SBINN52127917413,,81332.96,0,1,5,27,12,303,274105.44752475247,159866.04,329248.9266066456,2100000.0,-0.5854916203115164,0.508756956762049,2,22,1,1,0,-4.365574568510056e-11,0,-0.141942863044049,43.93712574850299,LOW,0,Transaction narration pattern is rarely seen,NORMAL
btx_87f9097b1a3c,bac_eb0ff218,2026-07-13,2026-07-13,29.5,0.0,29.5,2392057.85,CHRG: RTGS OUTWARD-HDFCR26071375301006,,HDFCR26071375301006,,-29.5,1,0,0,13,7,631,116974.839207607,38044.38,203932.55657779044,2196000.0,-0.5734510524953772,0.0007754101919915,8,404,1,1,0,0.0,0,-0.1420969371516726,43.8248502994012,LOW,0,High transaction activity for this account on the same day; Transaction narration pattern is rarely seen,NORMAL
btx_1dc06328c9a4,bac_eb0ff218,2026-07-13,2026-07-13,29.5,0.0,29.5,2190490.81,CHRG: RTGS OUTWARD-HDFCR26071350113652,,HDFCR26071350113652,,-29.5,1,0,0,13,7,631,116974.839207607,38044.38,203932.55657779044,2196000.0,-0.5734510524953772,0.0007754101919915,8,404,1,1,0,0.0,0,-0.1420969371516726,43.8248502994012,LOW,0,High transaction activity for this account on the same day; Transaction narration pattern is rarely seen,NORMAL
btx_9e6487900671,bac_c4599022,2025-12-09,2025-12-09,0.0,77913.8,77913.8,1058818.54,BY TRANSFER-UPI/CR/138021305964/Ganga Poultry Feeds/HDFC--,GANGA POULTRY FEEDS,138021305964,,77913.8,0,1,1,9,12,303,274105.44752475247,159866.04,329248.9266066456,2100000.0,-0.5958763466498498,0.4873692999463801,3,22,1,1,0,4.365574568510056e-11,0,-0.1421279829118513,43.71257485029941,LOW,0,Transaction narration pattern is rarely seen,NORMAL
btx_842ead2a6655,bac_c4599022,2026-02-07,2026-02-07,0.0,275984.0,275984.0,1630951.76,BY TRANSFER-RTGS UTR NO: SBINR02295511264--Ganga Poultry Feed,GANGA POULTRY FEEDS,SBINR02295511264,,275984.0,0,1,5,7,2,303,274105.44752475247,159866.04,329248.9266066456,2100000.0,0.0057055690191872,1.7263453826716415,1,22,1,1,0,0.0,0,-0.1422443229813344,43.637724550898206,LOW,0,Transaction narration pattern is rarely seen,NORMAL
btx_b2209eed5989,bac_eb0ff218,2026-05-19,2026-05-19,267240.06,0.0,267240.06,1156231.31,RTGS DR-UTIB0573533-SRINIVASA COMPUTER SY-HDFCR26051940051562,SRINIVASA COMPUTER S,HDFCR26051940051562,,-267240.06,1,0,1,19,5,631,116974.839207607,38044.38,203932.55657779044,2196000.0,0.7368378218466265,7.024429363811422,6,11,1,1,0,-5.820766091346741e-11,0,-0.1422444403995452,43.56287425149701,LOW,0,Elevated transaction activity for this account on the same day; Transaction narration pattern is rarely seen,NORMAL
btx_90f0ee4b9bca,bac_eb0ff218,2025-10-18,2025-10-18,79642.12,0.0,79642.12,1194916.01,"NEFT DR-HDFC0113842-BRANDWAVEEVENTS-NETBANK, MUM-MARKETING CAMPAIGN-HDFCN251018505124",,HDFCN25101850512445,,-79642.12,1,0,5,18,10,631,116974.839207607,38044.38,203932.55657779044,2196000.0,-0.1830640474188649,2.0934003918581405,4,404,2,1,0,1.1641532182693479e-10,0,-0.1423294409520726,43.48802395209581,LOW,0,Transaction is unusual compared with learned transaction patterns,NORMAL
btx_2af5ce8c95d4,bac_c4599022,2025-12-09,2025-12-09,0.0,166488.56,166488.56,1796889.66,BY TRANSFER-NEFT*UTIB0245900*SBINN41925102552*Dhanlaxmi Steel Tra--,DHANLAXMI STEEL TRAD,SBINN41925102552,,166488.56,0,1,1,9,12,303,274105.44752475247,159866.04,329248.9266066456,2100000.0,-0.3268556974016277,1.041425433444151,3,7,1,1,0,-1.7462298274040222e-10,0,-0.1423972353274106,43.41317365269461,LOW,0,Transaction narration pattern is rarely seen,NORMAL
btx_c1b809c6fe78,bac_c4599022,2026-09-02,2026-09-02,0.0,18517.0,18517.0,1108672.91,BY TRANSFER-NEFT*SBIN0367455*SBINN26090225346421*manjunath spice traders--,MANJUNATH SPICE TRAD,SBINN26090225346421,,18517.0,0,1,2,2,9,303,274105.44752475247,159866.04,329248.9266066456,2100000.0,-0.7762772384983492,0.1158282271832091,2,6,1,1,0,0.0,0,-0.1430512419439876,43.33832335329341,LOW,0,Transaction narration pattern is rarely seen,NORMAL
btx_696b70d2210d,bac_eb0ff218,2026-07-13,2026-07-13,21632.1,0.0,21632.1,2168858.71,POS 416021XXXXXX8013 METRO CABS HYDERABAD,,504581839203,,-21632.1,1,0,0,13,7,631,116974.839207607,38044.38,203932.55657779044,2196000.0,-0.4675209334279999,0.5686017225146001,8,404,1,1,0,-9.458744898438454e-11,0,-0.1431443144951999,43.26347305389221,LOW,0,High transaction activity for this account on the same day; Transaction narration pattern is rarely seen,NORMAL
btx_95024aaa0175,bac_c4599022,2026-09-20,2026-09-20,0.0,190657.22,190657.22,1886323.57,BY TRANSFER-IMPS/P2A/SBINI56411104743/EVEREST HOSPITALS--,EVEREST HOSPITALS,SBINI56411104743,,190657.22,0,1,6,20,9,303,274105.44752475247,159866.04,329248.9266066456,2100000.0,-0.2534502644694974,1.1926061344860983,3,13,1,1,0,-2.9103830456733704e-11,0,-0.1433073612599354,43.18862275449102,LOW,0,Transaction narration pattern is rarely seen,NORMAL
btx_fcc48a31e17d,bac_c4599022,2026-03-30,2026-03-30,0.0,66698.32,66698.32,776814.42,BY TRANSFER-NEFT*KKBK0045374*SBINN53494751854*DEEPAM FURNISHING--,DEEPAM FURNISHINGS,SBINN53494751854,,66698.32,0,1,0,30,3,303,274105.44752475247,159866.04,329248.9266066456,2100000.0,-0.629940178278978,0.4172138122643183,1,5,1,1,0,5.820766091346741e-11,0,-0.1435554080124964,43.11377245508982,LOW,0,Transaction narration pattern is rarely seen,NORMAL
btx_472553a8d80a,bac_c4599022,2026-05-10,2026-05-10,0.0,12824.39,12824.39,841069.49,BY TRANSFER-IMPS/P2A/SBINI57105381405/DHANLAXMI STEEL TRADERS--,DHANLAXMI STEEL TRAD,SBINI57105381405,,12824.39,0,1,6,10,5,303,274105.44752475247,159866.04,329248.9266066456,2100000.0,-0.7935669228070271,0.0802196013612396,2,7,1,1,0,1.4551915228366852e-11,0,-0.1437344569971706,43.038922155688624,LOW,0,Transaction narration pattern is rarely seen,NORMAL
btx_be6baee53fb9,bac_eb0ff218,2025-12-14,2025-12-14,5.9,0.0,5.9,1449630.42,CHRG: IMPS OUTWARD-053050622935,,053050622935,,-5.9,1,0,6,14,12,631,116974.839207607,38044.38,203932.55657779044,2196000.0,-0.5735667770289977,0.0001550820383983,5,404,1,1,0,-1.396980309209539e-10,0,-0.1438981918533502,42.96407185628743,LOW,0,Elevated transaction activity for this account on the same day; Transaction narration pattern is rarely seen,NORMAL
btx_0c9704fa273c,bac_c4599022,2026-02-21,2026-02-21,0.0,280656.32,280656.32,1040758.7,BY TRANSFER-RTGS UTR NO: SBINR54355846005--malhotra furnishi,MALHOTRA FURNISHINGS,SBINR54355846005,,280656.32,0,1,5,21,2,303,274105.44752475247,159866.04,329248.9266066456,2100000.0,0.019896412549505,1.7555718525335338,1,39,1,1,0,-5.820766091346741e-11,0,-0.1440767592235815,42.88922155688623,LOW,0,Transaction narration pattern is rarely seen,NORMAL
btx_d03d413e969d,bac_c4599022,2026-05-24,2026-05-24,0.0,257195.42,257195.42,1580627.79,BY TRANSFER-RTGS UTR NO: SBINR44354200161--M/S GangaPoultryFeed,GANGA POULTRY FEEDS,SBINR44354200161,,257195.42,0,1,6,24,5,303,274105.44752475247,159866.04,329248.9266066456,2100000.0,-0.05135940061835,1.608818358170378,1,22,1,1,0,-8.731149137020111e-11,0,-0.1441065831918421,42.81437125748503,LOW,0,Transaction narration pattern is rarely seen,NORMAL
btx_37570f8dc807,bac_c4599022,2026-07-15,2026-07-15,0.0,53342.93,53342.93,1017029.76,BY TRANSFER-IMPS/P2A/SBINI12981651441/Prabhat Plastics--,,SBINI12981651441,,53342.93,0,1,2,15,7,303,274105.44752475247,159866.04,329248.9266066456,2100000.0,-0.6705033780975631,0.3336726799512892,2,404,1,1,0,5.0931703299283975e-11,0,-0.1442623813974904,42.73952095808383,LOW,0,Transaction narration pattern is rarely seen,NORMAL
btx_5e588ba2185e,bac_c4599022,2025-12-30,2025-12-30,0.0,83467.54,83467.54,937944.65,BY TRANSFER-UPI/CR/133016109031/ANAND PHARMA DIST/ICIC--,ANAND PHARMA DISTRIB,133016109031,,83467.54,0,1,1,30,12,303,274105.44752475247,159866.04,329248.9266066456,2100000.0,-0.5790084404815935,0.5221092609787544,1,12,1,1,0,4.365574568510056e-11,0,-0.1443688853492658,42.66467065868264,LOW,0,Transaction narration pattern is rarely seen,NORMAL
btx_35487098a036,bac_eb0ff218,2025-12-14,2025-12-14,178294.0,0.0,178294.0,1588092.02,EPFO-ECR-TRRN 4354264532751,EPFO,4354264532751,,-178294.0,1,0,6,14,12,631,116974.839207607,38044.38,203932.55657779044,2196000.0,0.3006835290127043,4.686474060031995,5,12,1,1,0,0.0,0,-0.1445548755279135,42.58982035928144,LOW,0,Elevated transaction activity for this account on the same day; Transaction narration pattern is rarely seen,NORMAL
btx_89dc8018ce71,bac_eb0ff218,2025-10-07,2025-10-07,250772.0,0.0,250772.0,2600107.02,RTGS DR-UTIB0573533-SRINIVASA COMPUTER S-HDFCR25100716005720,SRINIVASA COMPUTER S,HDFCR25100716005720,,-250772.0,1,0,1,7,10,631,116974.839207607,38044.38,203932.55657779044,2196000.0,0.6560853403578838,6.591564903935877,4,11,1,1,0,0.0,0,-0.1447971147672316,42.51497005988024,LOW,0,Transaction narration pattern is rarely seen,NORMAL
btx_2efdf303ba84,bac_c4599022,2025-12-23,2025-12-23,0.0,205610.0,205610.0,1081980.74,BY TRANSFER-NEFT*BARB0505350*SBINN44307768641*MalhotraFurnishings--,MALHOTRA FURNISHINGS,SBINN44307768641,,205610.0,0,1,1,23,12,303,274105.44752475247,159866.04,329248.9266066456,2100000.0,-0.2080354467080287,1.286139320145792,2,39,1,1,0,0.0,0,-0.145000076711699,42.44011976047904,LOW,0,Transaction narration pattern is rarely seen,NORMAL
btx_bc73ed81a2e8,bac_c4599022,2026-01-29,2026-01-29,0.0,100000.0,100000.0,1137041.98,BY TRANSFER-UPI/CR/185545195924/GANGA POULTRY FEEDS/HDFC--,GANGA POULTRY FEEDS,185545195924,,100000.0,0,1,3,29,1,303,274105.44752475247,159866.04,329248.9266066456,2100000.0,-0.5287957938667986,0.6255237197343475,3,22,1,1,0,0.0,0,-0.1450831315393207,42.36526946107784,LOW,0,Transaction narration pattern is rarely seen,NORMAL
btx_4b4a7cf89a0c,bac_eb0ff218,2026-02-15,2026-02-15,120523.76,0.0,120523.76,2012431.08,"NEFT DR-KKBK0559815-MARUTHI BUILDING MATERI-NETBANK, MUM-MBM/25-26/0146-HDFCN26021534",,HDFCN26021534111942,,-120523.76,1,0,6,15,2,631,116974.839207607,38044.38,203932.55657779044,2196000.0,0.0174024238794812,3.1679780298693263,1,404,1,1,0,2.1827872842550278e-10,0,-0.1453365219924313,42.290419161676645,LOW,0,Transaction narration pattern is rarely seen,NORMAL
btx_38eb13f22c13,bac_c4599022,2026-01-18,2026-01-18,0.0,65253.4,65253.4,1601307.11,BY TRANSFER-NEFT*BARB0505350*SBINN41822288831*MALHOTRA FURNISHINGS--,MALHOTRA FURNISHINGS,SBINN41822288831,,65253.4,0,1,6,18,1,303,274105.44752475247,159866.04,329248.9266066456,2100000.0,-0.6343287119482959,0.4081754949331327,2,39,1,1,0,1.382431946694851e-10,0,-0.1455066294172717,42.21556886227545,LOW,0,Transaction narration pattern is rarely seen,NORMAL
btx_d8315e619075,bac_c4599022,2026-06-21,2026-06-21,0.0,42282.27,42282.27,2417800.85,BY TRANSFER-IMPS/P2A/SBINI44773040231/SWASTIK MOTORS--,SWASTIK MOTORS,SBINI44773040231,,42282.27,0,1,6,21,6,303,274105.44752475247,159866.04,329248.9266066456,2100000.0,-0.7040969879962954,0.2644856280921201,3,11,1,1,0,2.182787284255028e-11,0,-0.1455457145408341,42.140718562874255,LOW,0,Transaction narration pattern is rarely seen,NORMAL
btx_2aa382f29858,bac_eb0ff218,2026-01-06,2026-01-06,131324.97,0.0,131324.97,1173584.15,IMPS-003415744326-Tirumala Agro Commodi-HDFC-XXXXXXXX3543-TAC/25-26/0145,,003415744326,,-131324.97,1,0,1,6,1,631,116974.839207607,38044.38,203932.55657779044,2196000.0,0.0703670420907959,3.451888820372418,2,404,1,1,0,-2.0372681319713595e-10,0,-0.1455915341632674,42.06586826347306,LOW,0,Transaction narration pattern is rarely seen,NORMAL
btx_14b9c57f78fc,bac_eb0ff218,2026-09-28,2026-09-28,252000.0,0.0,252000.0,924052.03,LOAN EMI-LN6335115518-ICICI BANK LTD-EMI 25/60,ICICI BANK,LN6335115518,,-252000.0,1,0,0,28,9,631,116974.839207607,38044.38,203932.55657779044,2196000.0,0.6621069389716959,6.623842995995729,4,13,1,1,0,0.0,0,-0.1459725113292049,41.99101796407186,LOW,0,Transaction narration pattern is rarely seen,NORMAL
btx_31ec3ec244b1,bac_c4599022,2026-09-01,2026-09-01,0.0,64151.24,64151.24,1090155.91,BY TRANSFER-IMPS/P2A/SBINI17139104245/DEEPAM FURNISHINGS--,DEEPAM FURNISHINGS,SBINI17139104245,,64151.24,0,1,1,1,9,303,274105.44752475247,159866.04,329248.9266066456,2100000.0,-0.6376762095737528,0.4012812227037086,1,5,1,1,0,-1.2369127944111824e-10,0,-0.1460158759325253,41.91616766467065,LOW,0,Transaction narration pattern is rarely seen,NORMAL
btx_f4dec355141e,bac_c4599022,2025-12-23,2025-12-23,0.0,233289.54,233289.54,1315270.28,BY TRANSFER-NEFT*BARB0536451*SBINN84002946730*SHREEGANESHGRAN--,SHREE GANESH GRANITE,SBINN84002946730,,233289.54,0,1,1,23,12,303,274105.44752475247,159866.04,329248.9266066456,2100000.0,-0.1239667140160955,1.4592814083591488,2,14,1,1,0,2.9103830456733704e-11,0,-0.146035381331255,41.84131736526946,LOW,0,Transaction narration pattern is rarely seen,NORMAL
btx_934179346783,bac_c4599022,2026-06-08,2026-06-08,0.0,264534.17,264534.17,980143.77,BY TRANSFER-RTGS UTR NO: SBINR15412610251--anand pharma distributo,ANAND PHARMA DISTRIB,SBINR15412610251,,264534.17,0,1,0,8,6,303,274105.44752475247,159866.04,329248.9266066456,2100000.0,-0.0290700341027605,1.6547239801523823,1,12,1,1,0,5.820766091346741e-11,0,-0.1460818618026889,41.76646706586826,LOW,0,Transaction narration pattern is rarely seen,NORMAL
btx_cdf5934cce0d,bac_c4599022,2026-04-14,2026-04-14,0.0,3840.95,3840.95,1361023.17,BY TRANSFER-UPI/CR/111786106720/Yamuna Constructions/UTIB--,YAMUNA CONSTRUCTIONS,111786106720,,3840.95,0,1,1,14,4,303,274105.44752475247,159866.04,329248.9266066456,2100000.0,-0.8208515675668036,0.0240260533131364,1,5,1,1,0,-4.638422979041934e-11,0,-0.1461505822342328,41.69161676646706,LOW,0,Transaction narration pattern is rarely seen,NORMAL
btx_75ed16ba2856,bac_eb0ff218,2026-09-14,2026-09-14,181190.0,0.0,181190.0,1203253.72,EPFO-ECR-TRRN 2759032476514,EPFO,2759032476514,,-181190.0,1,0,0,14,9,631,116974.839207607,38044.38,203932.55657779044,2196000.0,0.3148843022908802,4.762595684303437,7,12,1,1,0,0.0,0,-0.1468657492977561,41.61676646706587,LOW,0,Elevated transaction activity for this account on the same day; Transaction narration pattern is rarely seen,NORMAL
btx_99dc7b249ed3,bac_eb0ff218,2026-07-28,2026-07-28,252000.0,0.0,252000.0,1107836.06,LOAN EMI-LN6335115518-ICICI BANK LTD-EMI 23/60,ICICI BANK,LN6335115518,,-252000.0,1,0,1,28,7,631,116974.839207607,38044.38,203932.55657779044,2196000.0,0.6621069389716959,6.623842995995729,5,13,1,1,0,0.0,0,-0.1469541064448711,41.541916167664674,LOW,0,Elevated transaction activity for this account on the same day; Transaction narration pattern is rarely seen,NORMAL
btx_04e56e63a7e1,bac_eb0ff218,2025-12-28,2025-12-28,118.0,0.0,118.0,1566341.43,CHQ BOOK ISSUE CHGS-9155932,,9155932,,-118.0,1,0,6,28,12,631,116974.839207607,38044.38,203932.55657779044,2196000.0,-0.5730170854943003,0.0031016407679662,4,404,1,1,0,0.0,0,-0.1469806649475121,41.42964071856288,LOW,0,Transaction narration pattern is rarely seen,NORMAL
btx_c37f388f7db5,bac_eb0ff218,2025-12-28,2025-12-28,118.0,0.0,118.0,1566459.43,CHQ BOOK ISSUE CHGS-3738628,,3738628,,-118.0,1,0,6,28,12,631,116974.839207607,38044.38,203932.55657779044,2196000.0,-0.5730170854943003,0.0031016407679662,4,404,1,1,0,0.0,0,-0.1469806649475121,41.42964071856288,LOW,0,Transaction narration pattern is rarely seen,NORMAL
btx_671741d2e346,bac_c4599022,2026-04-18,2026-04-18,0.0,339229.43,339229.43,1789708.5,BY TRANSFER-NEFT*HDFC0286552*SBINN53318129102*Ganga Poultry Fe--,GANGA POULTRY FEEDS,SBINN53318129102,,339229.43,0,1,5,18,4,303,274105.44752475247,159866.04,329248.9266066456,2100000.0,0.1977955802208318,2.1219605489696245,1,22,1,1,0,-5.820766091346741e-11,0,-0.1472343532257496,41.31736526946108,LOW,0,Transaction narration pattern is rarely seen,NORMAL
btx_07ef2c22640f,bac_eb0ff218,2025-12-30,2025-12-30,122038.0,0.0,122038.0,935669.29,"NEFT DR-HDFC0643153-TIRUMALA AGRO COMMODITIES LT-NETBANK, MUM-PAYMENT-HDFCN2512303415",,HDFCN25123034157457,,-122038.0,1,0,1,30,12,631,116974.839207607,38044.38,203932.55657779044,2196000.0,0.0248276237858159,3.207779966449709,3,404,1,1,0,0.0,0,-0.147668197722523,41.24251497005988,LOW,0,Transaction narration pattern is rarely seen,NORMAL
btx_3353cae068c9,bac_c4599022,2025-12-24,2025-12-24,0.0,35429.12,35429.12,1350699.4,BY TRANSFER-UPI/CR/504243004502/Sagar Textiles Pvt/CNRB--,SAGAR TEXTILES,504243004502,,35429.12,0,1,2,24,12,303,274105.44752475247,159866.04,329248.9266066456,2100000.0,-0.7249114825813832,0.2216175492931457,1,8,1,1,0,-1.2369127944111824e-10,0,-0.1477768570679567,41.16766467065868,LOW,0,Transaction narration pattern is rarely seen,NORMAL
btx_c0d4f6cdc3fc,bac_c4599022,2026-05-05,2026-05-05,0.0,266618.64,266618.64,1597450.2,BY TRANSFER-NEFT*BARB0536451*SBINN51844050585*SHREE GANESH GRA--,SHREE GANESH GRANITE,SBINN51844050585,,266618.64,0,1,1,5,5,303,274105.44752475247,159866.04,329248.9266066456,2100000.0,-0.0227390491501797,1.6677628344331292,1,14,1,1,0,-1.1641532182693479e-10,0,-0.1480963413959938,41.09281437125748,LOW,0,Transaction narration pattern is rarely seen,NORMAL
btx_454793e54081,bac_eb0ff218,2026-07-05,2026-07-05,140259.94,0.0,140259.94,1437521.72,IMPS-242140957775-M/S Om Sai Steel and Pipe-UTIB-XXXXXXXX3471-OSS/26-27/0281,OM SAI STEEL AND PIP,242140957775,,-140259.94,1,0,6,5,7,631,116974.839207607,38044.38,203932.55657779044,2196000.0,0.1141803995553347,3.686745322173736,7,7,1,1,0,5.820766091346741e-11,0,-0.1482032047888009,41.01796407185629,LOW,0,Elevated transaction activity for this account on the same day; Transaction narration pattern is rarely seen,NORMAL
btx_77c157bbc7cc,bac_c4599022,2026-08-18,2026-08-18,0.0,379275.6,379275.6,1272312.41,BY TRANSFER-NEFT*ICIC0100105*SBINN09973345504*SHARMA REALTY--,SHARMA REALTY,SBINN09973345504,,379275.6,0,1,1,18,8,303,274105.44752475247,159866.04,329248.9266066456,2100000.0,0.3194244353631394,2.372458841164765,2,7,1,1,0,-1.1641532182693479e-10,0,-0.1482045812257816,40.94311377245509,LOW,0,Transaction narration pattern is rarely seen,NORMAL
btx_9d3db39d38aa,bac_c4599022,2025-11-15,2025-11-15,0.0,39994.14,39994.14,700327.64,BY TRANSFER-NEFT*CNRB0307414*SBINN73000540303*Swastik Motors--,SWASTIK MOTORS,SBINN73000540303,,39994.14,0,1,5,15,11,303,274105.44752475247,159866.04,329248.9266066456,2100000.0,-0.7110465322927104,0.2501728322037626,2,11,1,1,0,1.4551915228366852e-11,0,-0.1484555829225058,40.86826347305389,LOW,0,Transaction narration pattern is rarely seen,NORMAL
btx_a59e0ea735d6,bac_c4599022,2026-01-24,2026-01-24,0.0,85493.65,85493.65,836800.76,BY TRANSFER-NEFT*BARB0722033*SBINN43335399125*everest hospitals ltd--,EVEREST HOSPITALS,SBINN43335399125,,85493.65,0,1,5,24,1,303,274105.44752475247,159866.04,329248.9266066456,2100000.0,-0.5728547074356521,0.534783059616664,1,13,1,1,0,2.9103830456733704e-11,0,-0.1484974573948669,40.793413173652695,LOW,0,Transaction narration pattern is rarely seen,NORMAL
btx_86281b1076ed,bac_c4599022,2026-07-12,2026-07-12,0.0,15715.46,15715.46,1691224.4,BY TRANSFER-UPI/CR/678436451126/PRABHAT PLASTICS/PUNB--,PRABHAT PLASTICS,678436451126,,15715.46,0,1,6,12,7,303,274105.44752475247,159866.04,329248.9266066456,2100000.0,-0.7847861196931146,0.0983039299653635,2,17,1,1,0,-3.637978807091713e-11,0,-0.1487416299710783,40.7185628742515,LOW,0,Transaction narration pattern is rarely seen,NORMAL
btx_c2b0f7ca0e17,bac_c4599022,2026-09-10,2026-09-10,0.0,365434.35,365434.35,3048325.32,BY TRANSFER-RTGS UTR NO: SBINR54899147118--DECCAN REALTY & CO,DECCAN REALTY,SBINR54899147118,,365434.35,0,1,3,10,9,303,274105.44752475247,159866.04,329248.9266066456,2100000.0,0.2773855739379778,2.2858785393070344,2,3,1,1,0,-3.4924596548080444e-10,0,-0.1489397927457915,40.6437125748503,LOW,0,Transaction narration pattern is rarely seen,NORMAL
btx_1cea0ef2c30c,bac_c4599022,2026-01-28,2026-01-28,0.0,186293.68,186293.68,943086.44,BY TRANSFER-IMPS/P2A/SBINI25403043985/PRABHAT PLASTICS--,PRABHAT PLASTICS,SBINI25403043985,,186293.68,0,1,2,28,1,303,274105.44752475247,159866.04,329248.9266066456,2100000.0,-0.2667032765445015,1.1653111567660022,2,17,1,1,0,-5.820766091346741e-11,0,-0.149093239316046,40.5688622754491,LOW,0,Transaction narration pattern is rarely seen,NORMAL
btx_184f787c75e4,bac_eb0ff218,2026-07-20,2026-07-20,204108.0,0.0,204108.0,752649.39,RTGS DR-HDFC0643153-TIRUMALA AGRO COMMO-HDFCR26072001582739,,HDFCR26072001582739,,-204108.0,1,0,0,20,7,631,116974.839207607,38044.38,203932.55657779044,2196000.0,0.4272645930330203,5.3649974056614935,3,404,1,1,0,0.0,0,-0.1491478047737511,40.49401197604791,LOW,0,Transaction narration pattern is rarely seen,NORMAL
btx_98aadd379063,bac_c4599022,2026-08-07,2026-08-07,0.0,9289.63,9289.63,1226735.49,BY TRANSFER-NEFT*ICIC0750406*SBINN60502873753*M/S ANAND PHARM--,ANAND PHARMA DISTRIB,SBINN60502873753,,9289.63,0,1,4,7,8,303,274105.44752475247,159866.04,329248.9266066456,2100000.0,-0.8043027512770862,0.0581088391255578,1,12,1,1,0,-1.1095835361629723e-10,0,-0.1495136964743818,40.41916167664671,LOW,0,Transaction narration pattern is rarely seen,NORMAL
btx_fbc92047e5af,bac_eb0ff218,2026-03-01,2026-03-01,5.9,0.0,5.9,1072037.42,CHRG: IMPS OUTWARD-642519854713,,642519854713,,-5.9,1,0,6,1,3,631,116974.839207607,38044.38,203932.55657779044,2196000.0,-0.5735667770289977,0.0001550820383983,3,404,1,1,0,-1.396980309209539e-10,0,-0.1499652425175904,40.3443113772455,LOW,0,Transaction narration pattern is rarely seen,NORMAL
btx_fc335c624b54,bac_eb0ff218,2025-11-28,2025-11-28,252000.0,0.0,252000.0,890362.81,LOAN EMI-LN6335115518-ICICI BANK-EMI 15/60,ICICI BANK,LN6335115518,,-252000.0,1,0,4,28,11,631,116974.839207607,38044.38,203932.55657779044,2196000.0,0.6621069389716959,6.623842995995729,2,13,1,1,0,0.0,0,-0.1502947582187404,40.26946107784431,LOW,0,Transaction narration pattern is rarely seen,NORMAL
btx_0203644bb3d2,bac_eb0ff218,2026-01-07,2026-01-07,139281.12,0.0,139281.12,871505.17,"NEFT DR-ICIC0055422-Banjara Estates LLP-NETBANK, MUM-HEAD OFFICE RENT-HDFCN2601070412",,HDFCN26010704123051,,-139281.12,1,0,2,7,1,631,116974.839207607,38044.38,203932.55657779044,2196000.0,0.1093806754876053,3.6610169491525424,3,404,1,1,0,0.0,0,-0.1505084691909122,40.19461077844311,LOW,0,Transaction narration pattern is rarely seen,NORMAL
btx_2b404dd9d4e1,bac_c4599022,2026-02-09,2026-02-09,0.0,96249.8,96249.8,1427201.56,BY TRANSFER-UPI/CR/021315813732/SWASTIK MOTORS/CNRB--,SWASTIK MOTORS,021315813732,,96249.8,0,1,0,9,2,303,274105.44752475247,159866.04,329248.9266066456,2100000.0,-0.5401859600813126,0.6020653291968701,2,11,1,1,0,4.365574568510056e-11,0,-0.1505790743018485,40.11976047904192,LOW,0,Transaction narration pattern is rarely seen,NORMAL
btx_1ef86254a240,bac_c4599022,2026-05-10,2026-05-10,0.0,222845.9,222845.9,1063915.39,BY TRANSFER- NEFT*ICIC0750406*SBINN35458221420*ANAND PHARMA DIS--,ANAND PHARMA DISTRIB,SBINN35458221420,,222845.9,0,1,6,10,5,303,274105.44752475247,159866.04,329248.9266066456,2100000.0,-0.1556863011006634,1.3939539629554845,2,12,1,1,0,-8.731149137020111e-11,0,-0.1507974883804723,40.04491017964072,LOW,0,Transaction narration pattern is rarely seen,NORMAL
btx_8a5394040468,bac_c4599022,2026-07-05,2026-07-05,0.0,72332.98,72332.98,1389279.3,BY TRANSFER-NEFT*BARB0505350*SBINN95454030764*M/S malhotra furnis--,MALHOTRA FURNISHINGS,SBINN95454030764,,72332.98,0,1,6,5,7,303,274105.44752475247,159866.04,329248.9266066456,2100000.0,-0.6128265006185138,0.4524599470907016,1,39,1,1,0,-1.4551915228366852e-11,0,-0.1508457481959186,39.970059880239525,LOW,0,Transaction narration pattern is rarely seen,NORMAL
btx_e917ba646042,bac_c4599022,2026-03-22,2026-03-22,0.0,117221.2,117221.2,2075795.21,BY TRANSFER-NEFT*BARB0722033*SBINN32253735040*EverestHospitals--,EVEREST HOSPITALS,SBINN32253735040,,117221.2,0,1,6,22,3,303,274105.44752475247,159866.04,329248.9266066456,2100000.0,-0.4764912953298171,0.733246410557239,1,13,1,1,0,-4.365574568510056e-11,0,-0.1508802933036994,39.895209580838326,LOW,0,Transaction narration pattern is rarely seen,NORMAL
btx_3bb7c77e0037,bac_c4599022,2026-05-02,2026-05-02,0.0,173752.64,173752.64,866558.67,BY TRANSFER-NEFT*HDFC0286552*SBINN40631733133*Ganga Poultry Feeds Pvt--,GANGA POULTRY FEEDS,SBINN40631733133,,173752.64,0,1,5,2,5,303,274105.44752475247,159866.04,329248.9266066456,2100000.0,-0.3047931197802937,1.08686397686463,2,22,1,1,0,0.0,0,-0.1509127094358406,39.82035928143712,LOW,0,Transaction narration pattern is rarely seen,NORMAL
btx_acb88035b7a1,bac_eb0ff218,2026-03-07,2026-03-07,259317.63,0.0,259317.63,945466.88,RTGS DR-ICIC0927203-SRINIVASA COMPUTER-HDFCR26030725513417,SRINIVASA COMPUTER S,HDFCR26030725513417,,-259317.63,1,0,5,7,3,631,116974.839207607,38044.38,203932.55657779044,2196000.0,0.6979895372326003,6.816187568308382,2,11,1,1,0,0.0,0,-0.1509619620491494,39.74550898203593,LOW,0,Transaction narration pattern is rarely seen,NORMAL
btx_c81cfbdc83d0,bac_c4599022,2026-03-09,2026-03-09,0.0,82828.43,82828.43,1116819.35,BY TRANSFER-NEFT*BARB0795663*SBINN39331133003*MALHOTRA FURNISHINGS--,MALHOTRA FURNISHINGS,SBINN39331133003,,82828.43,0,1,0,9,3,303,274105.44752475247,159866.04,329248.9266066456,2100000.0,-0.5809495553899605,0.5181114763335603,1,39,1,1,0,5.820766091346741e-11,0,-0.1509646734894684,39.67065868263473,LOW,0,Transaction narration pattern is rarely seen,NORMAL
btx_a760b3f7185d,bac_c4599022,2026-02-15,2026-02-15,0.0,76398.46,76398.46,736600.02,BY TRANSFER-NEFT*BARB0536451*SBINN73052081736*Shree Ganesh Granite--,SHREE GANESH GRANITE,SBINN73052081736,,76398.46,0,1,6,15,2,303,274105.44752475247,159866.04,329248.9266066456,2100000.0,-0.6004787610468155,0.4778904888117576,1,14,1,1,0,-4.365574568510056e-11,0,-0.1509857369982366,39.59580838323353,LOW,0,Transaction narration pattern is rarely seen,NORMAL
btx_5f39b43322c8,bac_eb0ff218,2026-01-11,2026-01-11,41345.88,0.0,41345.88,1016841.81,"NEFT DR-UTIB0051527-DECCAN PRINT MEDIA-NETBANK, MUM-MARKETING CAMPAIGN-HDFCN260111105",,HDFCN26011110535124,,-41345.88,1,0,6,11,1,631,116974.839207607,38044.38,203932.55657779044,2196000.0,-0.3708527979874473,1.0867802287749202,1,404,1,1,0,1.0913936421275139e-10,0,-0.1511408821233852,39.52095808383233,LOW,0,Transaction narration pattern is rarely seen,NORMAL
btx_26570fa66f14,bac_eb0ff218,2026-06-06,2026-06-06,66792.72,0.0,66792.72,1037363.48,"NEFT DR-HDFC0335006-M/S Supreme Educational-NETBANK, MUM-PAYMENT-HDFCN26060659713323",,HDFCN26060659713323,,-66792.72,1,0,5,6,6,631,116974.839207607,38044.38,203932.55657779044,2196000.0,-0.246072133109678,1.7556527402996187,6,404,1,1,0,2.9103830456733704e-11,0,-0.1514278412711145,39.44610778443114,LOW,0,Elevated transaction activity for this account on the same day; Transaction narration pattern is rarely seen,NORMAL
btx_a838ea1e4b70,bac_c4599022,2026-09-26,2026-09-26,0.0,42933.12,42933.12,2741986.05,BY TRANSFER- UPI/CR/330591180050/shree ganesh grani/BARB--,SHREE GANESH GRANITE,330591180050,,42933.12,0,1,5,26,9,303,274105.44752475247,159866.04,329248.9266066456,2100000.0,-0.7021202161759348,0.2685568492220111,1,14,1,1,0,-3.5652192309498787e-10,0,-0.1515692831354239,39.37125748502994,LOW,0,Transaction narration pattern is rarely seen,NORMAL
btx_02bead94a0a8,bac_c4599022,2026-07-31,2026-07-31,0.0,206087.15,206087.15,1642688.9,BY TRANSFER-RTGS UTR NO: SBINR33161019973--Dhanlaxmi Steel,DHANLAXMI STEEL TRAD,SBINR33161019973,,206087.15,0,1,4,31,7,303,274105.44752475247,159866.04,329248.9266066456,2100000.0,-0.2065862392499584,1.2891240065745044,3,7,1,1,0,-8.731149137020111e-11,0,-0.1517071709610676,39.29640718562874,LOW,0,Transaction narration pattern is rarely seen,NORMAL
btx_2fc6c03c9b97,bac_eb0ff218,2025-10-17,2025-10-17,294169.61,0.0,294169.61,1518057.57,RTGS DR-UTIB0573533-SRINIVASA COMPUTER-HDFCR25101743030507,SRINIVASA COMPUTER S,HDFCR25101743030507,,-294169.61,1,0,4,17,10,631,116974.839207607,38044.38,203932.55657779044,2196000.0,0.8688890766923807,7.732275042989267,3,11,1,1,0,1.1641532182693479e-10,0,-0.1518898113425378,39.221556886227546,LOW,0,Transaction narration pattern is rarely seen,NORMAL
btx_d7618d80a978,bac_c4599022,2026-03-10,2026-03-10,0.0,241323.22,241323.22,1358142.57,BY TRANSFER-RTGS UTR NO: SBINR41564845738--SWASTIK MOTORS,SWASTIK MOTORS,SBINR41564845738,,241323.22,0,1,1,10,3,303,274105.44752475247,159866.04,329248.9266066456,2100000.0,-0.0995666952133073,1.5095339823267029,1,11,1,1,0,-2.9103830456733704e-11,0,-0.1520180772613132,39.14670658682635,LOW,0,Transaction narration pattern is rarely seen,NORMAL
btx_2e7314810842,bac_c4599022,2026-04-01,2026-04-01,0.0,130257.84,130257.84,1090688.55,BY TRANSFER-NEFT*CNRB0307414*SBINN99302283347*SWASTIK MOTORS--,SWASTIK MOTORS,SBINN99302283347,,130257.84,0,1,2,1,4,303,274105.44752475247,159866.04,329248.9266066456,2100000.0,-0.4368962080067994,0.8147936860136148,1,11,1,1,0,8.731149137020111e-11,0,-0.1522486665523761,39.07185628742515,LOW,0,Transaction narration pattern is rarely seen,NORMAL
btx_f9002370e1c2,bac_c4599022,2026-01-09,2026-01-09,0.0,58716.45,58716.45,718866.34,BY TRANSFER-UPI/CR/954033935169/SAGAR TEXTILES/CNRB--,SAGAR TEXTILES,954033935169,,58716.45,0,1,4,9,1,303,274105.44752475247,159866.04,329248.9266066456,2100000.0,-0.6541828389377808,0.3672853221359582,1,8,1,1,0,-4.365574568510056e-11,0,-0.1523529416869566,38.99700598802395,LOW,0,Transaction narration pattern is rarely seen,NORMAL
btx_ff38e4e3adb8,bac_c4599022,2026-09-13,2026-09-13,0.0,88370.2,88370.2,3913506.04,BY TRANSFER- NEFT*KKBK0045374*SBINN33554431830*M/S DEEPAM FURNISHINGS--,DEEPAM FURNISHINGS,SBINN33554431830,,88370.2,0,1,6,13,9,303,274105.44752475247,159866.04,329248.9266066456,2100000.0,-0.5641180046933024,0.5527765621766824,1,5,1,1,0,1.8917489796876907e-10,0,-0.1523545536840385,38.92215568862276,LOW,0,Transaction narration pattern is rarely seen,NORMAL
btx_bd0af8e5d667,bac_c4599022,2026-04-28,2026-04-28,0.0,33633.6,33633.6,836632.86,BY TRANSFER-UPI/CR/553514243606/EVEREST HOSPITAL/BARB--,EVEREST HOSPITALS,553514243606,,33633.6,0,1,1,28,4,303,274105.44752475247,159866.04,329248.9266066456,2100000.0,-0.7303648640654331,0.2103861458005715,1,13,1,1,0,-2.182787284255028e-11,0,-0.1523662232610061,38.84730538922156,LOW,0,Transaction narration pattern is rarely seen,NORMAL
btx_58e13eae55a8,bac_eb0ff218,2026-06-29,2026-06-29,40903.8,0.0,40903.8,3101117.08,"NEFT DR-HDFC0192081-BHARAT TRANSPORT SERV-NETBANK, MUM-BILL PMT-HDFCN26062946932922",,HDFCN26062946932922,,-40903.8,1,0,0,29,6,631,116974.839207607,38044.38,203932.55657779044,2196000.0,-0.3730205734884196,1.0751601156333737,6,404,1,1,0,1.8917489796876907e-10,0,-0.1528156515152382,38.77245508982036,LOW,0,Elevated transaction activity for this account on the same day; Transaction narration pattern is rarely seen,NORMAL
btx_ce8573dd0d0e,bac_c4599022,2026-02-16,2026-02-16,0.0,83312.0,83312.0,819912.02,BY TRANSFER-UPI/CR/411168223382/SWASTIK MOTORS/CNRB--,SWASTIK MOTORS,411168223382,,83312.0,0,1,0,16,2,303,274105.44752475247,159866.04,329248.9266066456,2100000.0,-0.5794808490072735,0.5211363213850796,1,11,1,1,0,0.0,0,-0.1528355073004023,38.69760479041916,LOW,0,Transaction narration pattern is rarely seen,NORMAL
btx_e453382624d6,bac_c4599022,2026-05-08,2026-05-08,0.0,11398.8,11398.8,671849.0,BY TRANSFER-NEFT*BARB0722033*SBINN41455525035*M/S EVEREST HOS--,EVEREST HOSPITALS,SBINN41455525035,,11398.8,0,1,4,8,5,303,274105.44752475247,159866.04,329248.9266066456,2100000.0,-0.7978967470973981,0.0713021977650788,2,13,1,1,0,4.729372449219227e-11,0,-0.1534208072298492,38.622754491017965,LOW,0,Transaction narration pattern is rarely seen,NORMAL
btx_988dbcbee6e9,bac_c4599022,2026-06-27,2026-06-27,0.0,53620.53,53620.53,714539.04,BY TRANSFER-NEFT*ICIC0725623*SBINN77112705712*Agarwal Logistics--,AGARWAL LOGISTICS,SBINN77112705712,,53620.53,0,1,5,27,6,303,274105.44752475247,159866.04,329248.9266066456,2100000.0,-0.6696602470269137,0.3354091337972717,1,3,1,1,0,2.9103830456733704e-11,0,-0.1536788741675412,38.547904191616766,LOW,0,Transaction narration pattern is rarely seen,NORMAL
btx_e0aec35f5e22,bac_c4599022,2026-08-04,2026-08-04,0.0,199856.6,199856.6,1542368.5,BY TRANSFER-NEFT*HDFC0286552*SBINN65917607374*M/S Ganga Poultry Feed--,GANGA POULTRY FEEDS,SBINN65917607374,,199856.6,0,1,1,4,8,303,274105.44752475247,159866.04,329248.9266066456,2100000.0,-0.2255097633574299,1.250150438454596,1,22,1,1,0,8.731149137020111e-11,0,-0.1539582247465957,38.47305389221557,LOW,0,Transaction narration pattern is rarely seen,NORMAL
btx_de4d2f8bc8fa,bac_c4599022,2026-08-05,2026-08-05,0.0,25077.36,25077.36,1567445.86,BY TRANSFER-UPI/CR/002128751015/EVEREST HOSPITALS/BARB--,EVEREST HOSPITALS,002128751015,,25077.36,0,1,2,5,8,303,274105.44752475247,159866.04,329248.9266066456,2100000.0,-0.756352010289974,0.1568648350831734,1,13,1,1,0,1.0186340659856795e-10,0,-0.1541252374767505,38.398203592814376,LOW,0,Transaction narration pattern is rarely seen,NORMAL
btx_c8e5043776c3,bac_eb0ff218,2026-05-28,2026-05-28,252000.0,0.0,252000.0,1224998.22,LOAN EMI-LN6335115518-ICICI BANK LTD-EMI 21/60,ICICI BANK,LN6335115518,,-252000.0,1,0,3,28,5,631,116974.839207607,38044.38,203932.55657779044,2196000.0,0.6621069389716959,6.623842995995729,4,13,1,1,0,0.0,0,-0.1542787385785079,38.32335329341318,LOW,0,Transaction narration pattern is rarely seen,NORMAL
btx_a2860ea613f8,bac_eb0ff218,2026-06-03,2026-06-03,143401.32,0.0,143401.32,1341126.82,"NEFT DR-UTIB0974454-Iyer Tax Consultants-NETBANK, MUM-LEGAL AND ADVISORY-HDFCN2606032",,HDFCN26060329173874,,-143401.32,1,0,2,3,6,631,116974.839207607,38044.38,203932.55657779044,2196000.0,0.1295844137682479,3.7693167821370728,1,404,1,1,0,1.7462298274040222e-10,0,-0.1542975391296905,38.24850299401197,LOW,0,Transaction narration pattern is rarely seen,NORMAL
btx_6e9ee7a26a31,bac_c4599022,2026-09-09,2026-09-09,0.0,264016.02,264016.02,2073357.25,BY TRANSFER- RTGS UTR NO: SBINR82453043434--ANAND PHARMA DISTRIBUTO,ANAND PHARMA DISTRIB,SBINR82453043434,,264016.02,0,1,2,9,9,303,274105.44752475247,159866.04,329248.9266066456,2100000.0,-0.0306437674033978,1.651482828998579,2,12,1,1,0,0.0,0,-0.1543186489104027,38.17365269461078,LOW,0,Transaction narration pattern is rarely seen,NORMAL
btx_904aca5b1776,bac_c4599022,2025-10-11,2025-10-11,0.0,145903.7,145903.7,2936212.74,BY TRANSFER-IMPS/P2A/SBINI35227215551/JAGDAMBA ENGINEERIN--,JAGDAMBA ENGINEERING,SBINI35227215551,,145903.7,0,1,5,11,10,303,274105.44752475247,159866.04,329248.9266066456,2100000.0,-0.3893763568071259,0.9126622514700432,1,1,1,1,0,1.7462298274040222e-10,0,-0.1543560336476258,38.09880239520958,LOW,0,Counterparty is rarely seen in the dataset; Transaction narration pattern is rarely seen,NORMAL
btx_413343cbe5ac,bac_c4599022,2026-09-02,2026-09-02,0.0,114417.44,114417.44,1223090.35,BY TRANSFER-NEFT*ICIC0750406*SBINN99281371843*ANAND PHARMA DISTRIBUTOR--,ANAND PHARMA DISTRIB,SBINN99281371843,,114417.44,0,1,2,2,9,303,274105.44752475247,159866.04,329248.9266066456,2100000.0,-0.4850069191433753,0.7157082267128153,2,12,1,1,0,1.7462298274040222e-10,0,-0.1544076226543802,38.02395209580838,LOW,0,Transaction narration pattern is rarely seen,NORMAL
btx_9269219ee901,bac_eb0ff218,2025-12-14,2025-12-14,130212.22,0.0,130212.22,1449636.32,IMPS-053050622935-Maruthi Building Material-KKBK-XXXXXXXX5323-MBM/25-26/0145,MARUTHI BUILDING MAT,053050622935,,-130212.22,1,0,6,14,12,631,116974.839207607,38044.38,203932.55657779044,2196000.0,0.0649105812947703,3.422640085079584,5,7,1,1,0,2.9103830456733704e-11,0,-0.1546772899661393,37.949101796407184,LOW,0,Elevated transaction activity for this account on the same day; Transaction narration pattern is rarely seen,NORMAL
btx_63bdd7853cc1,bac_c4599022,2025-12-19,2025-12-19,0.0,91623.46,91623.46,1376370.74,BY TRANSFER-NEFT*HDFC0175156*SBINN28543286327*Bhavani Printers--,BHAVANI PRINTERS,SBINN28543286327,,91623.46,0,1,4,19,12,303,274105.44752475247,159866.04,329248.9266066456,2100000.0,-0.5542371524350149,0.5731264751413121,1,6,1,1,0,-4.365574568510056e-11,0,-0.1546802909263427,37.87425149700599,LOW,0,Transaction narration pattern is rarely seen,NORMAL
btx_7836c8b8f808,bac_eb0ff218,2025-12-02,2025-12-02,5.9,0.0,5.9,1444843.05,CHRG: IMPS OUTWARD-294759314160,,294759314160,,-5.9,1,0,1,2,12,631,116974.839207607,38044.38,203932.55657779044,2196000.0,-0.5735667770289977,0.0001550820383983,3,404,1,1,0,9.313261273291572e-11,0,-0.1548461269317984,37.7994011976048,LOW,0,Transaction narration pattern is rarely seen,NORMAL
btx_ef9172898523,bac_eb0ff218,2026-07-05,2026-07-05,101587.0,0.0,101587.0,1577781.66,"NEFT DR-UTIB0051527-DECCAN PRINT MEDIA-NETBANK, MUM-MARKETING CAMPAIGN-HDFCN260705835",DECCAN PRINT MEDIA,HDFCN26070583537763,,-101587.0,1,0,6,5,7,631,116974.839207607,38044.38,203932.55657779044,2196000.0,-0.0754555303274358,2.670223565215152,7,8,1,1,0,0.0,0,-0.1551423450631283,37.72455089820359,LOW,0,Elevated transaction activity for this account on the same day; Transaction narration pattern is rarely seen,NORMAL
btx_5223a5e93bc1,bac_c4599022,2026-06-07,2026-06-07,0.0,55463.89,55463.89,715609.6,BY TRANSFER-UPI/CR/911602324346/Bhavani Printers/HDFC--,BHAVANI PRINTERS,911602324346,,55463.89,0,1,6,7,6,303,274105.44752475247,159866.04,329248.9266066456,2100000.0,-0.6640615651450976,0.3469397878373668,2,6,1,1,0,1.4551915228366852e-11,0,-0.1552979547191683,37.6497005988024,LOW,0,Transaction narration pattern is rarely seen,NORMAL
btx_788d0ac1eff0,bac_c4599022,2026-05-18,2026-05-18,0.0,162797.63,162797.63,1319195.54,BY TRANSFER-NEFT*BARB0505350*SBINN58450646954*MALHOTRA FURNISHI--,MALHOTRA FURNISHINGS,SBINN58450646954,,162797.63,0,1,0,18,5,303,274105.44752475247,159866.04,329248.9266066456,2100000.0,-0.3380658478432404,1.01833779081536,2,39,1,1,0,1.1641532182693479e-10,0,-0.1556802238233402,37.5748502994012,LOW,0,Transaction narration pattern is rarely seen,NORMAL
btx_55d0bb4a2df7,bac_c4599022,2026-03-04,2026-03-04,0.0,120442.95,120442.95,1035787.34,BY TRANSFER-IMPS/P2A/SBINI04510441150/MALHOTRA FURNISHINGS--,MALHOTRA FURNISHINGS,SBINI04510441150,,120442.95,0,1,2,4,3,303,274105.44752475247,159866.04,329248.9266066456,2100000.0,-0.466706145737366,0.7533992209977803,1,39,1,1,0,-4.365574568510056e-11,0,-0.1556842246837114,37.5,LOW,0,Transaction narration pattern is rarely seen,NORMAL
btx_a1f1d6fb0ae8,bac_c4599022,2026-05-23,2026-05-23,0.0,48660.84,48660.84,1323432.37,BY TRANSFER-NEFT*PUNB0540522*SBINN02982184457*VAIBHAV INFOSOLUTIONS--,VAIBHAV INFOSOLUTION,SBINN02982184457,,48660.84,0,1,5,23,5,303,274105.44752475247,159866.04,329248.9266066456,2100000.0,-0.6847238952249999,0.3043850964219792,1,1,1,1,0,8.731149137020111e-11,0,-0.1556845426232482,37.4251497005988,LOW,0,Counterparty is rarely seen in the dataset; Transaction narration pattern is rarely seen,NORMAL
btx_af5db323a93a,bac_eb0ff218,2026-08-25,2026-08-25,145889.78,0.0,145889.78,1514483.98,"NEFT DR-KKBK0000961-MEHTA SOLAR ENERGY-NETBANK, MUM-PAYMENT-HDFCN26082555463305",,HDFCN26082555463305,,-145889.78,1,0,1,25,8,631,116974.839207607,38044.38,203932.55657779044,2196000.0,0.1417867812654197,3.834726180318881,5,404,1,1,0,-2.9103830456733704e-11,0,-0.1556862742874376,37.3502994011976,LOW,0,Elevated transaction activity for this account on the same day; Transaction narration pattern is rarely seen,NORMAL
btx_8b334858f25d,bac_c4599022,2025-10-09,2025-10-09,0.0,43309.04,43309.04,2790309.04,BY TRANSFER-NEFT*CNRB0307414*SBINN09359941761*SWASTIK MOTORS--,SWASTIK MOTORS,SBINN09359941761,,43309.04,0,1,3,9,10,303,274105.44752475247,159866.04,329248.9266066456,2100000.0,-0.7009784660603782,0.2709083179892365,1,11,1,1,0,3.637978807091713e-11,0,-0.1558240831056415,37.27544910179641,LOW,0,Transaction narration pattern is rarely seen,NORMAL
btx_748918bd1711,bac_c4599022,2026-04-29,2026-04-29,0.0,112510.17,112510.17,871143.03,BY TRANSFER-IMPS/P2A/SBINI37036408999/AGARWAL LOGISTICS--,AGARWAL LOGISTICS,SBINI37036408999,,112510.17,0,1,2,29,4,303,274105.44752475247,159866.04,329248.9266066456,2100000.0,-0.4907997094788124,0.703777800463438,3,3,1,1,0,4.365574568510056e-11,0,-0.1559816631070616,37.200598802395206,LOW,0,Transaction narration pattern is rarely seen,NORMAL
btx_c76927436f14,bac_c4599022,2026-07-10,2026-07-10,0.0,43570.49,43570.49,1172642.55,BY TRANSFER-NEFT*KKBK0524511*SBINN07161452003*DECCAN REALTY--,DECCAN REALTY,SBINN07161452003,,43570.49,0,1,4,10,7,303,274105.44752475247,159866.04,329248.9266066456,2100000.0,-0.7001843860228377,0.2725437497544819,3,3,1,1,0,-7.275957614183426e-12,0,-0.1560582393457741,37.12574850299401,LOW,0,Transaction narration pattern is rarely seen,NORMAL
btx_8d2b90476e06,bac_c4599022,2026-03-16,2026-03-16,0.0,123343.03,123343.03,815870.37,BY TRANSFER-IMPS/P2A/SBINI41074452335/PrabhatPlastics--,PRABHAT PLASTICS,SBINI41074452335,,123343.03,0,1,0,16,3,303,274105.44752475247,159866.04,329248.9266066456,2100000.0,-0.4578979773102454,0.7715399092890523,1,17,1,1,0,2.9103830456733704e-11,0,-0.1562307296911455,37.050898203592816,LOW,0,Transaction narration pattern is rarely seen,NORMAL
btx_1c8b889e3c1f,bac_c4599022,2026-09-19,2026-09-19,0.0,36833.96,36833.96,1615666.35,BY TRANSFER-NEFT*UTIB0524315*SBINN37135010266*YAMUNA CONSTRUCTIO--,YAMUNA CONSTRUCTIONS,SBINN37135010266,,36833.96,0,1,5,19,9,303,274105.44752475247,159866.04,329248.9266066456,2100000.0,-0.720644680516214,0.2304051567174616,2,5,1,1,0,1.9645085558295247e-10,0,-0.1563322878981984,36.97604790419162,LOW,0,Transaction narration pattern is rarely seen,NORMAL
btx_2b7451b3ec9f,bac_eb0ff218,2025-11-15,2025-11-15,58033.8,0.0,58033.8,2354061.64,"NEFT DR-HDFC0412283-RAO AND ASSOCIATES-NETBANK, MUM-MONTHLY ACCOUNTING-HDFCN251115442",,HDFCN25111544256506,,-58033.8,1,0,5,15,11,631,116974.839207607,38044.38,203932.55657779044,2196000.0,-0.2890222149748994,1.5254237288135597,5,404,1,1,0,1.8917489796876907e-10,0,-0.1563523562769668,36.90119760479042,LOW,0,Elevated transaction activity for this account on the same day; Transaction narration pattern is rarely seen,NORMAL
btx_7e15d67e72d4,bac_c4599022,2026-05-16,2026-05-16,0.0,250817.72,250817.72,1156397.91,BY TRANSFER-RTGS UTR NO: SBINR09553262459--SHREE GANESH GRANITE,SHREE GANESH GRANITE,SBINR09553262459,,250817.72,0,1,5,16,5,303,274105.44752475247,159866.04,329248.9266066456,2100000.0,-0.0707298510120106,1.5689243318968806,1,14,1,1,0,-2.9103830456733704e-11,0,-0.1563538958877254,36.82634730538922,LOW,0,Transaction narration pattern is rarely seen,NORMAL
btx_fef4aee6674b,bac_eb0ff218,2025-12-27,2025-12-27,17354.4,0.0,17354.4,1605011.63,UPI-Skyline Travels-skylinetr@paytm-SBIN0064050-552324226022-CLIENT VISIT TRAVE,SKYLINE TRAVELS,552324226022,,-17354.4,1,0,5,27,12,631,116974.839207607,38044.38,203932.55657779044,2196000.0,-0.4884969858631012,0.4561619876575726,4,18,2,1,0,-1.382431946694851e-10,0,-0.1567683836234623,36.75149700598803,LOW,0,Transaction is unusual compared with learned transaction patterns,NORMAL
btx_14d055a75182,bac_c4599022,2026-05-27,2026-05-27,0.0,24377.73,24377.73,1442947.9,BY TRANSFER-UPI/CR/450963003334/MALHOTRA FURNISHINGS/BARB--,MALHOTRA FURNISHINGS,450963003334,,24377.73,0,1,2,27,5,303,274105.44752475247,159866.04,329248.9266066456,2100000.0,-0.7584769374908327,0.1524884834827959,1,39,1,1,0,-1.8189894035458565e-11,0,-0.1568099112823083,36.67664670658682,LOW,0,Transaction narration pattern is rarely seen,NORMAL
btx_5b88ed9e3fdc,bac_eb0ff218,2026-04-12,2026-04-12,185908.0,0.0,185908.0,983112.72,EPFO-ECR-TRRN 6481945855359,EPFO,6481945855359,,-185908.0,1,0,6,12,4,631,116974.839207607,38044.38,203932.55657779044,2196000.0,0.3380194018511131,4.88660874483958,5,12,1,1,0,0.0,0,-0.1570730408931724,36.60179640718562,LOW,0,Elevated transaction activity for this account on the same day; Transaction narration pattern is rarely seen,NORMAL
btx_4903913e02a2,bac_eb0ff218,2026-07-05,2026-07-05,60279.4,0.0,60279.4,1679368.66,"NEFT DR-UTIB0051527-deccan print media-NETBANK, MUM-MARKETING CAMPAIGN-HDFCN260705196",DECCAN PRINT MEDIA,HDFCN26070519651821,,-60279.4,1,0,6,5,7,631,116974.839207607,38044.38,203932.55657779044,2196000.0,-0.2780107313859933,1.5844495297334324,7,8,1,1,0,-1.382431946694851e-10,0,-0.1572217891525604,36.52694610778443,LOW,0,Elevated transaction activity for this account on the same day; Transaction narration pattern is rarely seen,NORMAL
btx_cc80352e7e6b,bac_c4599022,2026-07-19,2026-07-19,0.0,64687.6,64687.6,1113963.37,BY TRANSFER- UPI/CR/528567951110/YAMUNA CONSTRUCTIONS/UTIB--,YAMUNA CONSTRUCTIONS,528567951110,,64687.6,0,1,6,19,7,303,274105.44752475247,159866.04,329248.9266066456,2100000.0,-0.6360471685757215,0.4046362817268758,1,5,1,1,0,9.458744898438454e-11,0,-0.157280024846578,36.452095808383234,LOW,0,Transaction narration pattern is rarely seen,NORMAL
btx_bddf52ae0db7,bac_eb0ff218,2026-07-28,2026-07-28,229897.63,0.0,229897.63,853538.39,RTGS DR-KKBK0000961-M/S Tirumala Agro Commoditi-HDFCR26072804579465,TIRUMALA AGRO COMMOD,HDFCR26072804579465,,-229897.63,1,0,1,28,7,631,116974.839207607,38044.38,203932.55657779044,2196000.0,0.5537261567616273,6.042880183617134,5,12,1,1,0,0.0,0,-0.1576719855679588,36.37724550898204,LOW,0,Elevated transaction activity for this account on the same day; Transaction narration pattern is rarely seen,NORMAL
btx_fa7fe236d4a2,bac_eb0ff218,2026-05-19,2026-05-19,83649.03,0.0,83649.03,1465250.03,IMPS-334482194014-Maruthi Building Materia-KKBK-XXXXXXXX5323-MBM/26-27/0144,MARUTHI BUILDING MAT,334482194014,,-83649.03,1,0,1,19,5,631,116974.839207607,38044.38,203932.55657779044,2196000.0,-0.1634158359354201,2.1987223868545107,6,7,2,1,0,-2.9103830456733704e-11,0,-0.1577467544266353,36.30239520958084,LOW,0,Elevated transaction activity for this account on the same day,NORMAL
btx_a1880087efd0,bac_eb0ff218,2026-09-28,2026-09-28,196475.47,0.0,196475.47,717669.81,IMPS-403547641575-SAMBHAV INDUSTRIAL SPARE-SBIN-XXXXXXXX5149-SIS/26-27/0175,SAMBHAV INDUSTRIAL S,403547641575,,-196475.47,1,0,0,28,9,631,116974.839207607,38044.38,203932.55657779044,2196000.0,0.3898378568213916,5.164375658112973,4,8,1,1,0,2.9103830456733704e-11,0,-0.1580056246142615,36.227544910179645,LOW,0,Transaction narration pattern is rarely seen,NORMAL
btx_2d3e5f894500,bac_c4599022,2026-08-25,2026-08-25,0.0,28254.16,28254.16,688989.2,BY TRANSFER-UPI/CR/955804626853/BHAVANI PRINTERS/HDFC--,BHAVANI PRINTERS,955804626853,,28254.16,0,1,1,25,8,303,274105.44752475247,159866.04,329248.9266066456,2100000.0,-0.7467033835419957,0.1767364726116941,1,6,1,1,0,-8.36735125631094e-11,0,-0.1581298722769711,36.15269461077844,LOW,0,Transaction narration pattern is rarely seen,NORMAL
btx_304843a34307,bac_eb0ff218,2026-08-28,2026-08-28,252000.0,0.0,252000.0,739491.78,LOAN EMI-LN6335115518-ICICI BANK-EMI 24/60,ICICI BANK,LN6335115518,,-252000.0,1,0,4,28,8,631,116974.839207607,38044.38,203932.55657779044,2196000.0,0.6621069389716959,6.623842995995729,2,13,1,1,0,0.0,0,-0.1583290247909054,36.07784431137724,LOW,0,Transaction narration pattern is rarely seen,NORMAL
btx_cbfa423e873b,bac_c4599022,2026-09-29,2026-09-29,0.0,86093.42,86093.42,3085502.01,BY TRANSFER-UPI/CR/386829320229/anand pharma dist/ICIC--,ANAND PHARMA DISTRIB,386829320229,,86093.42,0,1,1,29,9,303,274105.44752475247,159866.04,329248.9266066456,2100000.0,-0.5710330765918361,0.5385347632305147,1,12,1,1,0,-7.275957614183426e-11,0,-0.1583687600982167,36.00299401197605,LOW,0,Transaction narration pattern is rarely seen,NORMAL
btx_ad6e0e891b6d,bac_c4599022,2026-05-26,2026-05-26,0.0,166905.54,166905.54,921887.61,BY TRANSFER-NEFT*PUNB0000451*SBINN63691138598*PRABHAT PLASTICS--,PRABHAT PLASTICS,SBINN63691138598,,166905.54,0,1,1,26,5,303,274105.44752475247,159866.04,329248.9266066456,2100000.0,-0.3255892392105637,1.0440337422506991,3,17,1,1,0,2.9103830456733704e-11,0,-0.1584366057497283,35.92814371257485,LOW,0,Transaction narration pattern is rarely seen,NORMAL
btx_62e0c8a47621,bac_c4599022,2026-09-23,2026-09-23,0.0,41092.69,41092.69,1542041.64,BY TRANSFER-UPI/CR/518538334470/GANGA POULTRY FEEDS/HDFC--,GANGA POULTRY FEEDS,518538334470,,41092.69,0,1,2,23,9,303,274105.44752475247,159866.04,329248.9266066456,2100000.0,-0.7077099990158308,0.2570445230269043,1,22,1,1,0,-5.820766091346741e-11,0,-0.1587137215384952,35.85329341317365,LOW,0,Transaction narration pattern is rarely seen,NORMAL
btx_8f102f80a7c6,bac_eb0ff218,2025-11-23,2025-11-23,10756.88,0.0,10756.88,1385556.98,UPI-PAPER POINT-paperpoin@paytm-HDFC0232533-523003180593-OFFICE SUPPLIES PU,,523003180593,,-10756.88,1,0,6,23,11,631,116974.839207607,38044.38,203932.55657779044,2196000.0,-0.5208484657381812,0.2827455724078037,2,404,1,1,0,-1.2187229003757238e-10,0,-0.1588098297858346,35.778443113772454,LOW,0,Transaction narration pattern is rarely seen,NORMAL
btx_15b4a9ab418f,bac_eb0ff218,2026-04-05,2026-04-05,12158.72,0.0,12158.72,1374125.99,UPI-PAPER POINT-paperpoin@oksbi-HDFC0232533-459091490524-OFFICE SUPPLIES PU,,459091490524,,-12158.72,1,0,6,5,4,631,116974.839207607,38044.38,203932.55657779044,2196000.0,-0.5139744284411238,0.3195930647312428,1,404,1,1,0,2.7284841053187847e-11,0,-0.158976738990932,35.70359281437126,LOW,0,Transaction narration pattern is rarely seen,NORMAL
btx_5255b9d2f8cb,bac_c4599022,2026-07-03,2026-07-03,0.0,119914.41,119914.41,1316946.32,BY TRANSFER-NEFT*BARB0505350*SBINN04245271923*MALHOTRA FURNISH--,MALHOTRA FURNISHINGS,SBINN04245271923,,119914.41,0,1,4,3,7,303,274105.44752475247,159866.04,329248.9266066456,2100000.0,-0.4683114357088394,0.7500930779294964,1,39,1,1,0,1.4551915228366852e-10,0,-0.1589785470251443,35.62874251497006,LOW,0,Transaction narration pattern is rarely seen,NORMAL
btx_af1cb59672f4,bac_c4599022,2025-11-13,2025-11-13,0.0,177503.0,177503.0,864333.5,BY TRANSFER-IMPS/P2A/SBINI53313421957/Ganga Poultry Feed--,GANGA POULTRY FEEDS,SBINI53313421957,,177503.0,0,1,3,13,11,303,274105.44752475247,159866.04,329248.9266066456,2100000.0,-0.2934024676112722,1.1103233682400588,1,22,1,1,0,0.0,0,-0.1590929458056398,35.55389221556886,LOW,0,Transaction narration pattern is rarely seen,NORMAL
btx_b722f20d9d54,bac_c4599022,2026-09-25,2026-09-25,0.0,40133.57,40133.57,2699052.93,BY TRANSFER-UPI/CR/442324739626/sagar textiles/PUNB--,SAGAR TEXTILES,442324739626,,40133.57,0,1,4,25,9,303,274105.44752475247,159866.04,329248.9266066456,2100000.0,-0.7106230533115122,0.2510449999261882,2,8,1,1,0,2.9831426218152046e-10,0,-0.1592174618469072,35.47904191616767,LOW,0,Transaction narration pattern is rarely seen,NORMAL
btx_630fae090629,bac_c4599022,2026-09-03,2026-09-03,0.0,107659.71,107659.71,1330750.06,BY TRANSFER-IMPS/P2A/SBINI37675024132/Ganga Poultry Feeds--,GANGA POULTRY FEEDS,SBINI37675024132,,107659.71,0,1,3,3,9,303,274105.44752475247,159866.04,329248.9266066456,2100000.0,-0.5055316026090058,0.6734370226472114,1,22,1,1,0,-4.365574568510056e-11,0,-0.1592224130667767,35.40419161676647,LOW,0,Transaction narration pattern is rarely seen,NORMAL
btx_2d648ee54b97,bac_c4599022,2026-03-17,2026-03-17,0.0,46683.49,46683.49,862553.86,BY TRANSFER-NEFT*UTIB0524315*SBINN22970715724*YAMUNA CONSTRUCTIONS LL--,YAMUNA CONSTRUCTIONS,SBINN22970715724,,46683.49,0,1,1,17,3,303,274105.44752475247,159866.04,329248.9266066456,2100000.0,-0.6907295336347565,0.2920163031498121,1,5,1,1,0,-7.275957614183426e-12,0,-0.159276682619834,35.32934131736527,LOW,0,Transaction narration pattern is rarely seen,NORMAL
btx_d3839a307b22,bac_c4599022,2026-07-15,2026-07-15,0.0,303660.56,303660.56,963686.83,BY TRANSFER-NEFT*BARB0795663*SBINN54959194445*Malhotra Furnishin--,MALHOTRA FURNISHINGS,SBINN54959194445,,303660.56,0,1,2,15,7,303,274105.44752475247,159866.04,329248.9266066456,2100000.0,0.0897652508084167,1.8994688302781504,2,39,1,1,0,-5.820766091346741e-11,0,-0.1592894565256594,35.25449101796407,LOW,0,Transaction narration pattern is rarely seen,NORMAL
btx_77c27522b6e4,bac_c4599022,2026-09-15,2026-09-15,0.0,215326.35,215326.35,1578832.39,BY TRANSFER-NEFT*BARB0536451*SBINN09558160005*ShreeGaneshGraniteExp--,SHREE GANESH GRANITE,SBINN09558160005,,215326.35,0,1,1,15,9,303,274105.44752475247,159866.04,329248.9266066456,2100000.0,-0.1785247962098172,1.3469173940882002,1,14,1,1,0,-1.4551915228366852e-10,0,-0.1594263381928183,35.17964071856288,LOW,0,Transaction narration pattern is rarely seen,NORMAL
btx_6da679e9ec7a,bac_eb0ff218,2026-04-01,2026-04-01,25303.92,0.0,25303.92,686284.71,"NEFT DR-KKBK0311215-Navaratna Machinery Ma-NETBANK, MUM-BILL PMT-HDFCN26040112752399",NAVARATNA MACHINERY ,HDFCN26040112752399,,-25303.92,1,0,2,1,4,631,116974.839207607,38044.38,203932.55657779044,2196000.0,-0.4495158632145081,0.6651158462826835,2,10,2,1,0,-4.365574568510056e-11,0,-0.1594361760037465,35.104790419161674,LOW,0,Transaction is unusual compared with learned transaction patterns,NORMAL
btx_ab2d586528eb,bac_eb0ff218,2026-02-16,2026-02-16,165737.93,0.0,165737.93,1846693.15,"NEFT DR-KKBK0062908-ANNAPURNA OFFICE FURNITUR-NETBANK, MUM-AOF/25-26/0241-HDFCN260216",ANNAPURNA OFFICE FUR,HDFCN26021633441242,,-165737.93,1,0,0,16,2,631,116974.839207607,38044.38,203932.55657779044,2196000.0,0.2391138110103191,4.356436614290994,1,4,1,1,0,-1.7462298274040222e-10,0,-0.1598108352566231,35.029940119760475,LOW,0,Transaction narration pattern is rarely seen,NORMAL
btx_61eb52e34cdd,bac_eb0ff218,2026-07-05,2026-07-05,5357.1,0.0,5357.1,1432158.72,POS 416021XXXXXX6613 SPICE ROUTE KITCHEN,SPICE ROUTE KITCHEN,663847532124,,-5357.1,1,0,6,5,7,631,116974.839207607,38044.38,203932.55657779044,2196000.0,-0.5473267293887437,0.1408118623565425,7,4,1,1,0,-9.276845958083868e-11,0,-0.1598424185075118,34.955089820359284,LOW,0,Elevated transaction activity for this account on the same day; Transaction narration pattern is rarely seen,NORMAL
btx_b2722bf1c7a3,bac_eb0ff218,2026-01-19,2026-01-19,25303.95,0.0,25303.95,1742205.68,IMPS- 759408938001-BHARAT TRANSPORT SERVICES-HDFC-XXXXXXXX0706-BTS/25-26/0026,,759408938001,,-25303.95,1,0,0,19,1,631,116974.839207607,38044.38,203932.55657779044,2196000.0,-0.4495157161070501,0.6651166348354213,3,404,1,1,0,4.729372449219227e-11,0,-0.1599170108597526,34.880239520958085,LOW,0,Transaction narration pattern is rarely seen,NORMAL
btx_e953cd49dbe1,bac_eb0ff218,2026-07-13,2026-07-13,58033.8,0.0,58033.8,2392087.35,"NEFT DR-HDFC0412283-RAO AND ASSOCIATES CHARTERED-NETBANK, MUM-MONTHLY ACCOUNTING-HDFC",RAO AND ASSOCIATES C,HDFCN26071302810251,,-58033.8,1,0,0,13,7,631,116974.839207607,38044.38,203932.55657779044,2196000.0,-0.2890222149748994,1.5254237288135597,8,11,1,1,0,1.8917489796876907e-10,0,-0.1600483645652574,34.80538922155689,LOW,0,High transaction activity for this account on the same day; Transaction narration pattern is rarely seen,NORMAL
btx_c490b67de652,bac_c4599022,2026-09-24,2026-09-24,0.0,214737.52,214737.52,1756779.16,BY TRANSFER-NEFT*BARB0505350*SBINN84121504220*MALHOTRA FURNISHING--,MALHOTRA FURNISHINGS,SBINN84121504220,,214737.52,0,1,3,24,9,303,274105.44752475247,159866.04,329248.9266066456,2100000.0,-0.1803131999141776,1.3432341227692886,2,39,1,1,0,2.9103830456733704e-11,0,-0.1600489617572467,34.73053892215569,LOW,0,Transaction narration pattern is rarely seen,NORMAL
btx_c2cd7e09edd2,bac_eb0ff218,2026-02-08,2026-02-08,4081.35,0.0,4081.35,1239034.27,UPI- HYDERABAD HOUSE CATERER-hyderabad@okhdfcbank-KKBK0341565-522124815957-TEAM AND C,,522124815957,,-4081.35,1,0,6,8,2,631,116974.839207607,38044.38,203932.55657779044,2196000.0,-0.5535824740398602,0.1072786571893141,2,404,1,1,0,-9.322320693172513e-11,0,-0.1600876090447922,34.6556886227545,LOW,0,Transaction narration pattern is rarely seen,NORMAL
btx_88e332a92b77,bac_c4599022,2026-09-22,2026-09-22,0.0,203479.69,203479.69,1500948.95,BY TRANSFER-RTGS UTR NO: SBINR28120354226--sharma realty pvt l,SHARMA REALTY,SBINR28120354226,,203479.69,0,1,1,22,9,303,274105.44752475247,159866.04,329248.9266066456,2100000.0,-0.2145056576270306,1.2728137257919192,1,7,1,1,0,-5.820766091346741e-11,0,-0.1601029640391556,34.58083832335329,LOW,0,Transaction narration pattern is rarely seen,NORMAL
btx_7420c948f9f9,bac_eb0ff218,2026-03-08,2026-03-08,6134.1,0.0,6134.1,1439303.28,UPI- metro cabs hyderabad-metrocabs@okicici-UTIB0252131-212245702085-CLIENT VISIT TRA,,212245702085,,-6134.1,1,0,6,8,3,631,116974.839207607,38044.38,203932.55657779044,2196000.0,-0.5435166462267469,0.1612353782608627,4,404,1,1,0,1.4006218407303095e-10,0,-0.160151702596455,34.50598802395209,LOW,0,Transaction narration pattern is rarely seen,NORMAL
btx_5635b4a9e986,bac_eb0ff218,2026-05-14,2026-05-14,58033.8,0.0,58033.8,2263407.34,"NEFT DR-HDFC0412283-rao and associates charter-NETBANK, MUM-MONTHLY ACCOUNTING-HDFCN2",RAO AND ASSOCIATES C,HDFCN26051470246103,,-58033.8,1,0,3,14,5,631,116974.839207607,38044.38,203932.55657779044,2196000.0,-0.2890222149748994,1.5254237288135597,6,11,2,1,0,-2.764863893389702e-10,0,-0.1603114454300849,34.4311377245509,LOW,0,Elevated transaction activity for this account on the same day,NORMAL
btx_5576ba8b13c0,bac_c4599022,2026-05-09,2026-05-09,0.0,156396.1,156396.1,828245.1,BY TRANSFER- IMPS/P2A/SBINI27935051426/M/S AGARWAL LOGISTIC--,AGARWAL LOGISTICS,SBINI27935051426,,156396.1,0,1,5,9,5,303,274105.44752475247,159866.04,329248.9266066456,2100000.0,-0.3575086750863734,0.97829470223945,1,3,1,1,0,-2.9103830456733704e-11,0,-0.1606263984970407,34.3562874251497,LOW,0,Transaction narration pattern is rarely seen,NORMAL
btx_6b1dec6b58e3,bac_eb0ff218,2026-01-19,2026-01-19,5.9,0.0,5.9,1742199.78,CHRG: IMPS OUTWARD-759408938001,,759408938001,,-5.9,1,0,0,19,1,631,116974.839207607,38044.38,203932.55657779044,2196000.0,-0.5735667770289977,0.0001550820383983,3,404,1,1,0,9.313261273291572e-11,0,-0.1606816498547039,34.2814371257485,LOW,0,Transaction narration pattern is rarely seen,NORMAL
btx_cafec5084ec4,bac_eb0ff218,2026-01-30,2026-01-30,37216.07,0.0,37216.07,1355664.51,"NEFT DR-UTIB0556330-Om Sai Steel And Pipes-NETBANK, MUM-OSS/25-26/0282-HDFCN260130273",,HDFCN26013027310365,,-37216.07,1,0,4,30,1,631,116974.839207607,38044.38,203932.55657779044,2196000.0,-0.3911036596904667,0.9782277960634396,2,404,1,1,0,-6.548361852765083e-11,0,-0.1608043173585488,34.206586826347305,LOW,0,Transaction narration pattern is rarely seen,NORMAL
btx_0f1549ab70e5,bac_eb0ff218,2026-06-29,2026-06-29,156470.0,0.0,156470.0,2944647.08,"NEFT DR-UTIB0573533-M/S SRINIVASACOMPUTERSYS-NETBANK, MUM-VENDOR PMT-HDFCN26062920762",SRINIVASA COMPUTER S,HDFCN26062920762783,,-156470.0,1,0,0,29,6,631,116974.839207607,38044.38,203932.55657779044,2196000.0,0.1936677569053449,4.112828228505761,6,11,1,1,0,0.0,0,-0.1609287650759735,34.13173652694611,LOW,0,Elevated transaction activity for this account on the same day; Transaction narration pattern is rarely seen,NORMAL
btx_82616658513a,bac_eb0ff218,2026-02-21,2026-02-21,111781.0,0.0,111781.0,662073.82,"NEFT DR-HDFC0643153-Tirumala Agro Commodi-NETBANK, MUM-VENDOR PMT-HDFCN26022121643011",,HDFCN26022121643011,,-111781.0,1,0,5,21,2,631,116974.839207607,38044.38,203932.55657779044,2196000.0,-0.0254684161017016,2.938173785457931,3,404,1,1,0,0.0,0,-0.1611237775585606,34.05688622754491,LOW,0,Transaction narration pattern is rarely seen,NORMAL
btx_a6a076809260,bac_c4599022,2026-09-24,2026-09-24,0.0,39604.89,39604.89,1796384.05,BY TRANSFER-UPI/CR/404202137793/BHAVANI PRINTERS/HDFC--,BHAVANI PRINTERS,404202137793,,39604.89,0,1,3,24,9,303,274105.44752475247,159866.04,329248.9266066456,2100000.0,-0.7122287684931796,0.2477379811246966,2,6,1,1,0,1.3096723705530167e-10,0,-0.1612776959972472,33.98203592814371,LOW,0,Transaction narration pattern is rarely seen,NORMAL
btx_e4e34fd1cc70,bac_eb0ff218,2026-07-07,2026-07-07,127117.0,0.0,127117.0,1671866.13,"NEFT DR- SBIN0012718-AARAVPANDEY-NETBANK, MUM-PAYMENT-HDFCN26070734214835",,HDFCN26070734214835,,-127117.0,1,0,1,7,7,631,116974.839207607,38044.38,203932.55657779044,2196000.0,0.0497329164238877,3.3412819449285283,4,404,1,1,0,0.0,0,-0.1615584595966109,33.90718562874252,LOW,0,Transaction narration pattern is rarely seen,NORMAL
btx_77d006963480,bac_c4599022,2026-07-22,2026-07-22,0.0,270675.17,270675.17,2024644.39,BY TRANSFER-NEFT*ICIC0100105*SBINN93249148769*Sharma Realty--,SHARMA REALTY,SBINN93249148769,,270675.17,0,1,2,22,7,303,274105.44752475247,159866.04,329248.9266066456,2100000.0,-0.0104184926587494,1.6931373917812689,1,7,1,1,0,-5.820766091346741e-11,0,-0.161628891377928,33.83233532934132,LOW,0,Transaction narration pattern is rarely seen,NORMAL
btx_8bc4413354af,bac_eb0ff218,2025-11-24,2025-11-24,47048.44,0.0,47048.44,1338508.54,"NEFT DR-SBIN0740737-M/S Pixel Bloom Digital-NETBANK, MUM-MARKETING CAMPAIGN-HDFCN2511",,HDFCN25112443065820,,-47048.44,1,0,0,24,11,631,116974.839207607,38044.38,203932.55657779044,2196000.0,-0.3428898277991892,1.2366725387560529,2,404,1,1,0,5.820766091346741e-11,0,-0.1618812172595846,33.75748502994012,LOW,0,Transaction narration pattern is rarely seen,NORMAL
btx_0e750106cee3,bac_c4599022,2026-04-22,2026-04-22,0.0,242151.26,242151.26,1211859.76,BY TRANSFER-RTGS UTR NO: SBINR76360955331--M/S prabhat plas,PRABHAT PLASTICS,SBINR76360955331,,242151.26,0,1,2,22,4,303,274105.44752475247,159866.04,329248.9266066456,2100000.0,-0.0970517591479598,1.5147135689355913,2,17,1,1,0,0.0,0,-0.1619288122474363,33.68263473053892,LOW,0,Transaction narration pattern is rarely seen,NORMAL
btx_39482a5eb104,bac_c4599022,2026-04-08,2026-04-08,0.0,67648.22,67648.22,1147112.03,BY TRANSFER-NEFT*KKBK0045374*SBINN44944408948*DEEPAM FURNISHINGS PVT--,DEEPAM FURNISHINGS,SBINN44944408948,,67648.22,0,1,2,8,4,303,274105.44752475247,159866.04,329248.9266066456,2100000.0,-0.6270551271117958,0.4231556620780748,1,5,1,1,0,-2.9103830456733704e-11,0,-0.162447916634351,33.60778443113773,LOW,0,Transaction narration pattern is rarely seen,NORMAL
btx_70bda468f7cc,bac_eb0ff218,2026-01-06,2026-01-06,5.9,0.0,5.9,1173578.25,CHRG: IMPS OUTWARD-003415744326,,003415744326,,-5.9,1,0,1,6,1,631,116974.839207607,38044.38,203932.55657779044,2196000.0,-0.5735667770289977,0.0001550820383983,2,404,1,1,0,9.313261273291572e-11,0,-0.1624545630171909,33.532934131736525,LOW,0,Transaction narration pattern is rarely seen,NORMAL
btx_56986bf8967d,bac_eb0ff218,2026-03-01,2026-03-01,145467.8,0.0,145467.8,1072043.32,IMPS-642519854713-Tirumala Agro Commodities-HDFC-XXXXXXXX3543-VENDOR PMT,TIRUMALA AGRO COMMOD,642519854713,,-145467.8,1,0,6,1,3,631,116974.839207607,38044.38,203932.55657779044,2196000.0,0.139717567761302,3.8236343975115377,3,12,1,1,0,-5.820766091346741e-11,0,-0.162502111226873,33.458083832335326,LOW,0,Transaction narration pattern is rarely seen,NORMAL
btx_21980dd912d2,bac_eb0ff218,2026-01-13,2026-01-13,8243.48,0.0,8243.48,963498.33,"NEFT DR-KKBK0921023-FIBERNET BROADBAND-NETBANK, MUM-INTERNET LEASED LI-HDFCN260113778",,HDFCN26011377855407,,-8243.48,1,0,1,13,1,631,116974.839207607,38044.38,203932.55657779044,2196000.0,-0.533173128568764,0.2166806240501225,1,404,1,1,0,-9.822542779147624e-11,0,-0.1627441273811675,33.38323353293413,LOW,0,Transaction narration pattern is rarely seen,NORMAL
btx_c3462dc58bad,bac_c4599022,2026-08-14,2026-08-14,0.0,33370.4,33370.4,1797754.53,BY TRANSFER-UPI/CR/012110001519/M/S GARUDAHARDWAR/CNRB--,GARUDA HARDWARE MART,012110001519,,33370.4,0,1,4,14,8,303,274105.44752475247,159866.04,329248.9266066456,2100000.0,-0.7311642592304004,0.2087397673702307,2,8,1,1,0,1.382431946694851e-10,0,-0.1628167340105926,33.308383233532936,LOW,0,Transaction narration pattern is rarely seen,NORMAL
btx_4f403b39ad7c,bac_c4599022,2026-07-12,2026-07-12,0.0,90801.87,90801.87,1782026.27,BY TRANSFER-NEFT*PUNB0000451*SBINN22435211251*PRABHAT PLASTICS--,PRABHAT PLASTICS,SBINN22435211251,,90801.87,0,1,6,12,7,303,274105.44752475247,159866.04,329248.9266066456,2100000.0,-0.5567324984592756,0.5679872348123466,2,17,1,1,0,1.1641532182693479e-10,0,-0.1628395497283525,33.23353293413174,LOW,0,Transaction narration pattern is rarely seen,NORMAL
btx_5a01bee0f155,bac_eb0ff218,2025-10-11,2025-10-11,93899.0,0.0,93899.0,2266671.01,UPI-Galaxy Electrical-galaxyele@okicici-SBIN0430370-964403597255-GED/25-26/0039,GALAXY ELECTRICAL DI,964403597255,,-93899.0,1,0,5,11,10,631,116974.839207607,38044.38,203932.55657779044,2196000.0,-0.1131542682288919,2.468143783654774,3,5,2,1,0,0.0,0,-0.1628416522965388,33.15868263473054,LOW,0,Transaction is unusual compared with learned transaction patterns,NORMAL
btx_25b0fd3bf3a2,bac_c4599022,2026-06-17,2026-06-17,0.0,208267.05,208267.05,1641487.93,BY TRANSFER-RTGS UTR NO: SBINR21551832247--PRABHATPLASTICS&C,PRABHAT PLASTICS,SBINR21551832247,,208267.05,0,1,2,17,6,303,274105.44752475247,159866.04,329248.9266066456,2100000.0,-0.1999654128057637,1.3027597981409933,3,17,1,1,0,5.820766091346741e-11,0,-0.1629118406195561,33.08383233532935,LOW,0,Transaction narration pattern is rarely seen,NORMAL
btx_a75ca361426d,bac_c4599022,2026-09-09,2026-09-09,0.0,63370.72,63370.72,1809341.23,BY TRANSFER-UPI/CR/810012906323/SHAKTI PACKAGING LTD/PUNB--,SHAKTI PACKAGING,810012906323,,63370.72,0,1,2,9,9,303,274105.44752475247,159866.04,329248.9266066456,2100000.0,-0.6400468171503493,0.3963988849664381,2,3,1,1,0,-2.9103830456733704e-11,0,-0.1630055606893048,33.00898203592814,LOW,0,Transaction narration pattern is rarely seen,NORMAL
btx_f599498ce82a,bac_eb0ff218,2025-12-30,2025-12-30,29.5,0.0,29.5,1057707.29,CHRG: RTGS OUTWARD-HDFCR25123092643715,,HDFCR25123092643715,,-29.5,1,0,1,30,12,631,116974.839207607,38044.38,203932.55657779044,2196000.0,-0.5734510524953772,0.0007754101919915,3,404,1,1,0,0.0,0,-0.163258118336159,32.93413173652694,LOW,0,Transaction narration pattern is rarely seen,NORMAL
btx_57fcc6a876c0,bac_c4599022,2026-07-10,2026-07-10,0.0,136517.76,136517.76,1309160.31,BY TRANSFER- NEFT*HDFC0286552*SBINN76408102786*GANGA POULTRY FEEDS--,GANGA POULTRY FEEDS,SBINN76408102786,,136517.76,0,1,4,10,7,303,274105.44752475247,159866.04,329248.9266066456,2100000.0,-0.4178834808750304,0.8539509704500093,3,22,1,1,0,0.0,0,-0.1634250936798105,32.859281437125745,LOW,0,Transaction narration pattern is rarely seen,NORMAL
btx_90b22d766c34,bac_eb0ff218,2026-07-06,2026-07-06,183707.06,0.0,183707.06,1244619.16,"NEFT DR-KKBK0559815-MARUTHI BUILDING MATE-NETBANK, MUM-MBM/26-27/0145-HDFCN2607065989",MARUTHI BUILDING MAT,HDFCN26070659892447,,-183707.06,1,0,0,6,7,631,116974.839207607,38044.38,203932.55657779044,2196000.0,0.327226912231338,4.828756836095108,4,7,1,1,0,-5.820766091346741e-11,0,-0.163689375746488,32.78443113772455,LOW,0,Transaction narration pattern is rarely seen,NORMAL
btx_8dd0e4fe1d47,bac_eb0ff218,2025-12-04,2025-12-04,11860.18,0.0,11860.18,1359332.86,POS 416021XXXXXX8500 Paper Point,,540555003543,,-11860.18,1,0,3,4,12,631,116974.839207607,38044.38,203932.55657779044,2196000.0,-0.5154383437914231,0.3117459135882882,2,404,1,1,0,6.548361852765083e-11,0,-0.163954602032315,32.709580838323355,LOW,0,Transaction narration pattern is rarely seen,NORMAL
btx_74b49b71987c,bac_c4599022,2026-08-15,2026-08-15,0.0,95282.28,95282.28,893036.81,BY TRANSFER-NEFT*BARB0505350*SBINN91147432322*MALHOTRA FURNISHIN--,MALHOTRA FURNISHINGS,SBINN91147432322,,95282.28,0,1,5,15,8,303,274105.44752475247,159866.04,329248.9266066456,2100000.0,-0.543124526988642,0.5960132621036963,2,39,1,1,0,2.9103830456733704e-11,0,-0.1639915450296503,32.63473053892216,LOW,0,Transaction narration pattern is rarely seen,NORMAL
btx_30697c141c94,bac_eb0ff218,2026-02-17,2026-02-17,29.5,0.0,29.5,939633.06,CHRG: RTGS OUTWARD-HDFCR26021732409140,,HDFCR26021732409140,,-29.5,1,0,1,17,2,631,116974.839207607,38044.38,203932.55657779044,2196000.0,-0.5734510524953772,0.0007754101919915,5,404,1,1,0,0.0,0,-0.1642120165475373,32.55988023952096,LOW,0,Elevated transaction activity for this account on the same day; Transaction narration pattern is rarely seen,NORMAL
btx_48d6b95d69b1,bac_eb0ff218,2026-01-08,2026-01-08,5.9,0.0,5.9,1194514.27,CHRG: IMPS OUTWARD-181851628259,,181851628259,,-5.9,1,0,3,8,1,631,116974.839207607,38044.38,203932.55657779044,2196000.0,-0.5735667770289977,0.0001550820383983,4,404,1,1,0,9.313261273291572e-11,0,-0.1642549933425721,32.48502994011976,LOW,0,Transaction narration pattern is rarely seen,NORMAL
btx_03d8bd97d63c,bac_eb0ff218,2026-04-12,2026-04-12,157431.94,0.0,157431.94,1174501.72,"NEFT DR-HDFC0643153-TIRUMALA AGRO COMMODITIES-NETBANK, MUM-TAC/26-27/0143-HDFCN260412",TIRUMALA AGRO COMMOD,HDFCN26041204201562,,-157431.94,1,0,6,12,4,631,116974.839207607,38044.38,203932.55657779044,2196000.0,0.198384708510044,4.138112909186587,5,12,1,1,0,5.820766091346741e-11,0,-0.164465915513346,32.41017964071856,LOW,0,Elevated transaction activity for this account on the same day; Transaction narration pattern is rarely seen,NORMAL
btx_cf2b84e69b92,bac_eb0ff218,2026-03-24,2026-03-24,132423.99,0.0,132423.99,1437478.07,"NEFT DR-KKBK0559815-M/S MARUTHIBUILDIN-NETBANK, MUM-MBM/25-26/0147-HDFCN2603246515550",,HDFCN26032465155502,,-132423.99,1,0,1,24,3,631,116974.839207607,38044.38,203932.55657779044,2196000.0,0.0757561767068805,3.480776661362335,3,404,1,1,0,0.0,0,-0.1644734416701282,32.33532934131736,LOW,0,Transaction narration pattern is rarely seen,NORMAL
btx_0a2751f0f38b,bac_eb0ff218,2026-01-19,2026-01-19,146586.22,0.0,146586.22,1595613.56,"NEFT DR-SBIN0493140-SAMBHAVINDUSTRIALSPAR-NETBANK, MUM-VENDOR PMT-HDFCN26011918241725",SAMBHAV INDUSTRIAL S,HDFCN26011918241725,,-146586.22,1,0,0,19,1,631,116974.839207607,38044.38,203932.55657779044,2196000.0,0.1452018318668883,3.853032169271782,3,8,1,1,0,2.9103830456733704e-11,0,-0.1645721720731161,32.26047904191617,LOW,0,Transaction narration pattern is rarely seen,NORMAL
btx_5fd901f5844b,bac_eb0ff218,2025-12-04,2025-12-04,177541.36,0.0,177541.36,1181791.5,TAX PAYMENT-ITNS281-051030804122524015,CBDT,051030804122524015,,-177541.36,1,0,3,4,12,631,116974.839207607,38044.38,203932.55657779044,2196000.0,0.296992897106597,4.66669084895062,2,17,1,1,0,-1.1641532182693479e-10,0,-0.1649795024637239,32.18562874251497,LOW,0,Transaction narration pattern is rarely seen,NORMAL
btx_cccac02cba85,bac_c4599022,2026-05-28,2026-05-28,0.0,107143.41,107143.41,1550091.31,BY TRANSFER-IMPS/P2A/SBINI33233154228/ganga poultry feed--,GANGA POULTRY FEEDS,SBINI33233154228,,107143.41,0,1,3,28,5,303,274105.44752475247,159866.04,329248.9266066456,2100000.0,-0.5070997170606493,0.670207443682223,1,22,1,1,0,1.4551915228366852e-10,0,-0.1650173050661637,32.11077844311377,LOW,0,Transaction narration pattern is rarely seen,NORMAL
btx_0ac2a40c18ea,bac_eb0ff218,2026-02-01,2026-02-01,103955.72,0.0,103955.72,1223859.04,"NEFT DR-HDFC0113842-BRANDWAVE EVENTS-NETBANK, MUM-MARKETING CAMPAIGN-HDFCN26020131493",BRANDWAVE EVENTS,HDFCN26020131493411,,-103955.72,1,0,6,1,2,631,116974.839207607,38044.38,203932.55657779044,2196000.0,-0.0638403177309299,2.732485586570211,2,7,1,1,0,2.9103830456733704e-11,0,-0.1653549976583496,32.035928143712574,LOW,0,Transaction narration pattern is rarely seen,NORMAL
btx_cc62235cb6e3,bac_c4599022,2026-06-05,2026-06-05,0.0,115273.38,115273.38,1229632.81,BY TRANSFER-NEFT*PUNB0000451*SBINN10978003341*PRABHAT PLASTICS--,PRABHAT PLASTICS,SBINN10978003341,,115273.38,0,1,4,5,6,303,274105.44752475247,159866.04,329248.9266066456,2100000.0,-0.4824072447607687,0.7210623344395095,1,17,1,1,0,1.1641532182693479e-10,0,-0.1653804349037517,31.961077844311376,LOW,0,Transaction narration pattern is rarely seen,NORMAL
btx_dada1dd5cd3a,bac_eb0ff218,2026-06-01,2026-06-01,126185.14,0.0,126185.14,1503707.04,IMPS-265111523302-TIRUMALA AGRO COMMODITIES-HDFC-XXXXXXXX3543-TAC/26-27/0144,TIRUMALA AGRO COMMOD,265111523302,,-126185.14,1,0,0,1,6,631,116974.839207607,38044.38,203932.55657779044,2196000.0,0.0451634645637354,3.3167879197926213,5,12,1,1,0,1.0186340659856795e-10,0,-0.1653839085208722,31.886227544910177,LOW,0,Elevated transaction activity for this account on the same day; Transaction narration pattern is rarely seen,NORMAL
btx_5f3c5d36961b,bac_eb0ff218,2025-12-09,2025-12-09,29.5,0.0,29.5,1473251.43,CHRG: RTGS OUTWARD-HDFCR25120917502572,,HDFCR25120917502572,,-29.5,1,0,1,9,12,631,116974.839207607,38044.38,203932.55657779044,2196000.0,-0.5734510524953772,0.0007754101919915,3,404,1,1,0,0.0,0,-0.16554922573728,31.811377245508982,LOW,0,Transaction narration pattern is rarely seen,NORMAL
btx_ff4bba10b3ea,bac_eb0ff218,2025-12-13,2025-12-13,39628.0,0.0,39628.0,1243668.73,"NEFT DR-UTIB0034035-city power distribut-NETBANK, MUM-ELECTRICITY CHARGE-HDFCN2512134",,HDFCN25121340030132,,-39628.0,1,0,5,13,12,631,116974.839207607,38044.38,203932.55657779044,2196000.0,-0.3792765633186327,1.0416255962115823,3,404,1,1,0,0.0,0,-0.1656045321103351,31.736526946107784,LOW,0,Transaction narration pattern is rarely seen,NORMAL
btx_1cb1c77090e4,bac_c4599022,2026-08-11,2026-08-11,0.0,138820.95,138820.95,1365556.44,BY TRANSFER-NEFT*ICIC0100105*SBINN24772405563*Sharma Realty--,SHARMA REALTY,SBINN24772405563,,138820.95,0,1,1,11,8,303,274105.44752475247,159866.04,329248.9266066456,2100000.0,-0.4108881961105894,0.8683579702105588,1,7,1,1,0,-5.820766091346741e-11,0,-0.1657162109723537,31.66167664670659,LOW,0,Transaction narration pattern is rarely seen,NORMAL
btx_b570958b3a88,bac_eb0ff218,2025-12-08,2025-12-08,139281.12,0.0,139281.12,1830665.33,"NEFT DR-ICIC0055422-Banjara Estates-NETBANK, MUM-HEAD OFFICE RENT-HDFCN25120830414318",BANJARA ESTATES,HDFCN25120830414318,,-139281.12,1,0,0,8,12,631,116974.839207607,38044.38,203932.55657779044,2196000.0,0.1093806754876053,3.6610169491525424,1,11,1,1,0,1.1641532182693479e-10,0,-0.1658261488655135,31.58682634730539,LOW,0,Transaction narration pattern is rarely seen,NORMAL
btx_19178fc07beb,bac_eb0ff218,2026-02-10,2026-02-10,43417.64,0.0,43417.64,2675177.71,"NEFT DR-UTIB0051527-DECCAN PRINT MEDIA-NETBANK, MUM-MARKETING CAMPAIGN-HDFCN260210375",,HDFCN26021037568521,,-43417.64,1,0,1,10,2,631,116974.839207607,38044.38,203932.55657779044,2196000.0,-0.3606937530817864,1.1412366294312064,4,404,1,1,0,-1.3096723705530167e-10,0,-0.1660182368357547,31.511976047904195,LOW,0,Transaction narration pattern is rarely seen,NORMAL
btx_ecb70f106ef3,bac_c4599022,2026-03-13,2026-03-13,0.0,109084.02,109084.02,1642527.34,BY TRANSFER-IMPS/P2A/SBINI81563370038/SWASTIK MOTORS--,SWASTIK MOTORS,SBINI81563370038,,109084.02,0,1,4,13,3,303,274105.44752475247,159866.04,329248.9266066456,2100000.0,-0.5012056659546955,0.6823464195397596,1,11,1,1,0,1.4551915228366852e-11,0,-0.1661838045300364,31.437125748502996,LOW,0,Transaction narration pattern is rarely seen,NORMAL
btx_49c707d16d73,bac_eb0ff218,2026-06-06,2026-06-06,139281.12,0.0,139281.12,898082.36,"NEFT DR-ICIC0055422-BANJARA ESTATES-NETBANK, MUM-HEAD OFFICE RENT-HDFCN26060614910327",BANJARA ESTATES,HDFCN26060614910327,,-139281.12,1,0,5,6,6,631,116974.839207607,38044.38,203932.55657779044,2196000.0,0.1093806754876053,3.6610169491525424,6,11,1,1,0,0.0,0,-0.1662830283709366,31.362275449101794,LOW,0,Elevated transaction activity for this account on the same day; Transaction narration pattern is rarely seen,NORMAL
btx_85a8fbc65815,bac_c4599022,2026-03-12,2026-03-12,0.0,175300.75,175300.75,1533443.32,BY TRANSFER-IMPS/P2A/SBINI39433159583/deepam furnishing--,DEEPAM FURNISHINGS,SBINI39433159583,,175300.75,0,1,3,12,3,303,274105.44752475247,159866.04,329248.9266066456,2100000.0,-0.3000911758257443,1.0965477721222092,1,5,1,1,0,0.0,0,-0.1662973776287425,31.2874251497006,LOW,0,Transaction narration pattern is rarely seen,NORMAL
btx_03e321ac55bd,bac_eb0ff218,2025-09-29,2025-09-29,5.9,0.0,5.9,3170218.1,CHRG: IMPS OUTWARD- 827030282132,,827030282132,,-5.9,1,0,0,29,9,631,116974.839207607,38044.38,203932.55657779044,2196000.0,-0.5735667770289977,0.0001550820383983,2,404,1,1,0,9.313261273291572e-11,0,-0.1665342528964442,31.2125748502994,LOW,0,Transaction narration pattern is rarely seen,NORMAL
btx_85ddfe204281,bac_eb0ff218,2026-05-19,2026-05-19,29.5,0.0,29.5,1156201.81,CHRG: RTGS OUTWARD-HDFCR26051940051562,,HDFCR26051940051562,,-29.5,1,0,1,19,5,631,116974.839207607,38044.38,203932.55657779044,2196000.0,-0.5734510524953772,0.0007754101919915,6,404,1,1,0,0.0,0,-0.1666919591635595,31.13772455089821,LOW,0,Elevated transaction activity for this account on the same day; Transaction narration pattern is rarely seen,NORMAL
btx_710223cd9d81,bac_eb0ff218,2026-05-19,2026-05-19,5.9,0.0,5.9,1465244.13,CHRG: IMPS OUTWARD-334482194014,,334482194014,,-5.9,1,0,1,19,5,631,116974.839207607,38044.38,203932.55657779044,2196000.0,-0.5735667770289977,0.0001550820383983,6,404,1,1,0,-1.396980309209539e-10,0,-0.1668969491614885,31.062874251497007,LOW,0,Elevated transaction activity for this account on the same day; Transaction narration pattern is rarely seen,NORMAL
btx_94b7d6838afc,bac_eb0ff218,2026-02-04,2026-02-04,18859.05,0.0,18859.05,1674601.91,"NEFT DR-SBIN0064050-skyline travels-NETBANK, MUM-CLIENT VISIT TRAVE-HDFCN260204270040",,HDFCN26020427004054,,-18859.05,1,0,2,4,2,631,116974.839207607,38044.38,203932.55657779044,2196000.0,-0.4811188113075046,0.4957118502128304,4,404,1,1,0,-4.729372449219227e-11,0,-0.1669192133441922,30.988023952095805,LOW,0,Transaction narration pattern is rarely seen,NORMAL
btx_75ee26502014,bac_eb0ff218,2026-09-06,2026-09-06,158045.27,0.0,158045.27,975049.59,"NEFT DR-HDFC0133880-Gomathi Healthcare Supplie-NETBANK, MUM-GHS/26-27/0267-HDFCN26090",GOMATHI HEALTHCARE S,HDFCN26090644134255,,-158045.27,1,0,6,6,9,631,116974.839207607,38044.38,203932.55657779044,2196000.0,0.2013922224170549,4.154234344205372,4,11,1,1,0,-1.4551915228366852e-10,0,-0.1670553770396817,30.91317365269461,LOW,0,Transaction narration pattern is rarely seen,NORMAL
btx_d8529d8395e2,bac_eb0ff218,2025-11-19,2025-11-19,211440.61,0.0,211440.61,1302183.24,RTGS DR-HDFC0335006-SUPREME EDUCATIONAL SOCIETY-HDFCR25111991243414,SUPREME EDUCATIONAL ,HDFCR25111991243414,,-211440.61,1,0,2,19,11,631,116974.839207607,38044.38,203932.55657779044,2196000.0,0.4632206469512819,5.557735728641129,3,16,1,1,0,-1.1641532182693479e-10,0,-0.1671973427789266,30.83832335329341,LOW,0,Transaction narration pattern is rarely seen,NORMAL
btx_da34e82e0eda,bac_eb0ff218,2026-04-28,2026-04-28,114000.0,0.0,114000.0,1448331.15,FT - DR - 50200002836220 - OWN A/C TRF,SELF,6357404434,,-114000.0,1,0,1,28,4,631,116974.839207607,38044.38,203932.55657779044,2196000.0,-0.0145873677922153,2.996500402950449,5,120,1,1,0,0.0,0,-0.1672065472014025,30.763473053892216,LOW,0,Appears to be a transfer between own accounts; Elevated transaction activity for this account on the same day; Transaction narration pattern is rarely seen,OWN_ACCOUNT_TRANSFER
btx_e4d6b47fbf24,bac_eb0ff218,2026-03-31,2026-03-31,37251.9,0.0,37251.9,711783.33,"NEFT DR-HDFC0192081-BHARAT TRANSPORT SERVICES-NETBANK, MUM-BTS/25-26/0034-HDFCN260331",,HDFCN26033131795382,,-37251.9,1,0,1,31,3,631,116974.839207607,38044.38,203932.55657779044,2196000.0,-0.3909279643498046,0.9791695908830688,3,404,1,1,0,-2.182787284255028e-11,0,-0.1672935525647043,30.688622754491018,LOW,0,Transaction narration pattern is rarely seen,NORMAL
btx_a9018a799122,bac_eb0ff218,2026-04-28,2026-04-28,29.5,0.0,29.5,405307.41,CHRG: RTGS OUTWARD-HDFCR26042879264535,,HDFCR26042879264535,,-29.5,1,0,1,28,4,631,116974.839207607,38044.38,203932.55657779044,2196000.0,-0.5734510524953772,0.0007754101919915,5,404,1,1,0,0.0,0,-0.1675702464453964,30.613772455089823,LOW,0,Elevated transaction activity for this account on the same day; Transaction narration pattern is rarely seen,NORMAL
btx_0e2b2aa4845e,bac_c4599022,2026-07-11,2026-07-11,0.0,97436.22,97436.22,1675508.94,BY TRANSFER-IMPS/P2A/SBINI41131185394/SHREE GANESH GRANITE--,SHREE GANESH GRANITE,SBINI41131185394,,97436.22,0,1,5,11,7,303,274105.44752475247,159866.04,329248.9266066456,2100000.0,-0.536582546663302,0.6094866677125423,1,14,1,1,0,-2.9103830456733704e-11,0,-0.1675863843191238,30.538922155688624,LOW,0,Transaction narration pattern is rarely seen,NORMAL
btx_4f947844087f,bac_eb0ff218,2025-11-08,2025-11-08,26631.42,0.0,26631.42,882742.88,"NEFT DR-SBIN0695480-Bhagya Facility Services Lt-NETBANK, MUM-PAYMENT-HDFCN25110818302",,HDFCN25110818302001,,-26631.42,1,0,5,8,11,631,116974.839207607,38044.38,203932.55657779044,2196000.0,-0.4430063581983552,0.700009304922304,3,404,1,1,0,-4.365574568510056e-11,0,-0.1677792907595162,30.464071856287426,LOW,0,Transaction narration pattern is rarely seen,NORMAL
btx_a4754aff62f9,bac_eb0ff218,2026-09-28,2026-09-28,5.9,0.0,5.9,717663.91,CHRG: IMPS OUTWARD-403547641575,,403547641575,,-5.9,1,0,0,28,9,631,116974.839207607,38044.38,203932.55657779044,2196000.0,-0.5735667770289977,0.0001550820383983,4,404,1,1,0,-2.3282709094019083e-11,0,-0.168065222525174,30.389221556886227,LOW,0,Transaction narration pattern is rarely seen,NORMAL
btx_62667552dda9,bac_eb0ff218,2026-06-11,2026-06-11,1571.85,0.0,1571.85,1501000.48,UPI-cafe nirvana-cafenirva@okhdfcbank-YESB0705560-442223403001-TEAM AND CLIENT ME,,442223403001,,-1571.85,1,0,3,11,6,631,116974.839207607,38044.38,203932.55657779044,2196000.0,-0.5658880129009038,0.0413162206875233,6,404,1,1,0,-9.322320693172513e-11,0,-0.1683064876829031,30.31437125748503,LOW,0,Elevated transaction activity for this account on the same day; Transaction narration pattern is rarely seen,NORMAL
btx_6883f163482b,bac_eb0ff218,2026-01-14,2026-01-14,181034.0,0.0,181034.0,782464.33,EPFO-ECR-TRRN 7503240219393,EPFO,7503240219393,,-181034.0,1,0,2,14,1,631,116974.839207607,38044.38,203932.55657779044,2196000.0,0.3141193435093211,4.758495210067821,2,12,1,1,0,0.0,0,-0.1683742296363886,30.239520958083837,LOW,0,Transaction narration pattern is rarely seen,NORMAL
btx_853c1b86ce69,bac_c4599022,2026-05-20,2026-05-20,0.0,65368.0,65368.0,1274771.53,BY TRANSFER-IMPS/P2A/225392821535/r k associates--,R K ASSOCIATES,225392821535,,65368.0,0,1,2,20,5,303,274105.44752475247,159866.04,329248.9266066456,2100000.0,-0.6339806470322424,0.4088923451159483,2,1,1,1,0,0.0,0,-0.1684591463431345,30.164670658682635,LOW,0,Counterparty is rarely seen in the dataset; Transaction narration pattern is rarely seen,NORMAL
btx_feac0ec303b0,bac_c4599022,2026-08-14,2026-08-14,0.0,168742.44,168742.44,1764384.13,BY TRANSFER- NEFT*HDFC0286552*SBINN49345412133*M/S Ganga Poultry--,GANGA POULTRY FEEDS,SBINN49345412133,,168742.44,0,1,4,14,8,303,274105.44752475247,159866.04,329248.9266066456,2100000.0,-0.3200101777419912,1.0555239874584996,2,22,1,1,0,-5.820766091346741e-11,0,-0.1684995696289883,30.08982035928144,LOW,0,Transaction narration pattern is rarely seen,NORMAL
btx_5e69820f3f78,bac_eb0ff218,2025-10-07,2025-10-07,29.5,0.0,29.5,2600077.52,CHRG: RTGS OUTWARD-HDFCR25100716005720,,HDFCR25100716005720,,-29.5,1,0,1,7,10,631,116974.839207607,38044.38,203932.55657779044,2196000.0,-0.5734510524953772,0.0007754101919915,4,404,1,1,0,0.0,0,-0.1687033890851929,30.01497005988024,LOW,0,Transaction narration pattern is rarely seen,NORMAL
btx_db4533cd8b14,bac_eb0ff218,2026-06-11,2026-06-11,2739.45,0.0,2739.45,1487185.03,UPI-CAFE NIRVANA-cafenirva@paytm-YESB0705560-552554270463-TEAM AND CLIENT ME,,552554270463,,-2739.45,1,0,3,11,6,631,116974.839207607,38044.38,203932.55657779044,2196000.0,-0.5601625906358493,0.0720066932356369,6,404,1,1,0,4.638422979041934e-11,0,-0.1687990701288431,29.94011976047904,LOW,0,Elevated transaction activity for this account on the same day; Transaction narration pattern is rarely seen,NORMAL
btx_1a98965e2a2c,bac_eb0ff218,2025-10-07,2025-10-07,5.9,0.0,5.9,2554934.22,CHRG: IMPS OUTWARD-313135034190,,313135034190,,-5.9,1,0,1,7,10,631,116974.839207607,38044.38,203932.55657779044,2196000.0,-0.5735667770289977,0.0001550820383983,4,404,1,1,0,9.313261273291572e-11,0,-0.1688149788559309,29.865269461077844,LOW,0,Transaction narration pattern is rarely seen,NORMAL
btx_1c45eedd64c7,bac_c4599022,2026-08-18,2026-08-18,0.0,96331.06,96331.06,1368643.47,BY TRANSFER-NEFT*BARB0536451*SBINN74415244611*SHREE GANESH GRANITE EXP--,SHREE GANESH GRANITE,SBINN74415244611,,96331.06,0,1,1,18,8,303,274105.44752475247,159866.04,329248.9266066456,2100000.0,-0.539939155935776,0.6025736297715262,2,14,1,1,0,5.820766091346741e-11,0,-0.1688338642319584,29.790419161676645,LOW,0,Transaction narration pattern is rarely seen,NORMAL
btx_cb55fabe5c43,bac_c4599022,2026-05-15,2026-05-15,0.0,171772.6,171772.6,832687.99,BY TRANSFER-IMPS/P2A/SBINI24035014808/PRABHAT PLASTICS &--,PRABHAT PLASTICS,SBINI24035014808,,171772.6,0,1,4,15,5,303,274105.44752475247,159866.04,329248.9266066456,2100000.0,-0.310806928300209,1.074478357004402,2,17,1,1,0,-2.9103830456733704e-11,0,-0.1688702983426084,29.71556886227545,LOW,0,Transaction narration pattern is rarely seen,NORMAL
btx_277c67332c2d,bac_c4599022,2026-04-16,2026-04-16,0.0,77242.9,77242.9,1450479.07,BY TRANSFER-NEFT*BARB0536451*SBINN42714593252*shreeganeshgranite--,SHREE GANESH GRANITE,SBINN42714593252,,77242.9,0,1,3,16,4,303,274105.44752475247,159866.04,329248.9266066456,2100000.0,-0.5979140146444414,0.4831726613106823,1,14,1,1,0,1.4551915228366852e-10,0,-0.1693953470347036,29.64071856287425,LOW,0,Transaction narration pattern is rarely seen,NORMAL
btx_3977184a6126,bac_c4599022,2026-08-20,2026-08-20,0.0,65898.28,65898.28,1434541.75,BY TRANSFER-IMPS/P2A/SBINI92152914300/Garuda Hardware Mart--,GARUDA HARDWARE MART,SBINI92152914300,,65898.28,0,1,3,20,8,303,274105.44752475247,159866.04,329248.9266066456,2100000.0,-0.6323700723054992,0.4122093722969556,2,8,1,1,0,2.9103830456733704e-11,0,-0.1695667460160084,29.565868263473057,LOW,0,Transaction narration pattern is rarely seen,NORMAL
btx_fbbf59a4991d,bac_eb0ff218,2025-12-28,2025-12-28,12256.65,0.0,12256.65,1572792.38,"NEFT DR-HDFC0192081-Bharat Transport Servi-NETBANK, MUM-PAYMENT-HDFCN25122814010487",BHARAT TRANSPORT SER,HDFCN25122814010487,,-12256.65,1,0,6,28,12,631,116974.839207607,38044.38,203932.55657779044,2196000.0,-0.5134942206624181,0.3221671637177423,4,24,1,1,0,-1.4006218407303095e-10,0,-0.1695757838098839,29.491017964071855,LOW,0,Transaction narration pattern is rarely seen,NORMAL
btx_d178cf9ffee2,bac_eb0ff218,2026-01-07,2026-01-07,162791.96,0.0,162791.96,1010786.29,TAX PAYMENT-ITNS281-051030807012635325,CBDT,051030807012635325,,-162791.96,1,0,2,7,1,631,116974.839207607,38044.38,203932.55657779044,2196000.0,0.2246680057429475,4.279001524009591,3,17,1,1,0,2.9103830456733704e-11,0,-0.1696689601421201,29.416167664670656,LOW,0,Transaction narration pattern is rarely seen,NORMAL
btx_61876a275fa2,bac_eb0ff218,2026-05-08,2026-05-08,5.9,0.0,5.9,1731816.0,CHRG: IMPS OUTWARD-104032352249,,104032352249,,-5.9,1,0,4,8,5,631,116974.839207607,38044.38,203932.55657779044,2196000.0,-0.5735667770289977,0.0001550820383983,5,404,1,1,0,9.313261273291572e-11,0,-0.1698533474181132,29.34131736526946,LOW,0,Elevated transaction activity for this account on the same day; Transaction narration pattern is rarely seen,NORMAL
btx_33529761a03c,bac_eb0ff218,2026-09-14,2026-09-14,8618.72,0.0,8618.72,1384443.72,POS 416021XXXXXX0305 OFFICE MART,OFFICE MART,004125543245,,-8618.72,1,0,0,14,9,631,116974.839207607,38044.38,203932.55657779044,2196000.0,-0.531333108484198,0.2265438416922552,7,5,1,1,0,2.7284841053187847e-11,0,-0.1699220070733288,29.266467065868262,LOW,0,Elevated transaction activity for this account on the same day; Transaction narration pattern is rarely seen,NORMAL
btx_ad8a59983525,bac_eb0ff218,2025-10-13,2025-10-13,178294.0,0.0,178294.0,2053502.11,EPFO-ECR-TRRN 1021025468024,EPFO,1021025468024,,-178294.0,1,0,0,13,10,631,116974.839207607,38044.38,203932.55657779044,2196000.0,0.3006835290127043,4.686474060031995,2,12,1,1,0,2.3283064365386963e-10,0,-0.169987732790586,29.191616766467064,LOW,0,Transaction narration pattern is rarely seen,NORMAL
btx_fb0a9fb6e924,bac_eb0ff218,2025-12-14,2025-12-14,8243.48,0.0,8243.48,1579848.54,"NEFT DR-KKBK0921023-FIBERNET BROADBAND-NETBANK, MUM-INTERNET LEASED LI-HDFCN251214389",FIBERNET BROADBAND,HDFCN25121438963582,,-8243.48,1,0,6,14,12,631,116974.839207607,38044.38,203932.55657779044,2196000.0,-0.533173128568764,0.2166806240501225,5,10,1,1,0,1.8189894035458565e-11,0,-0.1700874692055344,29.11676646706587,LOW,0,Elevated transaction activity for this account on the same day; Transaction narration pattern is rarely seen,NORMAL
btx_1b1ff1a5527d,bac_eb0ff218,2026-04-23,2026-04-23,93969.28,0.0,93969.28,1567015.05,"NEFT DR-UTIB0051527-Deccan Print Media-NETBANK, MUM-MARKETING CAMPAIGN-HDFCN260423881",DECCAN PRINT MEDIA,HDFCN26042388163202,,-93969.28,1,0,3,23,4,631,116974.839207607,38044.38,203932.55657779044,2196000.0,-0.1128096444906356,2.4699910998681016,3,8,2,1,0,-2.9103830456733704e-11,0,-0.1701094799281379,29.041916167664677,LOW,0,Transaction is unusual compared with learned transaction patterns,NORMAL
btx_1c1e735b8d62,bac_eb0ff218,2026-09-14,2026-09-14,6879.0,0.0,6879.0,1196374.72,ESIC CHALLAN-202119928335,ESIC,202119928335,,-6879.0,1,0,0,14,9,631,116974.839207607,38044.38,203932.55657779044,2196000.0,-0.5398639680448017,0.180815142735931,7,12,1,1,0,0.0,0,-0.1701511518890445,28.967065868263475,LOW,0,Elevated transaction activity for this account on the same day; Transaction narration pattern is rarely seen,NORMAL
btx_c114e681686c,bac_eb0ff218,2026-01-20,2026-01-20,5051.58,0.0,5051.58,745901.66,POS 416021XXXXXX9753 OFFICE MART,,004361124155,,-5051.58,1,0,1,20,1,631,116974.839207607,38044.38,203932.55657779044,2196000.0,-0.5488248717409359,0.1327812412766353,3,404,1,1,0,4.18367562815547e-11,0,-0.1701843180685087,28.892215568862277,LOW,0,Transaction narration pattern is rarely seen,NORMAL
btx_aab812a83aa3,bac_eb0ff218,2026-09-14,2026-09-14,11190.9,0.0,11190.9,1453646.68,UPI-M/S redline tours-msredlin@oksbi-YESB0221736-014808444063-CLIENT VISIT TRAVE,REDLINE TOURS AND TR,014808444063,,-11190.9,1,0,0,14,9,631,116974.839207607,38044.38,203932.55657779044,2196000.0,-0.5187202131075894,0.2941538277138437,7,17,1,1,0,-1.4006218407303095e-10,0,-0.17021529447262,28.817365269461074,LOW,0,Elevated transaction activity for this account on the same day; Transaction narration pattern is rarely seen,NORMAL
btx_74817fc3b039,bac_eb0ff218,2026-07-03,2026-07-03,75543.0,0.0,75543.0,2192824.11,"NEFT DR-SBIN0493140-SAMBHAV INDUSTRIAL SPARES L-NETBANK, MUM-PAYMENT-HDFCN26070363416",,HDFCN26070363416583,,-75543.0,1,0,4,3,7,631,116974.839207607,38044.38,203932.55657779044,2196000.0,-0.2031644181923583,1.985654648597244,4,404,1,1,0,0.0,0,-0.1702715665169556,28.74251497005988,LOW,0,Transaction narration pattern is rarely seen,NORMAL
btx_31c461fb0d05,bac_eb0ff218,2026-02-04,2026-02-04,150821.96,0.0,150821.96,1523779.95,TAX PAYMENT-ITNS281-051030804022608339,CBDT,051030804022608339,,-150821.96,1,0,2,4,2,631,116974.839207607,38044.38,203932.55657779044,2196000.0,0.1659721300040779,3.964368981699794,4,17,1,1,0,2.9103830456733704e-11,0,-0.1703516780870519,28.66766467065868,LOW,0,Transaction narration pattern is rarely seen,NORMAL
btx_8c2d6d1c411f,bac_eb0ff218,2026-03-26,2026-03-26,5.9,0.0,5.9,1082772.25,CHRG: IMPS OUTWARD-546829663735,,546829663735,,-5.9,1,0,3,26,3,631,116974.839207607,38044.38,203932.55657779044,2196000.0,-0.5735667770289977,0.0001550820383983,5,404,1,1,0,9.313261273291572e-11,0,-0.170396358525752,28.59281437125749,LOW,0,Elevated transaction activity for this account on the same day; Transaction narration pattern is rarely seen,NORMAL
btx_0be57508aa23,bac_eb0ff218,2026-07-04,2026-07-04,76266.34,0.0,76266.34,2040699.77,"NEFT DR-SBIN0493140-SAMBHAV INDUSTRIAL SPARES-NETBANK, MUM-SIS/26-27/0174-HDFCN260704",,HDFCN26070413962758,,-76266.34,1,0,5,4,7,631,116974.839207607,38044.38,203932.55657779044,2196000.0,-0.1996174612368901,2.004667706504877,3,404,1,1,0,1.4551915228366852e-10,0,-0.1704976629196847,28.517964071856287,LOW,0,Transaction narration pattern is rarely seen,NORMAL
btx_dc1bee18bd1d,bac_c4599022,2026-05-15,2026-05-15,0.0,72892.2,72892.2,905580.19,BY TRANSFER-UPI/CR/034156344903/BHAVANI PRINTERS/HDFC--,BHAVANI PRINTERS,034156344903,,72892.2,0,1,4,15,5,303,274105.44752475247,159866.04,329248.9266066456,2100000.0,-0.6111280288702121,0.4559580008362001,2,6,1,1,0,-4.365574568510056e-11,0,-0.1705102506037816,28.44311377245509,LOW,0,Transaction narration pattern is rarely seen,NORMAL
btx_b766cd4ac2dc,bac_eb0ff218,2026-03-29,2026-03-29,64696.75,0.0,64696.75,1004940.18,"NEFT DR-KKBK0000961-MEHTA SOLAR ENERGY-NETBANK, MUM-MSE/25-26/0252-HDFCN2603292257491",MEHTA SOLAR ENERGY,HDFCN26032922574914,,-64696.75,1,0,6,29,3,631,116974.839207607,38044.38,203932.55657779044,2196000.0,-0.2563498937339385,1.7005599775840743,1,4,1,1,0,1.1641532182693479e-10,0,-0.1706797726299397,28.36826347305389,LOW,0,Transaction narration pattern is rarely seen,NORMAL
btx_2686ad0784fb,bac_c4599022,2026-06-11,2026-06-11,0.0,172150.46,172150.46,1152294.23,BY TRANSFER-NEFT*BARB0536451*SBINN24691565082*ShreeGaneshGranite--,SHREE GANESH GRANITE,SBINN24691565082,,172150.46,0,1,3,11,6,303,274105.44752475247,159866.04,329248.9266066456,2100000.0,-0.3096592859862481,1.07684196093179,1,14,1,1,0,-2.9103830456733704e-11,0,-0.1707073818056404,28.29341317365269,LOW,0,Transaction narration pattern is rarely seen,NORMAL
btx_008ec227657a,bac_eb0ff218,2026-03-08,2026-03-08,139281.12,0.0,139281.12,1300022.16,"NEFT DR-ICIC0055422-banjara estates llp-NETBANK, MUM-HEAD OFFICE RENT-HDFCN2603085512",BANJARA ESTATES,HDFCN26030855125807,,-139281.12,1,0,6,8,3,631,116974.839207607,38044.38,203932.55657779044,2196000.0,0.1093806754876053,3.6610169491525424,4,11,1,1,0,-1.1641532182693479e-10,0,-0.1707791263387176,28.218562874251496,LOW,0,Transaction narration pattern is rarely seen,NORMAL
btx_0245ae46f1d0,bac_eb0ff218,2026-04-27,2026-04-27,156613.4,0.0,156613.4,1562331.15,TAX PAYMENT-ITNS281-051030827042650201,CBDT,051030827042650201,,-156613.4,1,0,0,27,4,631,116974.839207607,38044.38,203932.55657779044,2196000.0,0.1943709305545473,4.1165975105915775,2,17,1,1,0,-1.4551915228366852e-10,0,-0.1707943290742825,28.143712574850294,LOW,0,Transaction narration pattern is rarely seen,NORMAL
btx_9ad9dbb4937e,bac_eb0ff218,2025-12-24,2025-12-24,30119.5,0.0,30119.5,1016666.45,"NEFT DR-KKBK0311215-NAVARATNA MACHINERY-NETBANK, MUM-PAYMENT-HDFCN25122431608001",,HDFCN25122431608001,,-30119.5,1,0,2,24,12,631,116974.839207607,38044.38,203932.55657779044,2196000.0,-0.4259022721292461,0.7916938060233865,2,404,1,1,0,0.0,0,-0.1710835014424355,28.068862275449103,LOW,0,Transaction narration pattern is rarely seen,NORMAL
btx_c70cd89d583d,bac_eb0ff218,2026-03-09,2026-03-09,5.9,0.0,5.9,1245744.67,CHRG: IMPS OUTWARD- 454757236037,,454757236037,,-5.9,1,0,0,9,3,631,116974.839207607,38044.38,203932.55657779044,2196000.0,-0.5735667770289977,0.0001550820383983,3,404,1,1,0,-1.396980309209539e-10,0,-0.1713735511869755,27.994011976047904,LOW,0,Transaction narration pattern is rarely seen,NORMAL
btx_4fea5faa64ca,bac_eb0ff218,2025-12-28,2025-12-28,6214.95,0.0,6214.95,1566577.43,POS 416021XXXXXX0472 Skyline Travels,SKYLINE TRAVELS,033290093653,,-6214.95,1,0,6,28,12,631,116974.839207607,38044.38,203932.55657779044,2196000.0,-0.5431201916274582,0.1633605278887446,4,18,1,1,0,4.638422979041934e-11,0,-0.1714423372348547,27.91916167664671,LOW,0,Transaction narration pattern is rarely seen,NORMAL
btx_4cc1e4051cee,bac_eb0ff218,2026-09-14,2026-09-14,24666.0,0.0,24666.0,1428980.68,TAX PAYMENT-ITNS280-051030814092643791,CBDT,051030814092643791,,-24666.0,1,0,0,14,9,631,116974.839207607,38044.38,203932.55657779044,2196000.0,-0.4526439562012533,0.648348060869963,7,17,1,1,0,0.0,0,-0.1715844083292497,27.844311377245507,LOW,0,Elevated transaction activity for this account on the same day; Transaction narration pattern is rarely seen,NORMAL
btx_b84b1122904f,bac_eb0ff218,2026-08-12,2026-08-12,58033.8,0.0,58033.8,898053.71,"NEFT DR-HDFC0412283-M/S RAO AND ASSOCIATES CHAR-NETBANK, MUM-MONTHLY ACCOUNTING-HDFCN",,HDFCN26081272124569,,-58033.8,1,0,2,12,8,631,116974.839207607,38044.38,203932.55657779044,2196000.0,-0.2890222149748994,1.5254237288135597,1,404,1,1,0,-4.365574568510056e-11,0,-0.1716249939939426,27.76946107784431,LOW,0,Transaction narration pattern is rarely seen,NORMAL
btx_5e26f03ab470,bac_eb0ff218,2026-03-07,2026-03-07,29.5,0.0,29.5,945437.38,CHRG: RTGS OUTWARD-HDFCR26030725513417,,HDFCR26030725513417,,-29.5,1,0,5,7,3,631,116974.839207607,38044.38,203932.55657779044,2196000.0,-0.5734510524953772,0.0007754101919915,2,404,1,1,0,0.0,0,-0.1716708070858059,27.694610778443117,LOW,0,Transaction narration pattern is rarely seen,NORMAL
btx_9bf99b7a0965,bac_eb0ff218,2026-06-21,2026-06-21,5.9,0.0,5.9,852016.52,CHRG: IMPS OUTWARD-909113995245,,909113995245,,-5.9,1,0,6,21,6,631,116974.839207607,38044.38,203932.55657779044,2196000.0,-0.5735667770289977,0.0001550820383983,2,404,1,1,0,-2.3282709094019083e-11,0,-0.1719913426759702,27.619760479041915,LOW,0,Transaction narration pattern is rarely seen,NORMAL
btx_807436bc7c83,bac_eb0ff218,2025-10-28,2025-10-28,5.9,0.0,5.9,869539.86,CHRG: IMPS OUTWARD-057443042561,,057443042561,,-5.9,1,0,1,28,10,631,116974.839207607,38044.38,203932.55657779044,2196000.0,-0.5735667770289977,0.0001550820383983,4,404,1,1,0,-2.3282709094019083e-11,0,-0.1720228329800151,27.54491017964072,LOW,0,Transaction narration pattern is rarely seen,NORMAL
btx_f5a1d0a25fce,bac_eb0ff218,2026-09-14,2026-09-14,35918.24,0.0,35918.24,1393062.44,"NEFT DR-UTIB0051527-deccan print media-NETBANK, MUM-MARKETING CAMPAIGN-HDFCN260914202",DECCAN PRINT MEDIA,HDFCN26091420240343,,-35918.24,1,0,0,14,9,631,116974.839207607,38044.38,203932.55657779044,2196000.0,-0.3974676754306652,0.944114216081324,7,8,1,1,0,7.275957614183426e-12,0,-0.1720556287483307,27.47005988023952,LOW,0,Elevated transaction activity for this account on the same day; Transaction narration pattern is rarely seen,NORMAL
btx_d2ad8c53b3b2,bac_eb0ff218,2025-11-24,2025-11-24,141504.0,0.0,141504.0,1197004.54,"NEFT DR-KKBK0559815-M/S maruthibuildingmateria-NETBANK, MUM-BILL PMT-HDFCN25112484380",MARUTHI BUILDING MAT,HDFCN25112484380390,,-141504.0,1,0,0,24,11,631,116974.839207607,38044.38,203932.55657779044,2196000.0,0.120280749694992,3.719445552799126,2,7,1,1,0,0.0,0,-0.1720712175763264,27.395209580838326,LOW,0,Transaction narration pattern is rarely seen,NORMAL
btx_483061b2c527,bac_eb0ff218,2026-02-21,2026-02-21,5.9,0.0,5.9,773854.82,CHRG: IMPS OUTWARD-159505446612,,159505446612,,-5.9,1,0,5,21,2,631,116974.839207607,38044.38,203932.55657779044,2196000.0,-0.5735667770289977,0.0001550820383983,3,404,1,1,0,-2.3282709094019083e-11,0,-0.1721178252221701,27.320359281437124,LOW,0,Transaction narration pattern is rarely seen,NORMAL
btx_3481d0a5bc88,bac_eb0ff218,2026-03-09,2026-03-09,9066.75,0.0,9066.75,1236677.92,UPI-Metro Cabs Hyderabad-metrocabs@okicici-UTIB0252131-114449225580-CLIENT VISIT TRAV,,114449225580,,-9066.75,1,0,0,9,3,631,116974.839207607,38044.38,203932.55657779044,2196000.0,-0.5291361566707239,0.238320351126763,3,404,1,1,0,0.0,0,-0.1721598731574308,27.24550898203593,LOW,0,Transaction narration pattern is rarely seen,NORMAL
btx_a19a16345046,bac_eb0ff218,2025-12-31,2025-12-31,114666.84,0.0,114666.84,821002.45,"NEFT DR-YESB0731473-KAMATH VALUERS-NETBANK, MUM-LEGAL AND ADVISORY-HDFCN2512315271802",KAMATH VALUERS,HDFCN25123152718022,,-114666.84,1,0,2,31,12,631,116974.839207607,38044.38,203932.55657779044,2196000.0,-0.0113174632159657,3.014028353202234,3,7,1,1,0,-8.731149137020111e-11,0,-0.1722203570859258,27.17065868263473,LOW,0,Transaction narration pattern is rarely seen,NORMAL
btx_6aee3fc01836,bac_eb0ff218,2026-03-14,2026-03-14,181888.0,0.0,181888.0,793190.18,EPFO-ECR-TRRN 5516409612294,EPFO,5516409612294,,-181888.0,1,0,5,14,3,631,116974.839207607,38044.38,203932.55657779044,2196000.0,0.3183070024801644,4.780942677998696,4,12,1,1,0,0.0,0,-0.1722328684761104,27.09580838323353,LOW,0,Transaction narration pattern is rarely seen,NORMAL
btx_e886953e91dd,bac_eb0ff218,2025-11-07,2025-11-07,172635.94,0.0,172635.94,1107393.38,TAX PAYMENT-ITNS281-051030807112510016,CBDT,051030807112510016,,-172635.94,1,0,4,7,11,631,116974.839207607,38044.38,203932.55657779044,2196000.0,0.272938768220468,4.537751436611663,1,17,1,1,0,-1.7462298274040222e-10,0,-0.1724082513664566,27.020958083832337,LOW,0,Transaction narration pattern is rarely seen,NORMAL
btx_e46aa1948779,bac_eb0ff218,2026-02-02,2026-02-02,14922.6,0.0,14922.6,1208936.44,UPI-METRO CABS HYDERABAD-metrocabs@okicici-UTIB0252131-529904226622-CLIENT VISIT TRAV,METRO CABS HYDERABAD,529904226622,,-14922.6,1,0,0,2,2,631,116974.839207607,38044.38,203932.55657779044,2196000.0,-0.5004215164079452,0.3922419027462138,1,17,1,1,0,-9.276845958083868e-11,0,-0.1726052427784203,26.94610778443114,LOW,0,Transaction narration pattern is rarely seen,NORMAL
btx_dae47f57ded5,bac_eb0ff218,2026-07-28,2026-07-28,29.5,0.0,29.5,853508.89,CHRG: RTGS OUTWARD-HDFCR26072804579465,,HDFCR26072804579465,,-29.5,1,0,1,28,7,631,116974.839207607,38044.38,203932.55657779044,2196000.0,-0.5734510524953772,0.0007754101919915,5,404,1,1,0,0.0,0,-0.1726165768272056,26.871257485029943,LOW,0,Elevated transaction activity for this account on the same day; Transaction narration pattern is rarely seen,NORMAL
btx_1a0f26fca7cd,bac_eb0ff218,2026-09-19,2026-09-19,1176.0,0.0,1176.0,692644.65,UPI-Hyderabad House Cate-hyderabad@okhdfcbank-KKBK0341565-103175080337-TEAM AND CLIEN,,103175080337,,-1176.0,1,0,5,19,9,631,116974.839207607,38044.38,203932.55657779044,2196000.0,-0.5678290958091103,0.0309112673146467,1,404,1,1,0,0.0,0,-0.1726607617080676,26.79640718562874,LOW,0,Transaction narration pattern is rarely seen,NORMAL
btx_55ee45ab031f,bac_eb0ff218,2026-07-28,2026-07-28,5.9,0.0,5.9,1083436.02,CHRG: IMPS OUTWARD-944102705490,,944102705490,,-5.9,1,0,1,28,7,631,116974.839207607,38044.38,203932.55657779044,2196000.0,-0.5735667770289977,0.0001550820383983,5,404,1,1,0,9.313261273291572e-11,0,-0.1727271011752736,26.721556886227543,LOW,0,Elevated transaction activity for this account on the same day; Transaction narration pattern is rarely seen,NORMAL
btx_1acc6bbfd99e,bac_eb0ff218,2026-03-05,2026-03-05,11366.25,0.0,11366.25,1357434.53,POS 416021XXXXXX0585 SKYLINE TRAVELS,,915173305625,,-11366.25,1,0,3,5,3,631,116974.839207607,38044.38,203932.55657779044,2196000.0,-0.5178603700156252,0.298762918465224,1,404,1,1,0,0.0,0,-0.1728185797554965,26.646706586826348,LOW,0,Transaction narration pattern is rarely seen,NORMAL
btx_0dd7f8493bfe,bac_eb0ff218,2026-01-16,2026-01-16,5.9,0.0,5.9,1742205.68,CHRG: IMPS OUTWARD-102518862861,,102518862861,,-5.9,1,0,4,16,1,631,116974.839207607,38044.38,203932.55657779044,2196000.0,-0.5735667770289977,0.0001550820383983,2,404,1,1,0,-1.396980309209539e-10,0,-0.1730344717375651,26.57185628742515,LOW,0,Transaction narration pattern is rarely seen,NORMAL
btx_76a24b9b6e86,bac_eb0ff218,2026-06-08,2026-06-08,22827.1,0.0,22827.1,1532625.53,POS 416021XXXXXX3021 CLOUDSTACK SOFTWARE PVT LTD,,508739475261,,-22827.1,1,0,0,8,6,631,116974.839207607,38044.38,203932.55657779044,2196000.0,-0.4616611530179791,0.6000124065630719,2,404,1,1,0,1.382431946694851e-10,0,-0.1730506791513203,26.497005988023957,LOW,0,Transaction narration pattern is rarely seen,NORMAL
btx_19901b29b294,bac_eb0ff218,2025-12-25,2025-12-25,5.9,0.0,5.9,990029.13,CHRG: IMPS OUTWARD-609430810150,,609430810150,,-5.9,1,0,3,25,12,631,116974.839207607,38044.38,203932.55657779044,2196000.0,-0.5735667770289977,0.0001550820383983,3,404,1,1,0,-2.3282709094019083e-11,0,-0.1730877372198538,26.422155688622755,LOW,0,Transaction narration pattern is rarely seen,NORMAL
btx_f2ed602fc131,bac_eb0ff218,2026-04-16,2026-04-16,93847.82,0.0,93847.82,692903.54,"NEFT DR-UTIBO053531-VASANTHAGARMENTS-NETBANK, MUM-VG/26-27/0172-HDFCN26041648421032",,HDFCN26041648421032,,-93847.82,1,0,3,16,4,631,116974.839207607,38044.38,203932.55657779044,2196000.0,-0.1134052335522265,2.466798512684397,1,404,1,1,0,5.820766091346741e-11,0,-0.1732766025016143,26.34730538922156,LOW,0,Transaction narration pattern is rarely seen,NORMAL
btx_d0484c21793a,bac_eb0ff218,2026-08-11,2026-08-11,8243.48,0.0,8243.48,956087.51,"NEFT DR-KKBK0921023-fibernet broadband-NETBANK, MUM-INTERNET LEASED LI-HDFCN260811470",,HDFCN26081147033234,,-8243.48,1,0,1,11,8,631,116974.839207607,38044.38,203932.55657779044,2196000.0,-0.533173128568764,0.2166806240501225,1,404,1,1,0,1.8189894035458565e-11,0,-0.1736303327855188,26.27245508982036,LOW,0,Transaction narration pattern is rarely seen,NORMAL
btx_cc26eaff2800,bac_eb0ff218,2025-12-02,2025-12-02,96182.94,0.0,96182.94,1444848.95,IMPS-294759314160-VASANTHA GARMENTS & CO-UTIB-XXXXXXXX4832-VG/25-26/0173,VASANTHA GARMENTS,294759314160,,-96182.94,1,0,1,2,12,631,116974.839207607,38044.38,203932.55657779044,2196000.0,-0.1019547813086719,2.5281773549733235,3,4,1,1,0,5.820766091346741e-11,0,-0.1738218418906281,26.19760479041916,LOW,0,Transaction narration pattern is rarely seen,NORMAL
btx_3e371d0c21e4,bac_eb0ff218,2026-02-03,2026-02-03,115475.48,0.0,115475.48,1093460.96,"NEFT DR-HDFC0133880-GOMATHIHEALTHCARESUPP-NETBANK, MUM-BILL PMT-HDFCN26020384742998",GOMATHI HEALTHCARE S,HDFCN26020384742998,,-115475.48,1,0,1,3,2,631,116974.839207607,38044.38,203932.55657779044,2196000.0,-0.0073522307216065,3.035283529393829,1,11,1,1,0,1.4551915228366852e-11,0,-0.1739722795662694,26.122754491017965,LOW,0,Transaction narration pattern is rarely seen,NORMAL
btx_c6be55e03498,bac_eb0ff218,2026-08-26,2026-08-26,184182.0,0.0,184182.0,1097740.51,IMPS- 030384854152-srinivasa computer s-UTIB-XXXXXXXX3001-BILL PMT,SRINIVASA COMPUTER S,030384854152,,-184182.0,1,0,2,26,8,631,116974.839207607,38044.38,203932.55657779044,2196000.0,0.3295558194346312,4.84124067733526,4,11,1,1,0,0.0,0,-0.1739819310562643,26.04790419161677,LOW,0,Transaction narration pattern is rarely seen,NORMAL
btx_46cd0aa1fcc7,bac_eb0ff218,2025-11-18,2025-11-18,39971.28,0.0,39971.28,2268472.68,"NEFT DR-UTIB0051527-DECCAN PRINT MEDIA-NETBANK, MUM-MARKETING CAMPAIGN-HDFCN251118140",,HDFCN25111814054832,,-39971.28,1,0,1,18,11,631,116974.839207607,38044.38,203932.55657779044,2196000.0,-0.3775932617126478,1.0506487423372388,3,404,1,1,0,2.0372681319713595e-10,0,-0.174051903208667,25.97305389221557,LOW,0,Transaction narration pattern is rarely seen,NORMAL
btx_4afc6387669c,bac_eb0ff218,2026-05-23,2026-05-23,176904.68,0.0,176904.68,1175796.1,"NEFT DR-KKBK0000961-MEHTA SOLAR ENERGY-NETBANK, MUM-MSE/26-27/0250-HDFCN2605235917501",MEHTA SOLAR ENERGY,HDFCN26052359175016,,-176904.68,1,0,5,23,5,631,116974.839207607,38044.38,203932.55657779044,2196000.0,0.2938708845614489,4.649955657051055,2,4,1,1,0,5.820766091346741e-11,0,-0.17410496845296,25.89820359281437,LOW,0,Transaction narration pattern is rarely seen,NORMAL
btx_f31f311dde97,bac_eb0ff218,2025-11-03,2025-11-03,95405.04,0.0,95405.04,1331812.44,"NEFT DR-YESB0731473-KAMATH VALUERS-NETBANK, MUM-LEGAL AND ADVISORY-HDFCN2511033496595",KAMATH VALUERS,HDFCN25110334965954,,-95405.04,1,0,0,3,11,631,116974.839207607,38044.38,203932.55657779044,2196000.0,-0.1057692776944085,2.5077301824868745,2,7,1,1,0,-4.365574568510056e-11,0,-0.1743989119399941,25.823353293413177,LOW,0,Transaction narration pattern is rarely seen,NORMAL
btx_6c75996d6c7e,bac_eb0ff218,2025-10-05,2025-10-05,127003.0,0.0,127003.0,2988024.05,TAX PAYMENT-ITNS281-051030805102518543,CBDT,051030805102518543,,-127003.0,1,0,6,5,10,631,116974.839207607,38044.38,203932.55657779044,2196000.0,0.0491739080835175,3.338285444525578,3,17,1,1,0,0.0,0,-0.1744669525278445,25.74850299401197,LOW,0,Transaction narration pattern is rarely seen,NORMAL
btx_077a378f8529,bac_eb0ff218,2026-01-25,2026-01-25,11673.74,0.0,11673.74,1328103.58,UPI-M/S OFFICE MART-msoffice@ybl-UTIB0557967-439071204945-OFFICE SUPPLIES PU,OFFICE MART,439071204945,,-11673.74,1,0,6,25,1,631,116974.839207607,38044.38,203932.55657779044,2196000.0,-0.516352567607025,0.3068453211749015,1,5,1,1,0,9.094947017729282e-12,0,-0.174575655822054,25.673652694610777,LOW,0,Transaction narration pattern is rarely seen,NORMAL
btx_dc0a4f789e86,bac_eb0ff218,2026-02-01,2026-02-01,5511.45,0.0,5511.45,1327814.76,POS 416021XXXXXX3141 Cafe Nirvana,CAFE NIRVANA,200587152009,,-5511.45,1,0,6,1,2,631,116974.839207607,38044.38,203932.55657779044,2196000.0,-0.5465698615173742,0.1448689661915899,2,10,1,1,0,4.638422979041934e-11,0,-0.174632458305661,25.59880239520958,LOW,0,Transaction narration pattern is rarely seen,NORMAL
btx_69cf75dd00fc,bac_eb0ff218,2026-01-29,2026-01-29,121818.0,0.0,121818.0,1459148.18,"NEFT DR-HDFC0133880-GOMATHI HEALTHCARE SUPPLIES-NETBANK, MUM-VENDOR PMT-HDFCN26012992",GOMATHI HEALTHCARE S,HDFCN26012992986904,,-121818.0,1,0,3,29,1,631,116974.839207607,38044.38,203932.55657779044,2196000.0,0.0237488357605401,3.2019972463738404,3,11,1,1,0,0.0,0,-0.1748158963597663,25.523952095808383,LOW,0,Transaction narration pattern is rarely seen,NORMAL
btx_951bc17be0aa,bac_eb0ff218,2026-01-02,2026-01-02,101451.68,0.0,101451.68,1319356.07,"NEFT DR-HDFC0015840-BANERJEE WAREHOUSING-NETBANK, MUM-BWP/25-26/0169-HDFCN26010219133",BANERJEE WAREHOUSING,HDFCN26010219133439,,-101451.68,1,0,4,2,1,631,116974.839207607,38044.38,203932.55657779044,2196000.0,-0.0761190830346191,2.6666666666666665,3,10,1,1,0,5.820766091346741e-11,0,-0.1750306954099343,25.449101796407188,LOW,0,Transaction narration pattern is rarely seen,NORMAL
btx_7fb634a3081f,bac_eb0ff218,2026-06-29,2026-06-29,5751.08,0.0,5751.08,3394020.88,"NEFT DR- HDFC0335006-supreme educational soci-NETBANK, MUM-BILL PMT-HDFCN260629070553",SUPREME EDUCATIONAL ,HDFCN26062907055350,,-5751.08,1,0,0,29,6,631,116974.839207607,38044.38,203932.55657779044,2196000.0,-0.5453948161787521,0.1511676626087743,6,16,1,1,0,-7.457856554538012e-11,0,-0.1751883228073332,25.37425149700599,LOW,0,Elevated transaction activity for this account on the same day; Transaction narration pattern is rarely seen,NORMAL
btx_cba33a70f93d,bac_eb0ff218,2026-06-15,2026-06-15,5.9,0.0,5.9,690066.8,CHRG: IMPS OUTWARD-043205453235,,043205453235,,-5.9,1,0,0,15,6,631,116974.839207607,38044.38,203932.55657779044,2196000.0,-0.5735667770289977,0.0001550820383983,4,404,1,1,0,9.313261273291572e-11,0,-0.1757394542260484,25.299401197604794,LOW,0,Transaction narration pattern is rarely seen,NORMAL
btx_305701f65f21,bac_eb0ff218,2026-04-25,2026-04-25,37992.15,0.0,37992.15,1421584.25,"NEFT DR-HDFC0192081-Bharat Transport Services-NETBANK, MUM-PAYMENT-HDFCN2604254365243",,HDFCN26042543652433,,-37992.15,1,0,5,25,4,631,116974.839207607,38044.38,203932.55657779044,2196000.0,-0.3872980878238482,0.9986271296838062,2,404,1,1,0,9.458744898438454e-11,0,-0.1758571411657773,25.22455089820359,LOW,0,Transaction narration pattern is rarely seen,NORMAL
btx_e034297f5e0b,bac_eb0ff218,2026-09-04,2026-09-04,5.9,0.0,5.9,1286354.16,CHRG: IMPS OUTWARD-287335141950,,287335141950,,-5.9,1,0,4,4,9,631,116974.839207607,38044.38,203932.55657779044,2196000.0,-0.5735667770289977,0.0001550820383983,3,404,1,1,0,-1.396980309209539e-10,0,-0.175963779179663,25.149700598802397,LOW,0,Transaction narration pattern is rarely seen,NORMAL
btx_57d038542366,bac_eb0ff218,2026-01-12,2026-01-12,45100.0,0.0,45100.0,971741.81,"NEFT DR-UTIB0034035-City Power Distribution-NETBANK, MUM-ELECTRICITY CHARGE-HDFCN2601",CITY POWER DISTRIBUT,HDFCN26011205287005,,-45100.0,1,0,0,12,1,631,116974.839207607,38044.38,203932.55657779044,2196000.0,-0.3524441629808637,1.185457615553204,1,11,1,1,0,0.0,0,-0.1760113928050106,25.0748502994012,LOW,0,Transaction narration pattern is rarely seen,NORMAL
btx_51810c159fc8,bac_eb0ff218,2026-07-14,2026-07-14,185014.0,0.0,185014.0,1961329.96,EPFO-ECR-TRRN 3181552988225,EPFO,3181552988225,,-185014.0,1,0,1,14,7,631,116974.839207607,38044.38,203932.55657779044,2196000.0,0.3336355996029469,4.863109873258547,4,12,1,1,0,0.0,0,-0.1760760276221352,25.0,LOW,0,Transaction narration pattern is rarely seen,NORMAL
btx_25240ba760e9,bac_eb0ff218,2026-07-06,2026-07-06,139281.12,0.0,139281.12,1043138.29,"NEFT DR-ICIC0055422-M/S BANJARA ESTATES-NETBANK, MUM-HEAD OFFICE RENT-HDFCN2607068401",BANJARA ESTATES,HDFCN26070684016201,,-139281.12,1,0,0,6,7,631,116974.839207607,38044.38,203932.55657779044,2196000.0,0.1093806754876053,3.6610169491525424,4,11,1,1,0,1.1641532182693479e-10,0,-0.1760882580470836,24.9251497005988,LOW,0,Transaction narration pattern is rarely seen,NORMAL
btx_4cac719bf777,bac_eb0ff218,2026-07-04,2026-07-04,166119.54,0.0,166119.54,1800063.23,TAX PAYMENT-ITNS281-051030804072655021,CBDT,051030804072655021,,-166119.54,1,0,5,4,7,631,116974.839207607,38044.38,203932.55657779044,2196000.0,0.2409850669117988,4.366467267964414,3,17,1,1,0,-2.9103830456733704e-11,0,-0.1762569953944679,24.850299401197603,LOW,0,Transaction narration pattern is rarely seen,NORMAL
btx_f285d85b9b94,bac_eb0ff218,2026-06-06,2026-06-06,72776.38,0.0,72776.38,825305.98,UPI-JANATA CATERERS LLP-janatacat@ybl-UTIB0352502-447326321227-GED/26-27/0039,JANATA CATERERS,447326321227,,-72776.38,1,0,5,6,6,631,116974.839207607,38044.38,203932.55657779044,2196000.0,-0.2167307660400334,1.912933789432237,6,13,1,1,0,0.0,0,-0.1763479303953734,24.775449101796408,LOW,0,Elevated transaction activity for this account on the same day; Transaction narration pattern is rarely seen,NORMAL
btx_54ff210ef427,bac_eb0ff218,2026-03-12,2026-03-12,94479.68,0.0,94479.68,1107323.34,"NEFT DR-HDFC0113842-BRANDWAVE EVENTS-NETBANK, MUM-MARKETING CAMPAIGN-HDFCN26031220424",,HDFCN26031220424019,,-94479.68,1,0,3,12,3,631,116974.839207607,38044.38,203932.55657779044,2196000.0,-0.1103068562719958,2.483407010444118,2,404,1,1,0,5.820766091346741e-11,0,-0.176605087514282,24.70059880239521,LOW,0,Transaction narration pattern is rarely seen,NORMAL
btx_eb2bf26496a3,bac_eb0ff218,2026-09-24,2026-09-24,15425.55,0.0,15425.55,1377219.1,POS 416021XXXXXX0537 skyline travels,,001754079120,,-15425.55,1,0,3,24,9,631,116974.839207607,38044.38,203932.55657779044,2196000.0,-0.4979552598747068,0.4054619893923886,1,404,1,1,0,1.8553691916167736e-10,0,-0.1766060988462158,24.62574850299401,LOW,0,Transaction narration pattern is rarely seen,NORMAL
btx_e0e691cc71f8,bac_eb0ff218,2026-03-30,2026-03-30,1528.8,0.0,1528.8,749035.23,UPI-Spice Route Kitchen-spicerout@okicici-SBIN0384002-085252213301-TEAM AND CLIENT ME,SPICE ROUTE KITCHEN,085252213301,,-1528.8,1,0,0,30,3,631,116974.839207607,38044.38,203932.55657779044,2196000.0,-0.5660991121031226,0.0401846475090407,3,4,1,1,0,-4.6611603465862566e-11,0,-0.176618880686575,24.55089820359281,LOW,0,Transaction narration pattern is rarely seen,NORMAL
btx_e3add534475f,bac_eb0ff218,2025-10-08,2025-10-08,14071.05,0.0,14071.05,2519228.88,UPI-Redline Tours and Travels-redlineto@okhdfcbank-YESB0221736-325438202725-CLIENT VI,,325438202725,,-14071.05,1,0,2,8,10,631,116974.839207607,38044.38,203932.55657779044,2196000.0,-0.5045971616030526,0.3698588332889115,3,404,1,1,0,-2.801243681460619e-10,0,-0.1768199242774847,24.476047904191617,LOW,0,Transaction narration pattern is rarely seen,NORMAL
btx_191b249e1232,bac_eb0ff218,2026-03-01,2026-03-01,26631.42,0.0,26631.42,1045406.0,"NEFT DR-SBIN0695480-BHAGYA FACILITY SE-NETBANK, MUM-VENDOR PMT-HDFCN26030188303220",BHAGYA FACILITY SERV,HDFCN26030188303220,,-26631.42,1,0,6,1,3,631,116974.839207607,38044.38,203932.55657779044,2196000.0,-0.4430063581983552,0.700009304922304,3,18,1,1,0,7.275957614183426e-11,0,-0.1768878048892141,24.40119760479042,LOW,0,Transaction narration pattern is rarely seen,NORMAL
btx_08ea504d96bf,bac_eb0ff218,2026-06-01,2026-06-01,10834.76,0.0,10834.76,1629892.18,UPI-Paper Point-paperpoin@okicici-HDFC0232533-254045945504-OFFICE SUPPLIES PU,PAPER POINT,254045945504,,-10834.76,1,0,0,1,6,631,116974.839207607,38044.38,203932.55657779044,2196000.0,-0.5204665747772336,0.2847926553146614,5,8,1,1,0,-9.094947017729282e-12,0,-0.1771359773278025,24.32634730538922,LOW,0,Elevated transaction activity for this account on the same day; Transaction narration pattern is rarely seen,NORMAL
btx_345dc17f9b8d,bac_eb0ff218,2025-10-08,2025-10-08,16137.54,0.0,16137.54,2538796.68,"NEFT DR-ICIC0288312-Om Sai Steel and Pipes-NETBANK, MUM-VENDOR PMT-HDFCN2510080669204",,HDFCN25100806692046,,-16137.54,1,0,2,8,10,631,116974.839207607,38044.38,203932.55657779044,2196000.0,-0.494463958574179,0.4241767115142894,3,404,1,1,0,-3.637978807091713e-11,0,-0.1774155016508812,24.251497005988025,LOW,0,Transaction narration pattern is rarely seen,NORMAL
btx_f974806640bf,bac_eb0ff218,2026-09-05,2026-09-05,153259.3,0.0,153259.3,1133094.86,TAX PAYMENT-ITNS281-051030805092649252,CBDT,051030805092649252,,-153259.3,1,0,5,5,9,631,116974.839207607,38044.38,203932.55657779044,2196000.0,0.1779238263928311,4.028434686016699,1,17,1,1,0,1.7462298274040222e-10,0,-0.1776586230204195,24.176646706586823,LOW,0,Transaction narration pattern is rarely seen,NORMAL
btx_1c9a6c4f5942,bac_eb0ff218,2026-05-28,2026-05-28,26997.22,0.0,26997.22,1186793.36,"NEFT DR-KKBK0311215-M/S NAVARATNA MACHINERY-NETBANK, MUM-NMM/26-27/0184-HDFCN26052848",,HDFCN26052848031021,,-26997.22,1,0,3,28,5,631,116974.839207607,38044.38,203932.55657779044,2196000.0,-0.4412126279272376,0.7096243913029994,4,404,1,1,0,2.9103830456733704e-11,0,-0.1776787563041593,24.10179640718563,LOW,0,Transaction narration pattern is rarely seen,NORMAL
btx_74936803cd14,bac_eb0ff218,2025-11-19,2025-11-19,29.5,0.0,29.5,1302153.74,CHRG: RTGS OUTWARD-HDFCR25111991243414,,HDFCR25111991243414,,-29.5,1,0,2,19,11,631,116974.839207607,38044.38,203932.55657779044,2196000.0,-0.5734510524953772,0.0007754101919915,3,404,1,1,0,0.0,0,-0.17783098639486,24.02694610778443,LOW,0,Transaction narration pattern is rarely seen,NORMAL
btx_f3e023594b9c,bac_eb0ff218,2026-07-20,2026-07-20,29.5,0.0,29.5,752619.89,CHRG: RTGS OUTWARD-HDFCR26072001582739,,HDFCR26072001582739,,-29.5,1,0,0,20,7,631,116974.839207607,38044.38,203932.55657779044,2196000.0,-0.5734510524953772,0.0007754101919915,3,404,1,1,0,0.0,0,-0.1780208744949095,23.952095808383238,LOW,0,Transaction narration pattern is rarely seen,NORMAL
btx_a40a6a1bc848,bac_eb0ff218,2026-01-03,2026-01-03,14446.95,0.0,14446.95,1304909.12,POS 416021XXXXXX8511 REDLINE TOURS AND TR,REDLINE TOURS AND TR,651006933021,,-14446.95,1,0,5,3,1,631,116974.839207607,38044.38,203932.55657779044,2196000.0,-0.5027539051544109,0.3797393990912718,1,17,1,1,0,4.729372449219227e-11,0,-0.1780822134427837,23.877245508982035,LOW,0,Transaction narration pattern is rarely seen,NORMAL
btx_0f2a1436d787,bac_eb0ff218,2026-08-25,2026-08-25,150911.0,0.0,150911.0,1319187.28,"NEFT DR-KKBK0000961-Tirumala Agro Commodities-NETBANK, MUM-TAC/26-27/0146-HDFCN260825",TIRUMALA AGRO COMMOD,HDFCN26082563832590,,-150911.0,1,0,1,25,8,631,116974.839207607,38044.38,203932.55657779044,2196000.0,0.1664087449393986,3.966709406225046,5,12,1,1,0,0.0,0,-0.1780949460397409,23.80239520958084,LOW,0,Elevated transaction activity for this account on the same day; Transaction narration pattern is rarely seen,NORMAL
btx_f8e350656447,bac_eb0ff218,2025-11-13,2025-11-13,178294.0,0.0,178294.0,1624515.62,EPFO-ECR-TRRN 3520013037222,EPFO,3520013037222,,-178294.0,1,0,3,13,11,631,116974.839207607,38044.38,203932.55657779044,2196000.0,0.3006835290127043,4.686474060031995,2,12,1,1,0,0.0,0,-0.1782634096082824,23.72754491017964,LOW,0,Transaction narration pattern is rarely seen,NORMAL
btx_2c5ac602c9f0,bac_eb0ff218,2026-01-30,2026-01-30,1591.8,0.0,1591.8,1392880.58,POS 416021XXXXXX0221 HYDERABAD HOUSE CATE,HYDERABAD HOUSE CATE,041923283447,,-1591.8,1,0,4,30,1,631,116974.839207607,38044.38,203932.55657779044,2196000.0,-0.565790186441339,0.0418406082580396,2,10,1,1,0,1.8621904018800703e-10,0,-0.1785316010033503,23.652694610778443,LOW,0,Transaction narration pattern is rarely seen,NORMAL
btx_a7024776ea91,bac_eb0ff218,2025-12-02,2025-12-02,73650.01,0.0,73650.01,1371193.04,UPI- PRAGATI TEXTILE MIL-pragatite@okhdfcbank-KKBK0356604-312080069221-PTM/25-26/0261,PRAGATI TEXTILE MILL,312080069221,,-73650.01,1,0,1,2,12,631,116974.839207607,38044.38,203932.55657779044,2196000.0,-0.2124468497558439,1.9358972337044265,3,7,1,1,0,-1.4551915228366852e-11,0,-0.1785814839509405,23.57784431137725,LOW,0,Transaction narration pattern is rarely seen,NORMAL
btx_75e8b780896f,bac_eb0ff218,2026-02-18,2026-02-18,5.9,0.0,5.9,818998.12,CHRG: IMPS OUTWARD-372943531135,,372943531135,,-5.9,1,0,2,18,2,631,116974.839207607,38044.38,203932.55657779044,2196000.0,-0.5735667770289977,0.0001550820383983,2,404,1,1,0,-2.3282709094019083e-11,0,-0.1787302746250641,23.50299401197605,LOW,0,Transaction narration pattern is rarely seen,NORMAL
btx_be3fe7a571e2,bac_eb0ff218,2026-01-27,2026-01-27,45137.4,0.0,45137.4,1282966.18,"NEFT DR-UTIB0352502-Janata Caterers-NETBANK, MUM-VENDOR PMT-HDFCN26012742437208",JANATA CATERERS,HDFCN26012742437208,,-45137.4,1,0,1,27,1,631,116974.839207607,38044.38,203932.55657779044,2196000.0,-0.3522607690165668,1.186440677966102,1,13,1,1,0,-1.382431946694851e-10,0,-0.1787530811323361,23.42814371257485,LOW,0,Transaction narration pattern is rarely seen,NORMAL
btx_3ef11578f1f7,bac_eb0ff218,2026-06-12,2026-06-12,185908.0,0.0,185908.0,1224039.08,EPFO-ECR-TRRN 6721095396544,EPFO,6721095396544,,-185908.0,1,0,4,12,6,631,116974.839207607,38044.38,203932.55657779044,2196000.0,0.3380194018511131,4.88660874483958,4,12,1,1,0,0.0,0,-0.1787706073422205,23.35329341317365,LOW,0,Transaction narration pattern is rarely seen,NORMAL
btx_6ff9ccf7ae43,bac_eb0ff218,2025-12-18,2025-12-18,151659.19,0.0,151659.19,1077117.82,"NEFT DR-KKBK0062908-annapurna office furn-NETBANK, MUM-PAYMENT-HDFCN25121810318644",ANNAPURNA OFFICE FUR,HDFCN25121810318644,,-151659.19,1,0,3,18,12,631,116974.839207607,38044.38,203932.55657779044,2196000.0,0.1700775559059036,3.98637564865034,3,4,1,1,0,5.820766091346741e-11,0,-0.1787888841717593,23.27844311377245,LOW,0,Transaction narration pattern is rarely seen,NORMAL
btx_2bb34d0391cf,bac_eb0ff218,2025-10-06,2025-10-06,125280.13,0.0,125280.13,2850879.02,"NEFT DR-HDFC0643153-TIRUMALA AGRO COMMODITIES-NETBANK, MUM-PAYMENT-HDFCN2510060545283",TIRUMALA AGRO COMMOD,HDFCN25100605452830,,-125280.13,1,0,0,6,10,631,116974.839207607,38044.38,203932.55657779044,2196000.0,0.0407256738784861,3.292999649356883,2,12,1,1,0,1.1641532182693479e-10,0,-0.1788539769298135,23.20359281437126,LOW,0,Transaction narration pattern is rarely seen,NORMAL
btx_bb98d4371d87,bac_eb0ff218,2026-04-12,2026-04-12,5481.0,0.0,5481.0,1169020.72,UPI-BANK CHARGES-bankcharg@okhdfcbank-SBIN0367433-158645331252-MISCELLANEOUS EXPE,BANK CHARGES,158645331252,,-5481.0,1,0,6,12,4,631,116974.839207607,38044.38,203932.55657779044,2196000.0,-0.5467191755872362,0.1440685851629071,5,4,1,1,0,0.0,0,-0.1791541426288747,23.12874251497006,LOW,0,Elevated transaction activity for this account on the same day; Transaction narration pattern is rarely seen,NORMAL
btx_1b40fe90e3d2,bac_eb0ff218,2026-02-10,2026-02-10,104789.78,0.0,104789.78,2570387.93,"NEFT DR-UTIBO053531-vasantha garments & c-NETBANK, MUM-PAYMENT-HDFCN26021013414623",VASANTHA GARMENTS,HDFCN26021013414623,,-104789.78,1,0,1,10,2,631,116974.839207607,38044.38,203932.55657779044,2196000.0,-0.059750436183832,2.7544089297814818,4,4,1,1,0,2.0372681319713595e-10,0,-0.1794149745238006,23.053892215568865,LOW,0,Transaction narration pattern is rarely seen,NORMAL
btx_d626454ac15e,bac_eb0ff218,2026-09-25,2026-09-25,183666.07,0.0,183666.07,1193553.03,IMPS-260196324483-SRINIVASA COMPUTER SYSTEMS-UTIB-XXXXXXXX3001-SCS/26-27/0225,SRINIVASA COMPUTER S,260196324483,,-183666.07,1,0,4,25,9,631,116974.839207607,38044.38,203932.55657779044,2196000.0,0.3270259144079014,4.827679410204609,2,11,1,1,0,-5.820766091346741e-11,0,-0.1794872613016302,22.979041916167663,LOW,0,Transaction narration pattern is rarely seen,NORMAL
btx_2b97b701c9ba,bac_eb0ff218,2026-08-05,2026-08-05,174080.18,0.0,174080.18,914971.8,TAX PAYMENT-ITNS281-051030805082626350,CBDT,051030805082626350,,-174080.18,1,0,2,5,8,631,116974.839207607,38044.38,203932.55657779044,2196000.0,0.2800207173914876,4.57571341680427,3,17,1,1,0,5.820766091346741e-11,0,-0.1795246896366528,22.904191616766468,LOW,0,Transaction narration pattern is rarely seen,NORMAL
btx_cea70f53dd63,bac_eb0ff218,2026-02-13,2026-02-13,179840.0,0.0,179840.0,2242727.9,EPFO-ECR-TRRN 4401178145445,EPFO,4401178145445,,-179840.0,1,0,4,13,2,631,116974.839207607,38044.38,203932.55657779044,2196000.0,0.3082644666812333,4.727110811110603,2,12,1,1,0,0.0,0,-0.1795366434286336,22.82934131736527,LOW,0,Transaction narration pattern is rarely seen,NORMAL
btx_4b83bbdd730e,bac_eb0ff218,2025-11-08,2025-11-08,139281.12,0.0,139281.12,909374.3,"NEFT DR-ICIC0055422-Banjara Estates-NETBANK, MUM-HEAD OFFICE RENT-HDFCN25110873169616",BANJARA ESTATES,HDFCN25110873169616,,-139281.12,1,0,5,8,11,631,116974.839207607,38044.38,203932.55657779044,2196000.0,0.1093806754876053,3.6610169491525424,3,11,1,1,0,1.1641532182693479e-10,0,-0.1795949317306452,22.75449101796407,LOW,0,Transaction narration pattern is rarely seen,NORMAL
btx_17ba2a22a7c1,bac_eb0ff218,2026-06-06,2026-06-06,19166.7,0.0,19166.7,1104156.2,UPI-Redline Tours and Travel-redlineto@okicici-YESB0221736-147633591432-CLIENT VISIT ,REDLINE TOURS AND TR,147633591432,,-19166.7,1,0,5,6,6,631,116974.839207607,38044.38,203932.55657779044,2196000.0,-0.4796102243257952,0.5037984585371086,6,17,1,1,0,4.729372449219227e-11,0,-0.1796855288730524,22.679640718562872,LOW,0,Elevated transaction activity for this account on the same day; Transaction narration pattern is rarely seen,NORMAL
btx_ce4854d2bce2,bac_eb0ff218,2026-07-25,2026-07-25,39863.25,0.0,39863.25,1365519.71,"NEFT DR-HDFC0192081-Bharat Transport Services-NETBANK, MUM-BTS/26-27/0027-HDFCN260725",,HDFCN26072546421940,,-39863.25,1,0,5,25,7,631,116974.839207607,38044.38,203932.55657779044,2196000.0,-0.3781229956688776,1.0478091639290743,3,404,1,1,0,0.0,0,-0.1797083730620028,22.60479041916168,LOW,0,Transaction narration pattern is rarely seen,NORMAL
btx_25aca278e22d,bac_eb0ff218,2025-12-15,2025-12-15,58033.8,0.0,58033.8,1347800.68,"NEFT DR-HDFC0412283-Rao and Associates Charter-NETBANK, MUM-MONTHLY ACCOUNTING-HDFCN2",RAO AND ASSOCIATES C,HDFCN25121570291029,,-58033.8,1,0,0,15,12,631,116974.839207607,38044.38,203932.55657779044,2196000.0,-0.2890222149748994,1.5254237288135597,4,11,1,1,0,-4.365574568510056e-11,0,-0.1797786441545202,22.52994011976048,LOW,0,Transaction narration pattern is rarely seen,NORMAL
btx_88eeeec1bb51,bac_eb0ff218,2026-05-18,2026-05-18,135490.67,0.0,135490.67,1548899.06,"NEFT DR-SBIN0493140-SAMBHAV INDUSTRIAL-NETBANK, MUM-PAYMENT-HDFCN26051853640680",SAMBHAV INDUSTRIAL S,HDFCN26051853640680,,-135490.67,1,0,0,18,5,631,116974.839207607,38044.38,203932.55657779044,2196000.0,0.0907938933493933,3.561384625009003,1,8,1,1,0,8.731149137020111e-11,0,-0.1798385334434658,22.45508982035928,LOW,0,Transaction narration pattern is rarely seen,NORMAL
btx_cf1f87050e0f,bac_eb0ff218,2026-07-30,2026-07-30,5.9,0.0,5.9,681034.19,CHRG: IMPS OUTWARD-143005577144,,143005577144,,-5.9,1,0,3,30,7,631,116974.839207607,38044.38,203932.55657779044,2196000.0,-0.5735667770289977,0.0001550820383983,3,404,1,1,0,-2.3282709094019083e-11,0,-0.1799740613135824,22.380239520958085,LOW,0,Transaction narration pattern is rarely seen,NORMAL
btx_68c61dffb340,bac_eb0ff218,2026-06-06,2026-06-06,22355.55,0.0,22355.55,780120.28,UPI-MetroCabsHyderabad-metrocabsh@okhdfcbank-UTIB0252131-493793416583-CLIENT VISIT TR,METRO CABS HYDERABAD,493793416583,,-22355.55,1,0,5,6,6,631,116974.839207607,38044.38,203932.55657779044,2196000.0,-0.463973437078519,0.5876176717822712,6,17,1,1,0,6.912159733474255e-11,0,-0.1801642101614101,22.267964071856287,LOW,0,Elevated transaction activity for this account on the same day; Transaction narration pattern is rarely seen,NORMAL
btx_ff5646a5a4bb,bac_eb0ff218,2026-06-06,2026-06-06,22830.15,0.0,22830.15,802475.83,POS 416021XXXXXX5213 METRO CABS HYDERABAD,METRO CABS HYDERABAD,195300458432,,-22830.15,1,0,5,6,6,631,116974.839207607,38044.38,203932.55657779044,2196000.0,-0.4616461970930831,0.6000925760913965,6,17,1,1,0,-2.182787284255028e-11,0,-0.1801642101614101,22.267964071856287,LOW,0,Elevated transaction activity for this account on the same day; Transaction narration pattern is rarely seen,NORMAL
btx_a26085c610d8,bac_eb0ff218,2025-11-09,2025-11-09,92806.96,0.0,92806.96,1889935.92,"NEFT DR-UTIB0051527-DECCAN PRINT MEDIA-NETBANK, MUM-MARKETING CAMPAIGN-HDFCN251109811",DECCAN PRINT MEDIA,HDFCN25110981125307,,-92806.96,1,0,6,9,11,631,116974.839207607,38044.38,203932.55657779044,2196000.0,-0.1185091758430837,2.439439412601809,3,8,1,1,0,4.365574568510056e-11,0,-0.1805188221575579,22.15568862275449,LOW,0,Transaction narration pattern is rarely seen,NORMAL
btx_8088b33dc8a1,bac_eb0ff218,2026-03-30,2026-03-30,2376.15,0.0,2376.15,1002564.03,POS 416021XXXXXX2466 Hyderabad House Cate,HYDERABAD HOUSE CATE,045946905847,,-2376.15,1,0,0,30,3,631,116974.839207607,38044.38,203932.55657779044,2196000.0,-0.5619440619521342,0.0624573195830764,3,10,1,1,0,-2.319211489520967e-11,0,-0.1807116099530211,22.08083832335329,LOW,0,Transaction narration pattern is rarely seen,NORMAL
btx_64ec3c82929d,bac_eb0ff218,2026-01-29,2026-01-29,64675.8,0.0,64675.8,1394472.38,"NEFT DR-SBIN0695480-BHAGYA FACILITY SERVIC-NETBANK, MUM-VENDOR PMT-HDFCN2601293931352",BHAGYA FACILITY SERV,HDFCN26012939313523,,-64675.8,1,0,3,29,1,631,116974.839207607,38044.38,203932.55657779044,2196000.0,-0.2564526237754364,1.7000093049223042,3,18,1,1,0,-4.365574568510056e-11,0,-0.1807784406889117,22.005988023952096,LOW,0,Transaction narration pattern is rarely seen,NORMAL
btx_ca51fa88084a,bac_eb0ff218,2026-09-25,2026-09-25,5.9,0.0,5.9,1193547.13,CHRG: IMPS OUTWARD- 260196324483,,260196324483,,-5.9,1,0,4,25,9,631,116974.839207607,38044.38,203932.55657779044,2196000.0,-0.5735667770289977,0.0001550820383983,2,404,1,1,0,-1.396980309209539e-10,0,-0.1807934035831249,21.931137724550897,LOW,0,Transaction narration pattern is rarely seen,NORMAL
btx_1d15c98012ea,bac_eb0ff218,2026-05-26,2026-05-26,5.9,0.0,5.9,1478293.92,CHRG: IMPS OUTWARD- 380211080083,,380211080083,,-5.9,1,0,1,26,5,631,116974.839207607,38044.38,203932.55657779044,2196000.0,-0.5735667770289977,0.0001550820383983,4,404,1,1,0,-1.396980309209539e-10,0,-0.1808643342353748,21.856287425149706,LOW,0,Transaction narration pattern is rarely seen,NORMAL
btx_b0ff6b0ad253,bac_eb0ff218,2026-07-07,2026-07-07,144155.16,0.0,144155.16,1798983.13,"NEFT DR- UTIB0123844-MENON LEGAL LLP-NETBANK, MUM-LEGAL AND ADVISORY-HDFCN26070742791",MENON LEGAL,HDFCN26070742791438,,-144155.16,1,0,1,7,7,631,116974.839207607,38044.38,203932.55657779044,2196000.0,0.1332809299726747,3.789131535327952,4,2,1,1,0,-1.4551915228366852e-10,0,-0.1809575703163748,21.781437125748504,LOW,0,Counterparty is rarely seen in the dataset; Transaction narration pattern is rarely seen,NORMAL
btx_d5d2bae376dc,bac_eb0ff218,2026-05-01,2026-05-01,101451.68,0.0,101451.68,1277485.73,"NEFT DR-HDFC0015840-Banerjee Warehousin-NETBANK, MUM-BWP/26-27/0167-HDFCN260501111440",BANERJEE WAREHOUSING,HDFCN26050111144087,,-101451.68,1,0,4,1,5,631,116974.839207607,38044.38,203932.55657779044,2196000.0,-0.0761190830346191,2.6666666666666665,4,10,1,1,0,5.820766091346741e-11,0,-0.1810243919051252,21.706586826347305,LOW,0,Transaction narration pattern is rarely seen,NORMAL
btx_42a5cdcb5db9,bac_eb0ff218,2026-04-12,2026-04-12,38044.38,0.0,38044.38,904666.34,"NEFT DR-SBIN0695480-BHAGYA FACILITY SERVICES-NETBANK, MUM-PAYMENT-HDFCN26041282044341",BHAGYA FACILITY SERV,HDFCN26041282044341,,-38044.38,1,0,6,12,4,631,116974.839207607,38044.38,203932.55657779044,2196000.0,-0.3870419737394839,1.0,5,18,1,1,0,-7.275957614183426e-12,0,-0.1810914719427295,21.631736526946103,LOW,0,Elevated transaction activity for this account on the same day; Transaction narration pattern is rarely seen,NORMAL
btx_044b133dc57e,bac_eb0ff218,2025-10-17,2025-10-17,29.5,0.0,29.5,1518028.07,CHRG: RTGS OUTWARD-HDFCR25101743030507,,HDFCR25101743030507,,-29.5,1,0,4,17,10,631,116974.839207607,38044.38,203932.55657779044,2196000.0,-0.5734510524953772,0.0007754101919915,3,404,1,1,0,0.0,0,-0.1811433914602288,21.55688622754491,LOW,0,Transaction narration pattern is rarely seen,NORMAL
btx_0ef16726b87e,bac_eb0ff218,2026-05-22,2026-05-22,5.9,0.0,5.9,1534833.08,CHRG: IMPS OUTWARD-397126203425,,397126203425,,-5.9,1,0,4,22,5,631,116974.839207607,38044.38,203932.55657779044,2196000.0,-0.5735667770289977,0.0001550820383983,4,404,1,1,0,9.313261273291572e-11,0,-0.1812687288865536,21.444610778443117,LOW,0,Transaction narration pattern is rarely seen,NORMAL
btx_829addfd6874,bac_eb0ff218,2026-05-22,2026-05-22,5.9,0.0,5.9,1489689.78,CHRG: IMPS OUTWARD- 221115102035,,221115102035,,-5.9,1,0,4,22,5,631,116974.839207607,38044.38,203932.55657779044,2196000.0,-0.5735667770289977,0.0001550820383983,4,404,1,1,0,9.313261273291572e-11,0,-0.1812687288865536,21.444610778443117,LOW,0,Transaction narration pattern is rarely seen,NORMAL
btx_0983619378fe,bac_eb0ff218,2025-11-15,2025-11-15,4409.0,0.0,4409.0,2334615.59,UPI-Local hardware store-localhard@oksbi-UTIB0402256-325669048478-MISCELLANEOUS EXPE,LOCAL HARDWARE STORE,325669048478,,-4409.0,1,0,5,15,11,631,116974.839207607,38044.38,203932.55657779044,2196000.0,-0.5519758154194891,0.1158909673386713,5,4,1,1,0,0.0,0,-0.1813731905331985,21.33233532934132,LOW,0,Elevated transaction activity for this account on the same day; Transaction narration pattern is rarely seen,NORMAL
btx_2a70b61e9723,bac_eb0ff218,2026-06-04,2026-06-04,158940.92,0.0,158940.92,1182185.9,TAX PAYMENT- ITNS281-051030804062649556,CBDT,051030804062649556,,-158940.92,1,0,3,4,6,631,116974.839207607,38044.38,203932.55657779044,2196000.0,0.2057841155754108,4.177776586186975,1,17,1,1,0,-1.4551915228366852e-10,0,-0.18141806278708,21.25748502994012,LOW,0,Transaction narration pattern is rarely seen,NORMAL
btx_275c65c382c7,bac_eb0ff218,2025-10-24,2025-10-24,155342.28,0.0,155342.28,1183629.95,"NEFT DR-KKBK0062908-ANNAPURNA OFFICE FURNI-NETBANK, MUM-VENDOR PMT-HDFCN2510242351245",ANNAPURNA OFFICE FUR,HDFCN25102423512453,,-155342.28,1,0,4,24,10,631,116974.839207607,38044.38,203932.55657779044,2196000.0,0.1881378894877811,4.083186005396855,2,4,1,1,0,-2.9103830456733704e-11,0,-0.1814425659747427,21.18263473053892,LOW,0,Transaction narration pattern is rarely seen,NORMAL
btx_bc15f8ed9acc,bac_eb0ff218,2026-04-12,2026-04-12,40402.0,0.0,40402.0,942710.72,"NEFT DR-UTIB0034035-CITY POWER DISTRIBUTION-NETBANK, MUM-ELECTRICITY CHARGE-HDFCN2604",CITY POWER DISTRIBUT,HDFCN26041230132339,,-40402.0,1,0,6,12,4,631,116974.839207607,38044.38,203932.55657779044,2196000.0,-0.3754811909024351,1.0619702568421407,5,11,1,1,0,0.0,0,-0.1814620392529167,21.107784431137723,LOW,0,Elevated transaction activity for this account on the same day; Transaction narration pattern is rarely seen,NORMAL
btx_5936656b4881,bac_eb0ff218,2025-10-19,2025-10-19,67661.69,0.0,67661.69,1116978.88,UPI-MEHTA SOLAR ENERGY-mehtasola@oksbi-KKBK0000961-909413041430-MSE/25-26/0250,MEHTA SOLAR ENERGY,909413041430,,-67661.69,1,0,6,19,10,631,116974.839207607,38044.38,203932.55657779044,2196000.0,-0.2418110675172965,1.7784936960465647,1,4,1,1,0,-1.7462298274040222e-10,0,-0.1814993250258613,21.03293413173653,LOW,0,Transaction narration pattern is rarely seen,NORMAL
btx_31b548383b83,bac_eb0ff218,2026-05-24,2026-05-24,87605.28,0.0,87605.28,1088190.82,"NEFT DR-YESB0731473-KAMATH VALUERS-NETBANK, MUM-LEGAL AND ADVISORY-HDFCN2605244254832",KAMATH VALUERS,HDFCN26052442548321,,-87605.28,1,0,6,24,5,631,116974.839207607,38044.38,203932.55657779044,2196000.0,-0.1440160399127047,2.302712779127956,1,7,1,1,0,-2.9103830456733704e-11,0,-0.1815332577071776,20.958083832335326,LOW,0,Transaction narration pattern is rarely seen,NORMAL
btx_9217548b674b,bac_eb0ff218,2026-04-07,2026-04-07,139281.12,0.0,139281.12,1234844.87,"NEFT DR-ICIC0055422-BanjaraEstates-NETBANK, MUM-HEAD OFFICE RENT-HDFCN26040737039118",BANJARA ESTATES,HDFCN26040737039118,,-139281.12,1,0,1,7,4,631,116974.839207607,38044.38,203932.55657779044,2196000.0,0.1093806754876053,3.6610169491525424,1,11,1,1,0,1.1641532182693479e-10,0,-0.1815449208178357,20.88323353293413,LOW,0,Transaction narration pattern is rarely seen,NORMAL
btx_b0f213af0e43,bac_eb0ff218,2025-12-24,2025-12-24,119802.48,0.0,119802.48,1046785.95,"NEFT DR-HDFC0113842-Brandwave Events-NETBANK, MUM-MARKETING CAMPAIGN-HDFCN25122443408",BRANDWAVE EVENTS,HDFCN25122443408136,,-119802.48,1,0,2,24,12,631,116974.839207607,38044.38,203932.55657779044,2196000.0,0.0138655683027952,3.1490191192496764,2,7,1,1,0,1.4551915228366852e-11,0,-0.1815758639507753,20.808383233532936,LOW,0,Transaction narration pattern is rarely seen,NORMAL
btx_f9127b56b6bf,bac_eb0ff218,2026-01-10,2026-01-10,101451.68,0.0,101451.68,1070235.49,"NEFT DR-HDFC0015840-Banerjee Warehousing-NETBANK, MUM-PAYMENT-HDFCN26011003461433",BANERJEE WAREHOUSING,HDFCN26011003461433,,-101451.68,1,0,5,10,1,631,116974.839207607,38044.38,203932.55657779044,2196000.0,-0.0761190830346191,2.6666666666666665,2,10,1,1,0,5.820766091346741e-11,0,-0.1817188536387268,20.733532934131738,LOW,0,Transaction narration pattern is rarely seen,NORMAL
btx_2e27cfad1e21,bac_eb0ff218,2025-10-25,2025-10-25,110144.17,0.0,110144.17,1064025.72,"NEFT DR-SBIN0430370-galaxy electrical distrib-NETBANK, MUM-GED/25-26/0039-HDFCN251025",GALAXY ELECTRICAL DI,HDFCN25102526023606,,-110144.17,1,0,5,25,10,631,116974.839207607,38044.38,203932.55657779044,2196000.0,-0.0334947461172116,2.895149559540726,1,5,1,1,0,7.275957614183426e-11,0,-0.1820766195428794,20.65868263473054,LOW,0,Transaction narration pattern is rarely seen,NORMAL
btx_653edaa2aa66,bac_eb0ff218,2025-09-29,2025-09-29,103110.0,0.0,103110.0,3170224.0,IMPS-827030282132-TIRUMALA AGRO COMMODITIES-HDFC-XXXXXXXX3543-BILL PMT,TIRUMALA AGRO COMMOD,827030282132,,-103110.0,1,0,0,29,9,631,116974.839207607,38044.38,203932.55657779044,2196000.0,-0.0679873750433674,2.7102557591949195,2,12,1,1,0,0.0,0,-0.1821480583586582,20.58383233532934,LOW,0,Transaction narration pattern is rarely seen,NORMAL
btx_5581eb3901a8,bac_eb0ff218,2025-12-27,2025-12-27,3199.35,0.0,3199.35,1601812.28,POS 416021XXXXXX6312 CAFE NIRVANA,CAFE NIRVANA,321155958843,,-3199.35,1,0,5,27,12,631,116974.839207607,38044.38,203932.55657779044,2196000.0,-0.5579074333048295,0.0840952067033291,4,10,1,1,0,1.3960743672214448e-10,0,-0.1822269938654497,20.508982035928145,LOW,0,Transaction narration pattern is rarely seen,NORMAL
btx_60b8ffa9c817,bac_eb0ff218,2026-07-14,2026-07-14,5.9,0.0,5.9,2146343.96,CHRG: IMPS OUTWARD-722942294815,,722942294815,,-5.9,1,0,1,14,7,631,116974.839207607,38044.38,203932.55657779044,2196000.0,-0.5735667770289977,0.0001550820383983,4,404,1,1,0,9.313261273291572e-11,0,-0.18254975136413,20.434131736526943,LOW,0,Transaction narration pattern is rarely seen,NORMAL
btx_8d4bff7edd8e,bac_eb0ff218,2026-08-21,2026-08-21,46500.3,0.0,46500.3,1852037.76,"NEFT DR- HDFC0192081-BHARAT TRANSPORT SERVIC-NETBANK, MUM-BTS/26-27/0028-HDFCN2608216",,HDFCN26082164016526,,-46500.3,1,0,4,21,8,631,116974.839207607,38044.38,203932.55657779044,2196000.0,-0.3455776771999832,1.222264628836112,3,404,1,1,0,-4.365574568510056e-11,0,-0.1826238192602113,20.35928143712575,LOW,0,Transaction narration pattern is rarely seen,NORMAL
btx_9dc6776e4759,bac_eb0ff218,2026-03-12,2026-03-12,5369.7,0.0,5369.7,1101953.64,UPI-Cafe Nirvana-cafenirva@okhdfcbank-YESB0705560-014616589120-TEAM AND CLIENT ME,,014616589120,,-5369.7,1,0,3,12,3,631,116974.839207607,38044.38,203932.55657779044,2196000.0,-0.547264944256387,0.1411430545063423,2,404,1,1,0,-1.864464138634503e-10,0,-0.1828307987185762,20.28443113772455,LOW,0,Transaction narration pattern is rarely seen,NORMAL
btx_640dd4d787de,bac_eb0ff218,2026-08-26,2026-08-26,5.9,0.0,5.9,1097734.61,CHRG: IMPS OUTWARD-030384854152,,030384854152,,-5.9,1,0,2,26,8,631,116974.839207607,38044.38,203932.55657779044,2196000.0,-0.5735667770289977,0.0001550820383983,4,404,1,1,0,9.313261273291572e-11,0,-0.182845800186537,20.209580838323355,LOW,0,Transaction narration pattern is rarely seen,NORMAL
btx_46af3e3f772a,bac_eb0ff218,2025-12-15,2025-12-15,12015.94,0.0,12015.94,1437614.48,POS 416021XXXXXX3051 Paper Point,PAPER POINT,422314902404,,-12015.94,1,0,0,15,12,631,116974.839207607,38044.38,203932.55657779044,2196000.0,-0.5146745618695278,0.3158400794020037,4,8,1,1,0,5.6388671509921544e-11,0,-0.1832081965575363,20.13473053892216,LOW,0,Transaction narration pattern is rarely seen,NORMAL
btx_9e5314415395,bac_eb0ff218,2026-09-27,2026-09-27,17495.1,0.0,17495.1,1176052.03,UPI-SkylineTravels-skylinetra@okhdfcbank-SBIN0064050-074501341424-CLIENT VISIT TRAVE,SKYLINE TRAVELS,074501341424,,-17495.1,1,0,6,27,9,631,116974.839207607,38044.38,203932.55657779044,2196000.0,-0.4878070518851181,0.4598602999970035,1,18,1,1,0,1.382431946694851e-10,0,-0.1832789676513125,20.05988023952096,LOW,0,Transaction narration pattern is rarely seen,NORMAL
btx_93c762c47d4a,bac_eb0ff218,2026-03-06,2026-03-06,152650.02,0.0,152650.02,1204784.51,TAX PAYMENT-ITNS281-051030806032644379,CBDT,051030806032644379,,-152650.02,1,0,4,6,3,631,116974.839207607,38044.38,203932.55657779044,2196000.0,0.1749361719926491,4.012419705617492,1,17,1,1,0,-2.9103830456733704e-11,0,-0.1834281689588627,19.98502994011976,LOW,0,Transaction narration pattern is rarely seen,NORMAL
btx_1b3d5542398a,bac_eb0ff218,2026-03-23,2026-03-23,6858.16,0.0,6858.16,1569902.06,UPI-Office Mart-officemar@okhdfcbank-UTIB0557967-353082519821-OFFICE SUPPLIES PU,OFFICE MART,353082519821,,-6858.16,1,0,0,23,3,631,116974.839207607,38044.38,203932.55657779044,2196000.0,-0.5399661586922869,0.1802673614341987,1,5,1,1,0,8.36735125631094e-11,0,-0.1834890112986453,19.91017964071856,LOW,0,Transaction narration pattern is rarely seen,NORMAL
btx_1f8dbf1715b3,bac_eb0ff218,2026-08-26,2026-08-26,4791.15,0.0,4791.15,1092943.46,UPI-SKYLINE TRAVELS-skylinetr@ybl-SBIN0064050-210284247100-CLIENT VISIT TRAVE,,210284247100,,-4791.15,1,0,2,26,8,631,116974.839207607,38044.38,203932.55657779044,2196000.0,-0.5501019115837658,0.1259358149613688,4,404,1,1,0,-1.4006218407303095e-10,0,-0.183513676590469,19.835329341317365,LOW,0,Transaction narration pattern is rarely seen,NORMAL
btx_836bbf10a7f9,bac_eb0ff218,2025-12-15,2025-12-15,7114.0,0.0,7114.0,1430500.48,ESIC CHALLAN-334851053735,ESIC,334851053735,,-7114.0,1,0,0,15,12,631,116974.839207607,38044.38,203932.55657779044,2196000.0,-0.5387116262905299,0.1869921391806096,4,12,1,1,0,0.0,0,-0.1835874193192612,19.760479041916167,LOW,0,Transaction narration pattern is rarely seen,NORMAL
btx_4d7e290adbe7,bac_eb0ff218,2026-05-06,2026-05-06,151729.26,0.0,151729.26,1091018.03,TAX PAYMENT-ITNS281-051030806052624191,CBDT,051030806052624191,,-151729.26,1,0,2,6,5,631,116974.839207607,38044.38,203932.55657779044,2196000.0,0.170421149891954,3.988217444994505,1,17,1,1,0,0.0,0,-0.1836355889324714,19.68562874251497,LOW,0,Transaction narration pattern is rarely seen,NORMAL
btx_4f7196c19a50,bac_eb0ff218,2025-12-27,2025-12-27,16763.25,0.0,16763.25,1585049.03,UPI-Metro Cabs Hyderabad-metrocabs@okicici-UTIB0252131-052047555383-CLIENT VISIT TRAV,METRO CABS HYDERABAD,052047555383,,-16763.25,1,0,5,27,12,631,116974.839207607,38044.38,203932.55657779044,2196000.0,-0.4913957383228366,0.4406235559627993,4,17,1,1,0,0.0,0,-0.1837114537544548,19.610778443113773,LOW,0,Transaction narration pattern is rarely seen,NORMAL
btx_fa7b9d3da1d6,bac_eb0ff218,2026-08-14,2026-08-14,181190.0,0.0,181190.0,716863.71,EPFO-ECR-TRRN 3740532521484,EPFO,3740532521484,,-181190.0,1,0,4,14,8,631,116974.839207607,38044.38,203932.55657779044,2196000.0,0.3148843022908802,4.762595684303437,2,12,1,1,0,0.0,0,-0.1839479506000937,19.53592814371257,LOW,0,Transaction narration pattern is rarely seen,NORMAL
btx_5dbd62532450,bac_eb0ff218,2026-02-14,2026-02-14,109773.06,0.0,109773.06,2132954.84,"NEFT DR-UTIB0352502-JANATACATERERS-NETBANK, MUM-PAYMENT-HDFCN26021452503226",JANATA CATERERS,HDFCN26021452503226,,-109773.06,1,0,5,14,2,631,116974.839207607,38044.38,203932.55657779044,2196000.0,-0.0353145144083939,2.885394899325472,1,13,1,1,0,-5.820766091346741e-11,0,-0.1840560098221408,19.46107784431138,LOW,0,Transaction narration pattern is rarely seen,NORMAL
btx_c855976c9916,bac_eb0ff218,2025-11-29,2025-11-29,10996.65,0.0,10996.65,852734.74,"NEFT DR-UTIB0252131-Metro Cabs Hyderabad-NETBANK, MUM-CLIENT VISIT TRAVE-HDFCN2511298",METRO CABS HYDERABAD,HDFCN25112980443380,,-10996.65,1,0,5,29,11,631,116974.839207607,38044.38,203932.55657779044,2196000.0,-0.5196727338980887,0.2890479487377636,1,17,1,1,0,-2.364686224609613e-11,0,-0.1841906766202539,19.386227544910177,LOW,0,Transaction narration pattern is rarely seen,NORMAL
btx_fb1a99a47685,bac_eb0ff218,2026-05-13,2026-05-13,185908.0,0.0,185908.0,1402887.2,EPFO-ECR-TRRN 4470143932283,EPFO,4470143932283,,-185908.0,1,0,2,13,5,631,116974.839207607,38044.38,203932.55657779044,2196000.0,0.3380194018511131,4.88660874483958,3,12,1,1,0,0.0,0,-0.1842250537914542,19.311377245508982,LOW,0,Transaction narration pattern is rarely seen,NORMAL
btx_8695fdde412b,bac_eb0ff218,2026-03-08,2026-03-08,36107.64,0.0,36107.64,1263914.52,"NEFT DR-UTIB0974454-IYER TAX CONSULTANTS-NETBANK, MUM-LEGAL AND ADVISORY-HDFCN2603084",IYER TAX CONSULTANTS,HDFCN26030847537324,,-36107.64,1,0,6,8,3,631,116974.839207607,38044.38,203932.55657779044,2196000.0,-0.3965389370125414,0.9490926123648225,4,3,1,1,0,1.0186340659856795e-10,0,-0.1843745295115065,19.236526946107784,LOW,0,Transaction narration pattern is rarely seen,NORMAL
btx_74758706754d,bac_eb0ff218,2026-03-25,2026-03-25,5.9,0.0,5.9,1202056.67,CHRG: IMPS OUTWARD-222734333007,,222734333007,,-5.9,1,0,2,25,3,631,116974.839207607,38044.38,203932.55657779044,2196000.0,-0.5735667770289977,0.0001550820383983,3,404,1,1,0,-1.396980309209539e-10,0,-0.1843925656817896,19.16167664670659,LOW,0,Transaction narration pattern is rarely seen,NORMAL
btx_830dda1006b2,bac_eb0ff218,2025-11-15,2025-11-15,15037.05,0.0,15037.05,2339024.59,"NEFT DR-UTIB0252131-metro cabs hyderabad-NETBANK, MUM-CLIENT VISIT TRAVE-HDFCN2511157",METRO CABS HYDERABAD,HDFCN25111574150011,,-15037.05,1,0,5,15,11,631,116974.839207607,38044.38,203932.55657779044,2196000.0,-0.4998603014557052,0.3952502314402284,5,17,1,1,0,-2.801243681460619e-10,0,-0.1844686956183179,19.08682634730539,LOW,0,Elevated transaction activity for this account on the same day; Transaction narration pattern is rarely seen,NORMAL
btx_deebbfddf23b,bac_eb0ff218,2026-04-10,2026-04-10,12047.8,0.0,12047.8,1336694.66,POS 416021XXXXXX2350 zenith saas solutions,,465311438991,,-12047.8,1,0,4,10,4,631,116974.839207607,38044.38,203932.55657779044,2196000.0,-0.5145183337491401,0.3166775224093545,3,404,1,1,0,-4.729372449219227e-11,0,-0.1844913522141854,19.01197604790419,LOW,0,Transaction narration pattern is rarely seen,NORMAL
btx_0c816b88b40c,bac_eb0ff218,2026-07-06,2026-07-06,62199.75,0.0,62199.75,1182419.41,UPI-KUMARAN PAPER PRODUCTS-kumaranpa@paytm-UTIB0617631-238275638832-BILL PMT,KUMARAN PAPER PRODUC,238275638832,,-62199.75,1,0,0,6,7,631,116974.839207607,38044.38,203932.55657779044,2196000.0,-0.2685941378208188,1.634926104722958,4,5,1,1,0,0.0,0,-0.1845404774319474,18.937125748503,LOW,0,Transaction narration pattern is rarely seen,NORMAL
btx_8c7d655736df,bac_eb0ff218,2025-12-15,2025-12-15,24666.0,0.0,24666.0,1405834.48,TAX PAYMENT-ITNS280-051030815122555384,CBDT,051030815122555384,,-24666.0,1,0,0,15,12,631,116974.839207607,38044.38,203932.55657779044,2196000.0,-0.4526439562012533,0.648348060869963,4,17,1,1,0,0.0,0,-0.1847018207019979,18.862275449101794,LOW,0,Transaction narration pattern is rarely seen,NORMAL
btx_29b5370c09a1,bac_eb0ff218,2026-02-06,2026-02-06,139281.12,0.0,139281.12,1265942.72,"NEFT DR-ICIC0055422-Banjara Estates-NETBANK, MUM-HEAD OFFICE RENT-HDFCN26020624521442",BANJARA ESTATES,HDFCN26020624521442,,-139281.12,1,0,4,6,2,631,116974.839207607,38044.38,203932.55657779044,2196000.0,0.1093806754876053,3.6610169491525424,2,11,1,1,0,-1.1641532182693479e-10,0,-0.1848610393555664,18.7874251497006,LOW,0,Transaction narration pattern is rarely seen,NORMAL
btx_0275f3ae5d69,bac_eb0ff218,2025-10-22,2025-10-22,160597.89,0.0,160597.89,1514209.47,"NEFT DR-HDFC0133880-Gomathi Healthcare Supplies-NETBANK, MUM-GHS/25-26/0265-HDFCN2510",GOMATHI HEALTHCARE S,HDFCN25102212549220,,-160597.89,1,0,2,22,10,631,116974.839207607,38044.38,203932.55657779044,2196000.0,0.2139092037310528,4.221330193842035,3,11,1,1,0,-1.1641532182693479e-10,0,-0.18495930268493,18.7125748502994,LOW,0,Transaction narration pattern is rarely seen,NORMAL
btx_84a070896336,bac_eb0ff218,2026-09-01,2026-09-01,10463.25,0.0,10463.25,1583107.23,POS 416021XXXXXX6095 M/S REDLINE TOURS AND TRAVELS,REDLINE TOURS AND TR,552261542268,,-10463.25,1,0,1,1,9,631,116974.839207607,38044.38,203932.55657779044,2196000.0,-0.5222883045011891,0.275027481062906,1,17,1,1,0,0.0,0,-0.1850629954987571,18.63772455089821,LOW,0,Transaction narration pattern is rarely seen,NORMAL
btx_d051fe2317df,bac_eb0ff218,2026-09-06,2026-09-06,47240.28,0.0,47240.28,868353.64,"NEFT DR-YESB0731473-KAMATH VALUERS-NETBANK, MUM-LEGAL AND ADVISORY-HDFCN2609065881402",KAMATH VALUERS,HDFCN26090658814027,,-47240.28,1,0,6,6,9,631,116974.839207607,38044.38,203932.55657779044,2196000.0,-0.3419491246411488,1.2417150706622109,4,7,1,1,0,-2.9103830456733704e-11,0,-0.1851914926397866,18.562874251497004,LOW,0,Transaction narration pattern is rarely seen,NORMAL
btx_1c9ec26ec240,bac_eb0ff218,2025-10-05,2025-10-05,11864.9,0.0,11864.9,2976159.15,POS 416021XXXXXX0311 PAPER POINT,PAPER POINT,029824834002,,-11864.9,1,0,6,5,10,631,116974.839207607,38044.38,203932.55657779044,2196000.0,-0.515415198884699,0.3118699792190069,3,8,1,1,0,9.276845958083868e-11,0,-0.1852567144672608,18.48802395209581,LOW,0,Transaction narration pattern is rarely seen,NORMAL
btx_3f79c63af2e1,bac_eb0ff218,2025-10-05,2025-10-05,16137.54,0.0,16137.54,2960021.61,"NEFT DR-ICIC0288312-M/S OM SAI STEEL AND PIP-NETBANK, MUM-PAYMENT-HDFCN25100535427030",OM SAI STEEL AND PIP,HDFCN25100535427030,,-16137.54,1,0,6,5,10,631,116974.839207607,38044.38,203932.55657779044,2196000.0,-0.494463958574179,0.4241767115142894,3,7,1,1,0,-3.637978807091713e-11,0,-0.1853225599055832,18.41317365269461,LOW,0,Transaction narration pattern is rarely seen,NORMAL
btx_4f454b15db1b,bac_eb0ff218,2025-12-13,2025-12-13,87288.29,0.0,87288.29,1156380.44,"NEFT DR-SBIN0430370-GALAXY ELECTRICAL DISTRIBU-NETBANK, MUM-GED/25-26/0040-HDFCN25121",GALAXY ELECTRICAL DI,HDFCN25121358144448,,-87288.29,1,0,5,13,12,631,116974.839207607,38044.38,203932.55657779044,2196000.0,-0.1455704263496692,2.294380668051365,3,5,1,1,0,-4.365574568510056e-11,0,-0.1854056851595135,18.33832335329341,LOW,0,Transaction narration pattern is rarely seen,NORMAL
btx_99434b0c6586,bac_eb0ff218,2026-02-04,2026-02-04,37353.58,0.0,37353.58,1486426.37,"NEFT DR-KKBK0356604-Pragati Textile Mills Pvt-NETBANK, MUM-PAYMENT-HDFCN2602040677560",PRAGATI TEXTILE MILL,HDFCN26020406775603,,-37353.58,1,0,2,4,2,631,116974.839207607,38044.38,203932.55657779044,2196000.0,-0.3904293681388499,0.9818422589617706,4,7,1,1,0,1.6007106751203534e-10,0,-0.185508599584979,18.263473053892216,LOW,0,Transaction narration pattern is rarely seen,NORMAL
btx_50dd461dd1d4,bac_eb0ff218,2026-07-17,2026-07-17,5.9,0.0,5.9,1718777.86,CHRG: IMPS OUTWARD- 911559901391,,911559901391,,-5.9,1,0,4,17,7,631,116974.839207607,38044.38,203932.55657779044,2196000.0,-0.5735667770289977,0.0001550820383983,2,404,1,1,0,9.313261273291572e-11,0,-0.1856971727733067,18.188622754491018,LOW,0,Transaction narration pattern is rarely seen,NORMAL
btx_a8fd216de93c,bac_eb0ff218,2026-09-28,2026-09-28,9906.75,0.0,9906.75,914145.28,"NEFT DR-HDFC0192081-Bharat Transport Serv-NETBANK, MUM-BTS/26-27/0033-HDFCN2609287765",BHARAT TRANSPORT SER,HDFCN26092877650941,,-9906.75,1,0,0,28,9,631,116974.839207607,38044.38,203932.55657779044,2196000.0,-0.5250171478469435,0.2603998277800821,4,24,1,1,0,0.0,0,-0.1857516872932391,18.113772455089823,LOW,0,Transaction narration pattern is rarely seen,NORMAL
btx_49e9c35e3956,bac_eb0ff218,2025-12-06,2025-12-06,11845.05,0.0,11845.05,1969946.45,POS 416021XXXXXX2030 Metro Cabs Hyderabad,METRO CABS HYDERABAD,111252197973,,-11845.05,1,0,5,6,12,631,116974.839207607,38044.38,203932.55657779044,2196000.0,-0.5155125349860704,0.3113482201576159,3,17,1,1,0,-4.729372449219227e-11,0,-0.1857534084189729,18.03892215568862,LOW,0,Transaction narration pattern is rarely seen,NORMAL
btx_04dc0bf6eecb,bac_eb0ff218,2025-12-16,2025-12-16,19742.1,0.0,19742.1,1328058.58,"NEFT DR-HDFC0192081-Bharat Transport Services-NETBANK, MUM-VENDOR PMT-HDFCN2512161293",BHARAT TRANSPORT SER,HDFCN25121612934367,,-19742.1,1,0,1,16,12,631,116974.839207607,38044.38,203932.55657779044,2196000.0,-0.4767887032815057,0.518922900044632,1,24,1,1,0,1.382431946694851e-10,0,-0.1857690828852077,17.964071856287426,LOW,0,Transaction narration pattern is rarely seen,NORMAL
btx_30b9c86afb3f,bac_eb0ff218,2026-06-15,2026-06-15,88500.0,0.0,88500.0,741710.4,"NEFT DR-HDFC0530708-omshaktisupportservices-NETBANK, MUM-SVC/26/049-HDFCN260615221503",OM SHAKTI SUPPORT SE,HDFCN26061522150314,,-88500.0,1,0,0,15,6,631,116974.839207607,38044.38,203932.55657779044,2196000.0,-0.1396287070855467,2.326230575974691,4,1,1,1,0,0.0,0,-0.1858411626772241,17.889221556886227,LOW,0,Counterparty is rarely seen in the dataset; Transaction narration pattern is rarely seen,NORMAL
btx_34c26cfb0606,bac_eb0ff218,2026-05-04,2026-05-04,15653.4,0.0,15653.4,1242747.29,UPI-REDLINE TOURS AND TRAV-redlineto@oksbi-YESB0221736-495186423530-CLIENT VISIT TRAV,REDLINE TOURS AND TR,495186423530,,-15653.4,1,0,0,4,5,631,116974.839207607,38044.38,203932.55657779044,2196000.0,-0.4968379787312564,0.4114510474346014,1,17,1,1,0,9.276845958083868e-11,0,-0.1859565603009959,17.81437125748503,LOW,0,Transaction narration pattern is rarely seen,NORMAL
btx_a8a381c38f08,bac_eb0ff218,2025-11-17,2025-11-17,8809.88,0.0,8809.88,2308443.96,POS 416021XXXXXX4583 SUPREME STATIONERS,SUPREME STATIONERS,731212357872,,-8809.88,1,0,0,17,11,631,116974.839207607,38044.38,203932.55657779044,2196000.0,-0.530395739761872,0.2315684997363605,1,9,1,1,0,1.1095835361629723e-10,0,-0.1860934120605126,17.739520958083833,LOW,0,Transaction narration pattern is rarely seen,NORMAL
btx_5756a1161856,bac_eb0ff218,2026-02-17,2026-02-17,19177.36,0.0,19177.36,920455.7,"NEFT DR-KKBK0311215-NAVARATNA MACHINERY MAINTENAN-NETBANK, MUM-PAYMENT-HDFCN260217104",NAVARATNA MACHINERY ,HDFCN26021710402400,,-19177.36,1,0,1,17,2,631,116974.839207607,38044.38,203932.55657779044,2196000.0,-0.4795579521423886,0.5040786576098757,5,10,1,1,0,-1.0186340659856795e-10,0,-0.1861541491905813,17.664670658682635,LOW,0,Elevated transaction activity for this account on the same day; Transaction narration pattern is rarely seen,NORMAL
btx_180d59ac7457,bac_eb0ff218,2026-09-06,2026-09-06,36628.57,0.0,36628.57,915593.92,"NEFT DR-UTIB0352502-janata caterers llp-NETBANK, MUM-PAYMENT-HDFCN26090605142535",JANATA CATERERS,HDFCN26090605142535,,-36628.57,1,0,6,6,9,631,116974.839207607,38044.38,203932.55657779044,2196000.0,-0.3939845140761464,0.9627853049517432,4,13,1,1,0,5.0931703299283975e-11,0,-0.1862514616079559,17.58982035928144,LOW,0,Transaction narration pattern is rarely seen,NORMAL
btx_bb77f8a00545,bac_eb0ff218,2026-05-02,2026-05-02,4538.0,0.0,4538.0,1258400.69,UPI-M/S Speedpost Couriers-msspeedp@ybl-HDFC0706837-862845547145-MISCELLANEOUS EXPE,SPEEDPOST COURIERS,862845547145,,-4538.0,1,0,5,2,5,631,116974.839207607,38044.38,203932.55657779044,2196000.0,-0.5513432533501229,0.119281744110431,1,6,1,1,0,0.0,0,-0.1863077013389779,17.514970059880238,LOW,0,Transaction narration pattern is rarely seen,NORMAL
btx_79576e90cb41,bac_eb0ff218,2026-09-04,2026-09-04,145530.7,0.0,145530.7,1286360.06,IMPS- 287335141950-M/S TIRUMALA AGRO COMMODI-KKBK-XXXXXXXX7140-TAC/26-27/0146,TIRUMALA AGRO COMMOD,287335141950,,-145530.7,1,0,4,4,9,631,116974.839207607,38044.38,203932.55657779044,2196000.0,0.1400260030648923,3.825287729751412,3,12,1,1,0,5.820766091346741e-11,0,-0.1864401794362669,17.440119760479043,LOW,0,Transaction narration pattern is rarely seen,NORMAL
btx_9312476f0e21,bac_eb0ff218,2025-10-18,2025-10-18,107181.5,0.0,107181.5,1274558.13,"NEFT DR-UTIB0617631-Kumaran Paper Products-NETBANK, MUM-PAYMENT-HDFCN25101852550739",KUMARAN PAPER PRODUC,HDFCN25101852550739,,-107181.5,1,0,5,18,10,631,116974.839207607,38044.38,203932.55657779044,2196000.0,-0.0480224412028655,2.817275508235382,4,5,1,1,0,0.0,0,-0.1864558793849737,17.365269461077844,LOW,0,Transaction narration pattern is rarely seen,NORMAL
btx_7348f4da4995,bac_eb0ff218,2026-01-20,2026-01-20,3625.65,0.0,3625.65,1591987.91,UPI-CAFE NIRVANA-cafenirva@paytm-YESB0705560-241186013474-TEAM AND CLIENT ME,CAFE NIRVANA,241186013474,,-3625.65,1,0,1,20,1,631,116974.839207607,38044.38,203932.55657779044,2196000.0,-0.555817036326761,0.0953005411048885,3,10,1,1,0,-1.3960743672214448e-10,0,-0.1868309738707892,17.290419161676645,LOW,0,Transaction narration pattern is rarely seen,NORMAL
btx_fcc73916fd8d,bac_eb0ff218,2025-11-22,2025-11-22,105889.44,0.0,105889.44,897665.21,"NEFT DR-SBIN0493140-SAMBHAV INDUSTRIAL SPARES L-NETBANK, MUM-VENDOR PMT-HDFCN25112222",SAMBHAV INDUSTRIAL S,HDFCN25112222436340,,-105889.44,1,0,5,22,11,631,116974.839207607,38044.38,203932.55657779044,2196000.0,-0.0543581632753102,2.783313593229802,2,8,1,1,0,-5.820766091346741e-11,0,-0.186856599000884,17.21556886227545,LOW,0,Transaction narration pattern is rarely seen,NORMAL
btx_25343a531ed5,bac_eb0ff218,2025-11-16,2025-11-16,4194.75,0.0,4194.75,2317253.84,UPI-Cafe Nirvana-cafenirva@ybl-YESB0705560-923327442636-TEAM AND CLIENT ME,CAFE NIRVANA,923327442636,,-4194.75,1,0,6,16,11,631,116974.839207607,38044.38,203932.55657779044,2196000.0,-0.5530264078486498,0.1102593865375122,2,10,1,1,0,0.0,0,-0.1869198160300736,17.14071856287425,LOW,0,Transaction narration pattern is rarely seen,NORMAL
btx_c5d395286a5a,bac_eb0ff218,2026-01-22,2026-01-22,44385.7,0.0,44385.7,689777.32,"NEFT DR-HDFC0335006-Supreme Educational Society Ll-NETBANK, MUM-SIS/25-26/0282-HDFCN2",SUPREME EDUCATIONAL ,HDFCN26012264371573,,-44385.7,1,0,3,22,1,631,116974.839207607,38044.38,203932.55657779044,2196000.0,-0.3559467915556569,1.1666821748705063,1,16,1,1,0,-7.275957614183426e-11,0,-0.1869503543404678,17.065868263473057,LOW,0,Transaction narration pattern is rarely seen,NORMAL
btx_c3853fbd5222,bac_eb0ff218,2026-08-24,2026-08-24,4113.0,0.0,4113.0,1665213.16,UPI- LOCAL HARDWARE STORE-localhard@oksbi-UTIB0402256-534855225408-MISCELLANEOUS EXPE,LOCAL HARDWARE STORE,534855225408,,-4113.0,1,0,0,24,8,631,116974.839207607,38044.38,203932.55657779044,2196000.0,-0.5534272756716784,0.1081105803275017,1,4,1,1,0,0.0,0,-0.1870649257369467,16.991017964071855,LOW,0,Transaction narration pattern is rarely seen,NORMAL
btx_df4231e37df1,bac_eb0ff218,2026-01-21,2026-01-21,11738.64,0.0,11738.64,734163.02,UPI- Supreme Stationers-supremest@okhdfcbank-HDFC0186011-050537323211-OFFICE SUPPLIES,SUPREME STATIONERS,050537323211,,-11738.64,1,0,2,21,1,631,116974.839207607,38044.38,203932.55657779044,2196000.0,-0.5160343251395686,0.308551223597283,1,9,1,1,0,-1.4551915228366852e-11,0,-0.1871220812529349,16.91616766467066,LOW,0,Transaction narration pattern is rarely seen,NORMAL
btx_69447c4a9625,bac_eb0ff218,2025-11-19,2025-11-19,140051.0,0.0,140051.0,1162102.74,"NEFT DR-HDFC0643153-TIRUMALA AGRO COMMODITIES-NETBANK, MUM-TAC/25-26/0144-HDFCN251119",TIRUMALA AGRO COMMOD,HDFCN25111948997877,,-140051.0,1,0,2,19,11,631,116974.839207607,38044.38,203932.55657779044,2196000.0,0.1131558451462386,3.6812533152071354,3,12,1,1,0,0.0,0,-0.1871536123565238,16.84131736526946,LOW,0,Transaction narration pattern is rarely seen,NORMAL
btx_4b5791b8b638,bac_eb0ff218,2025-11-04,2025-11-04,34944.52,0.0,34944.52,1296867.92,"NEFT DR-KKBK0311215-Navaratna Machinery-NETBANK, MUM-NMM/25-26/0183-HDFCN251104266324",NAVARATNA MACHINERY ,HDFCN25110426632444,,-34944.52,1,0,1,4,11,631,116974.839207607,38044.38,203932.55657779044,2196000.0,-0.4022423912305359,0.9185198970255264,2,10,1,1,0,-2.182787284255028e-11,0,-0.1872760164117529,16.766467065868262,LOW,0,Transaction narration pattern is rarely seen,NORMAL
btx_fa95663dcbf4,bac_eb0ff218,2026-01-08,2026-01-08,21231.0,0.0,21231.0,1194520.17,IMPS-181851628259-BHARAT TRANSPORT SERV-HDFC-XXXXXXXX0706-BTS/25-26/0025,BHARAT TRANSPORT SER,181851628259,,-21231.0,1,0,3,8,1,631,116974.839207607,38044.38,203932.55657779044,2196000.0,-0.469487760141355,0.5580587724126402,4,24,1,1,0,0.0,0,-0.1873402134591876,16.691616766467064,LOW,0,Transaction narration pattern is rarely seen,NORMAL
btx_98d9866b51ad,bac_eb0ff218,2026-05-30,2026-05-30,26631.42,0.0,26631.42,1140903.94,"NEFT DR-SBIN0695480-BHAGYA FACILITY SERVI-NETBANK, MUM-PAYMENT-HDFCN26053053089091",BHAGYA FACILITY SERV,HDFCN26053053089091,,-26631.42,1,0,5,30,5,631,116974.839207607,38044.38,203932.55657779044,2196000.0,-0.4430063581983552,0.700009304922304,1,18,1,1,0,-1.6007106751203534e-10,0,-0.1873956409781778,16.61676646706587,LOW,0,Transaction narration pattern is rarely seen,NORMAL
btx_afa22370d7c3,bac_eb0ff218,2026-09-04,2026-09-04,139281.12,0.0,139281.12,1431890.76,"NEFT DR- ICIC0055422-Banjara Estates-NETBANK, MUM-HEAD OFFICE RENT-HDFCN2609041111056",BANJARA ESTATES,HDFCN26090411110564,,-139281.12,1,0,4,4,9,631,116974.839207607,38044.38,203932.55657779044,2196000.0,0.1093806754876053,3.6610169491525424,3,11,1,1,0,1.1641532182693479e-10,0,-0.1873990075116249,16.541916167664674,LOW,0,Transaction narration pattern is rarely seen,NORMAL
btx_36a442c234fb,bac_eb0ff218,2025-11-16,2025-11-16,13167.0,0.0,13167.0,2321448.59,"NEFT DR-UTIB0252131-METRO CABS HYDERABA-NETBANK, MUM-CLIENT VISIT TRAVE-HDFCN25111653",METRO CABS HYDERABAD,HDFCN25111653141187,,-13167.0,1,0,6,16,11,631,116974.839207607,38044.38,203932.55657779044,2196000.0,-0.5090302448496462,0.3460957965407769,2,17,1,1,0,0.0,0,-0.1876572880937096,16.46706586826347,LOW,0,Transaction narration pattern is rarely seen,NORMAL
btx_1a19331b5f4d,bac_eb0ff218,2026-09-06,2026-09-06,22827.1,0.0,22827.1,952222.49,POS 416021XXXXXX4440 CloudStack Software,CLOUDSTACK SOFTWARE,304184480341,,-22827.1,1,0,6,6,9,631,116974.839207607,38044.38,203932.55657779044,2196000.0,-0.4616611530179791,0.6000124065630719,4,11,1,1,0,2.182787284255028e-11,0,-0.1877791838455073,16.392215568862277,LOW,0,Transaction narration pattern is rarely seen,NORMAL
btx_11a920240913,bac_eb0ff218,2025-11-04,2025-11-04,16838.6,0.0,16838.6,1280029.32,"NEFT DR-KKBK0311215-Navaratna Machinery Maintenan-NETBANK, MUM-VENDOR PMT-HDFCN251104",NAVARATNA MACHINERY ,HDFCN25110423812275,,-16838.6,1,0,1,4,11,631,116974.839207607,38044.38,203932.55657779044,2196000.0,-0.4910262534241797,0.4426041375887845,2,10,1,1,0,1.382431946694851e-10,0,-0.1879269382600381,16.317365269461078,LOW,0,Transaction narration pattern is rarely seen,NORMAL
btx_ba0769e928eb,bac_eb0ff218,2026-08-05,2026-08-05,139281.12,0.0,139281.12,775690.68,"NEFT DR-ICIC0055422-Banjara Estates Llp-NETBANK, MUM-HEAD OFFICE RENT-HDFCN2608053324",BANJARA ESTATES,HDFCN26080533244374,,-139281.12,1,0,2,5,8,631,116974.839207607,38044.38,203932.55657779044,2196000.0,0.1093806754876053,3.6610169491525424,3,11,1,1,0,0.0,0,-0.1879802440239671,16.24251497005988,LOW,0,Transaction narration pattern is rarely seen,NORMAL
btx_ab04a8a15cc1,bac_eb0ff218,2025-10-27,2025-10-27,5151.88,0.0,5151.88,1258873.84,UPI-Supreme Stationers-supremest@okicici-HDFC0186011-902900595173-OFFICE SUPPLIES PU,SUPREME STATIONERS,902900595173,,-5151.88,1,0,0,27,10,631,116974.839207607,38044.38,203932.55657779044,2196000.0,-0.5483330424730487,0.1354176359294066,2,9,1,1,0,1.1186784831807016e-10,0,-0.1879870388983031,16.16766467065868,LOW,0,Transaction narration pattern is rarely seen,NORMAL
btx_f5f0586f72e7,bac_eb0ff218,2026-02-28,2026-02-28,44385.7,0.0,44385.7,1217688.12,"NEFT DR-HDFC0335006-SUPREME EDUCATIONAL S-NETBANK, MUM-PAYMENT-HDFCN26022816412304",SUPREME EDUCATIONAL ,HDFCN26022816412304,,-44385.7,1,0,5,28,2,631,116974.839207607,38044.38,203932.55657779044,2196000.0,-0.3559467915556569,1.1666821748705063,2,16,1,1,0,4.365574568510056e-11,0,-0.1879975223326914,16.092814371257486,LOW,0,Transaction narration pattern is rarely seen,NORMAL
btx_61ad130a87f4,bac_eb0ff218,2025-10-09,2025-10-09,139281.12,0.0,139281.12,2379947.76,"NEFT DR-ICIC0055422-banjara estates-NETBANK, MUM-HEAD OFFICE RENT-HDFCN25100945331000",BANJARA ESTATES,HDFCN25100945331000,,-139281.12,1,0,3,9,10,631,116974.839207607,38044.38,203932.55657779044,2196000.0,0.1093806754876053,3.6610169491525424,1,11,1,1,0,-1.1641532182693479e-10,0,-0.1880232961935593,16.017964071856287,LOW,0,Transaction narration pattern is rarely seen,NORMAL
btx_f00f60e7072c,bac_eb0ff218,2025-11-10,2025-11-10,22827.1,0.0,22827.1,1867108.82,POS 416021XXXXXX8189 Cloudstack Software Pvt L,CLOUDSTACK SOFTWARE,354522135131,,-22827.1,1,0,0,10,11,631,116974.839207607,38044.38,203932.55657779044,2196000.0,-0.4616611530179791,0.6000124065630719,1,11,1,1,0,1.382431946694851e-10,0,-0.1881439308010622,15.943113772455089,LOW,0,Transaction narration pattern is rarely seen,NORMAL
btx_59f2f163601f,bac_eb0ff218,2025-10-20,2025-10-20,92171.52,0.0,92171.52,1674807.36,"NEFT DR-YESB0731473-KAMATH VALUERS-NETBANK, MUM-LEGAL AND ADVISORY-HDFCN2510205844931",KAMATH VALUERS,HDFCN25102058449310,,-92171.52,1,0,0,20,10,631,116974.839207607,38044.38,203932.55657779044,2196000.0,-0.1216251079466348,2.422736814215398,2,7,1,1,0,2.1827872842550278e-10,0,-0.1881878971431361,15.868263473053892,LOW,0,Transaction narration pattern is rarely seen,NORMAL
btx_815de1388c2c,bac_eb0ff218,2026-08-09,2026-08-09,9632.34,0.0,9632.34,1013429.04,UPI-M/S SUPREMESTATIONERS-mssuprem@okhdfcbank-HDFC0186011-826402286521-OFFICE SUPPLIE,SUPREME STATIONERS,826402286521,,-9632.34,1,0,6,9,8,631,116974.839207607,38044.38,203932.55657779044,2196000.0,-0.5263627397651978,0.2531869358890853,1,9,1,1,0,3.2741809263825417e-11,0,-0.1882204098018913,15.793413173652697,LOW,0,Transaction narration pattern is rarely seen,NORMAL
btx_ba60d6234b66,bac_eb0ff218,2025-10-02,2025-10-02,47473.3,0.0,47473.3,3115027.05,"NEFT DR-KKBK0356604-Pragati Textile Mills-NETBANK, MUM-PTM/25-26/0260-HDFCN2510020015",PRAGATI TEXTILE MILL,HDFCN25100200153025,,-47473.3,1,0,3,2,10,631,116974.839207607,38044.38,203932.55657779044,2196000.0,-0.3408064919791043,1.2478400226262067,1,7,1,1,0,-2.764863893389702e-10,0,-0.1882959666547704,15.718562874251496,LOW,0,Transaction narration pattern is rarely seen,NORMAL
btx_e3f9b0397921,bac_eb0ff218,2025-11-08,2025-11-08,58737.96,0.0,58737.96,1048655.42,"NEFT DR-YESB0731473-Kamath Valuers-NETBANK, MUM-LEGAL AND ADVISORY-HDFCN2511084533619",KAMATH VALUERS,HDFCN25110845336199,,-58737.96,1,0,5,8,11,631,116974.839207607,38044.38,203932.55657779044,2196000.0,-0.2855693087209076,1.5439326386709418,3,7,1,1,0,3.637978807091713e-11,0,-0.1883559713877568,15.6437125748503,LOW,0,Transaction narration pattern is rarely seen,NORMAL
btx_f89c93007131,bac_eb0ff218,2025-11-21,2025-11-21,108640.44,0.0,108640.44,1003554.65,"NEFT DR-UTIB0974454-Iyer Tax Consultants-NETBANK, MUM-LEGAL AND ADVISORY-HDFCN2511210",IYER TAX CONSULTANTS,HDFCN25112105458237,,-108640.44,1,0,4,21,11,631,116974.839207607,38044.38,203932.55657779044,2196000.0,-0.0408684093774297,2.8556238792694217,3,3,1,1,0,-5.820766091346741e-11,0,-0.1883720103411539,15.568862275449105,LOW,0,Transaction narration pattern is rarely seen,NORMAL
btx_2085e8eac492,bac_eb0ff218,2025-10-17,2025-10-17,136288.44,0.0,136288.44,1381739.63,"NEFT DR-UTIB0974454-IYER TAX CONSULTANTS-NETBANK, MUM-LEGAL AND ADVISORY-HDFCN2510170",IYER TAX CONSULTANTS,HDFCN25101705113396,,-136288.44,1,0,4,17,10,631,116974.839207607,38044.38,203932.55657779044,2196000.0,0.0947058239081399,3.5823540822586675,3,3,1,1,0,-1.7462298274040222e-10,0,-0.1884522909036772,15.494011976047902,LOW,0,Transaction narration pattern is rarely seen,NORMAL
btx_099661986a7b,bac_eb0ff218,2026-08-20,2026-08-20,158938.86,0.0,158938.86,920375.96,"NEFT DR-KKBK0559815-Maruthi Building Material-NETBANK, MUM-VENDOR PMT-HDFCN2608204646",MARUTHI BUILDING MAT,HDFCN26082046460236,,-158938.86,1,0,3,20,8,631,116974.839207607,38044.38,203932.55657779044,2196000.0,0.2057740141966285,4.177722438898991,2,7,1,1,0,-1.1641532182693479e-10,0,-0.1885283251587483,15.419161676646706,LOW,0,Transaction narration pattern is rarely seen,NORMAL
btx_823589edd48e,bac_eb0ff218,2026-05-01,2026-05-01,14547.04,0.0,14547.04,1262938.69,"NEFT DR-KKBK0311215-NAVARATNA MACHINERY MAINTEN-NETBANK, MUM-NMM/26-27/0183-HDFCN2605",NAVARATNA MACHINERY ,HDFCN26050191554423,,-14547.04,1,0,4,1,5,631,116974.839207607,38044.38,203932.55657779044,2196000.0,-0.5022631056387298,0.3823702738748799,4,10,1,1,0,-3.637978807091713e-11,0,-0.1885356702119565,15.344311377245509,LOW,0,Transaction narration pattern is rarely seen,NORMAL
btx_a4f8771a9140,bac_eb0ff218,2026-05-23,2026-05-23,136989.0,0.0,136989.0,1352700.78,"NEFT DR-HDFC0643153-tirumala agro commodities-NETBANK, MUM-TAC/26-27/0144-HDFCN260523",TIRUMALA AGRO COMMOD,HDFCN26052337465117,,-136989.0,1,0,5,23,5,631,116974.839207607,38044.38,203932.55657779044,2196000.0,0.0981410772671727,3.600768365787536,2,12,1,1,0,0.0,0,-0.1886782417913394,15.269461077844312,LOW,0,Transaction narration pattern is rarely seen,NORMAL
btx_57a72df30cd4,bac_eb0ff218,2026-05-19,2026-05-19,41772.76,0.0,41772.76,1423471.37,"NEFT DR-HDFC0113842-M/S Brandwave Events-NETBANK, MUM-MARKETING CAMPAIGN-HDFCN2605193",BRANDWAVE EVENTS,HDFCN26051930666463,,-41772.76,1,0,1,19,5,631,116974.839207607,38044.38,203932.55657779044,2196000.0,-0.3687595569318576,1.098000808529407,6,7,1,1,0,2.2555468603968618e-10,0,-0.1887640604659092,15.194610778443112,LOW,0,Elevated transaction activity for this account on the same day; Transaction narration pattern is rarely seen,NORMAL
btx_939d65474d91,bac_eb0ff218,2025-10-12,2025-10-12,12047.8,0.0,12047.8,2231796.11,POS 416021XXXXXX4422 ZENITH SAAS SOLUTIONS,ZENITH SAAS SOLUTION,385127847247,,-12047.8,1,0,6,12,10,631,116974.839207607,38044.38,203932.55657779044,2196000.0,-0.5145183337491401,0.3166775224093545,1,11,1,1,0,-2.801243681460619e-10,0,-0.1888607976968348,15.119760479041917,LOW,0,Transaction narration pattern is rarely seen,NORMAL
btx_0331e5c748c2,bac_eb0ff218,2025-12-19,2025-12-19,3574.2,0.0,3574.2,1073543.62,UPI-Spice Route Kitchen-spicerout@ybl-SBIN0384002-370007048083-TEAM AND CLIENT ME,SPICE ROUTE KITCHEN,370007048083,,-3574.2,1,0,4,19,12,631,116974.839207607,38044.38,203932.55657779044,2196000.0,-0.5560693256172176,0.0939481731598727,1,4,1,1,0,4.638422979041934e-11,0,-0.1889538364670944,15.04491017964072,LOW,0,Transaction narration pattern is rarely seen,NORMAL
btx_63f9a1ed6038,bac_eb0ff218,2026-03-28,2026-03-28,63135.32,0.0,63135.32,1069636.93,"NEFT DR-HDFC0113842-BRANDWAVE EVENTS-NETBANK, MUM-MARKETING CAMPAIGN-HDFCN26032827510",BRANDWAVE EVENTS,HDFCN26032827510760,,-63135.32,1,0,5,28,3,631,116974.839207607,38044.38,203932.55657779044,2196000.0,-0.2640064936716949,1.6595176475474172,2,7,1,1,0,-6.548361852765083e-11,0,-0.189150996172206,14.97005988023952,LOW,0,Transaction narration pattern is rarely seen,NORMAL
btx_e16c2262116b,bac_eb0ff218,2025-10-28,2025-10-28,35876.4,0.0,35876.4,869545.76,IMPS- 057443042561-BHARAT TRANSPORT SERV-HDFC-XXXXXXXX0706-PAYMENT,BHARAT TRANSPORT SER,057443042561,,-35876.4,1,0,1,28,10,631,116974.839207607,38044.38,203932.55657779044,2196000.0,-0.3976728412987449,0.9430144478632588,4,24,1,1,0,-2.182787284255028e-11,0,-0.189362970776978,14.895209580838324,LOW,0,Transaction narration pattern is rarely seen,NORMAL
btx_fdea06c3db0f,bac_eb0ff218,2026-08-25,2026-08-25,4839.4,0.0,4839.4,1660373.76,"NEFT DR-UTIBO053531-Vasantha Garments & Co-NETBANK, MUM-VG/26-27/0174-HDFCN2608257373",VASANTHA GARMENTS,HDFCN26082573734309,,-4839.4,1,0,1,25,8,631,116974.839207607,38044.38,203932.55657779044,2196000.0,-0.5498653137554951,0.1272040706143719,5,4,1,1,0,9.276845958083868e-11,0,-0.1894684912051643,14.820359281437126,LOW,0,Elevated transaction activity for this account on the same day; Transaction narration pattern is rarely seen,NORMAL
btx_7ac2b9007734,bac_eb0ff218,2026-02-08,2026-02-08,22827.1,0.0,22827.1,1243115.62,POS 416021XXXXXX3211 M/S CLOUDSTACK SOFTWARE PVT L,CLOUDSTACK SOFTWARE,555446574613,,-22827.1,1,0,6,8,2,631,116974.839207607,38044.38,203932.55657779044,2196000.0,-0.4616611530179791,0.6000124065630719,2,11,1,1,0,1.382431946694851e-10,0,-0.1895034539646684,14.745508982035927,LOW,0,Transaction narration pattern is rarely seen,NORMAL
btx_08df21bd52b9,bac_eb0ff218,2026-07-27,2026-07-27,5683.65,0.0,5683.65,1359836.06,POS 416021XXXXXX1731 SKYLINE TRAVELS,SKYLINE TRAVELS,601021427850,,-5683.65,1,0,0,27,7,631,116974.839207607,38044.38,203932.55657779044,2196000.0,-0.5457254647084991,0.1493952589055203,1,18,1,1,0,9.276845958083868e-11,0,-0.189657320290585,14.67065868263473,LOW,0,Transaction narration pattern is rarely seen,NORMAL
btx_f0322346f2fb,bac_eb0ff218,2026-01-07,2026-01-07,5754.0,0.0,5754.0,865751.17,UPI-CAFE NIRVANA-cafenirva@ybl-YESB0705560-936113090462-TEAM AND CLIENT ME,CAFE NIRVANA,936113090462,,-5754.0,1,0,2,7,1,631,116974.839207607,38044.38,203932.55657779044,2196000.0,-0.5453804977195076,0.1512444150752358,3,10,1,1,0,0.0,0,-0.1897412194063848,14.595808383233532,LOW,0,Transaction narration pattern is rarely seen,NORMAL
btx_c110f8069e8f,bac_eb0ff218,2026-07-06,2026-07-06,3832.5,0.0,3832.5,1428326.22,UPI-HYDERABAD HOUSE CATE-hyderabad@ybl-KKBK0341565-333548411478-TEAM AND CLIENT ME,HYDERABAD HOUSE CATE,333548411478,,-3832.5,1,0,0,6,7,631,116974.839207607,38044.38,203932.55657779044,2196000.0,-0.554802730403905,0.1007376122307684,4,10,1,1,0,0.0,0,-0.1898235925424036,14.520958083832337,LOW,0,Transaction narration pattern is rarely seen,NORMAL
btx_134409f0f473,bac_eb0ff218,2025-12-20,2025-12-20,4662.0,0.0,4662.0,1568881.62,"NEFT DR-UTIB0252131-Metro Cabs Hyderabad-NETBANK, MUM-CLIENT VISIT TRAVE-HDFCN2512205",METRO CABS HYDERABAD,HDFCN25122059336437,,-4662.0,1,0,5,20,12,631,116974.839207607,38044.38,203932.55657779044,2196000.0,-0.550735209190422,0.122541095425921,3,17,1,1,0,0.0,0,-0.1898498089136314,14.446107784431137,LOW,0,Transaction narration pattern is rarely seen,NORMAL
btx_e1c75042332a,bac_eb0ff218,2026-04-13,2026-04-13,8243.48,0.0,8243.48,896422.86,"NEFT DR-KKBK0921023-FIBERNET BROADBAND-NETBANK, MUM-INTERNET LEASED LI-HDFCN260413033",FIBERNET BROADBAND,HDFCN26041303394053,,-8243.48,1,0,0,13,4,631,116974.839207607,38044.38,203932.55657779044,2196000.0,-0.533173128568764,0.2166806240501225,1,10,1,1,0,1.8189894035458565e-11,0,-0.189909669107854,14.37125748502994,LOW,0,Transaction narration pattern is rarely seen,NORMAL
btx_3c91f5f4d87d,bac_eb0ff218,2026-02-09,2026-02-09,12047.8,0.0,12047.8,1168595.35,POS 416021XXXXXX5415 ZENITH SAAS SOLUTIONS,ZENITH SAAS SOLUTION,361398232904,,-12047.8,1,0,0,9,2,631,116974.839207607,38044.38,203932.55657779044,2196000.0,-0.5145183337491401,0.3166775224093545,2,11,1,1,0,1.8553691916167736e-10,0,-0.189993917083839,14.296407185628745,LOW,0,Transaction narration pattern is rarely seen,NORMAL
btx_3e82a7d34155,bac_eb0ff218,2026-01-14,2026-01-14,58033.8,0.0,58033.8,724430.53,"NEFT DR-HDFC0412283-RAO AND ASSOCIATES CHART-NETBANK, MUM-MONTHLY ACCOUNTING-HDFCN260",RAO AND ASSOCIATES C,HDFCN26011497590055,,-58033.8,1,0,2,14,1,631,116974.839207607,38044.38,203932.55657779044,2196000.0,-0.2890222149748994,1.5254237288135597,2,11,1,1,0,7.275957614183426e-11,0,-0.190008944297557,14.221556886227546,LOW,0,Transaction narration pattern is rarely seen,NORMAL
btx_5104f9457b10,bac_eb0ff218,2026-03-15,2026-03-15,58033.8,0.0,58033.8,1653556.9,"NEFT DR-HDFC0412283-Rao And Associates Chartered-NETBANK, MUM-MONTHLY ACCOUNTING-HDFC",RAO AND ASSOCIATES C,HDFCN26031530295030,,-58033.8,1,0,6,15,3,631,116974.839207607,38044.38,203932.55657779044,2196000.0,-0.2890222149748994,1.5254237288135597,3,11,1,1,0,-4.365574568510056e-11,0,-0.1900832530218376,14.146706586826346,LOW,0,Transaction narration pattern is rarely seen,NORMAL
btx_0d3753cf1f4d,bac_eb0ff218,2026-05-08,2026-05-08,76665.86,0.0,76665.86,1731821.9,IMPS-104032352249-PragatiTextileMills-KKBK-XXXXXXXX6923-VENDOR PMT,PRAGATI TEXTILE MILL,104032352249,,-76665.86,1,0,4,8,5,631,116974.839207607,38044.38,203932.55657779044,2196000.0,-0.1976583821829892,2.015169126162656,5,7,1,1,0,-1.0186340659856795e-10,0,-0.1901899695660241,14.071856287425147,LOW,0,Elevated transaction activity for this account on the same day; Transaction narration pattern is rarely seen,NORMAL
btx_5e9acf606c0a,bac_eb0ff218,2026-08-25,2026-08-25,44385.7,0.0,44385.7,1470098.28,"NEFT DR-HDFC0335006-SUPREME EDUCATIONAL SOCI-NETBANK, MUM-PAYMENT-HDFCN26082586458051",SUPREME EDUCATIONAL ,HDFCN26082586458051,,-44385.7,1,0,1,25,8,631,116974.839207607,38044.38,203932.55657779044,2196000.0,-0.3559467915556569,1.1666821748705063,5,16,1,1,0,4.365574568510056e-11,0,-0.1902714592666226,13.997005988023952,LOW,0,Elevated transaction activity for this account on the same day; Transaction narration pattern is rarely seen,NORMAL
btx_2756b68ffe7e,bac_eb0ff218,2026-03-09,2026-03-09,18163.95,0.0,18163.95,1245750.57,IMPS-454757236037-M/S BHARAT TRANSPORT SE-HDFC-XXXXXXXX0706-BTS/25-26/0031,BHARAT TRANSPORT SER,454757236037,,-18163.95,1,0,0,9,3,631,116974.839207607,38044.38,203932.55657779044,2196000.0,-0.4845272911091829,0.4774410832822088,3,24,1,1,0,4.729372449219227e-11,0,-0.1903298425129582,13.922155688622754,LOW,0,Transaction narration pattern is rarely seen,NORMAL
btx_2567c0c67fcd,bac_eb0ff218,2026-09-02,2026-09-02,11935.35,0.0,11935.35,1571171.88,UPI-METRO CABS HYDERABAD-metrocabs@paytm-UTIB0252131-150304369244-CLIENT VISIT TRAVE,METRO CABS HYDERABAD,150304369244,,-11935.35,1,0,2,2,9,631,116974.839207607,38044.38,203932.55657779044,2196000.0,-0.5150697415375141,0.3137217638978478,1,17,1,1,0,-9.276845958083868e-11,0,-0.1904090744223732,13.847305389221557,LOW,0,Transaction narration pattern is rarely seen,NORMAL
btx_d4a5ee2bb073,bac_eb0ff218,2026-03-22,2026-03-22,25723.0,0.0,25723.0,1576760.22,"NEFT DR-HDFC0113842-Brandwave Events-NETBANK, MUM-MARKETING CAMPAIGN-HDFCN26032249813",BRANDWAVE EVENTS,HDFCN26032249813159,,-25723.0,1,0,6,22,3,631,116974.839207607,38044.38,203932.55657779044,2196000.0,-0.4474608700979964,0.6761314023253895,2,7,1,1,0,0.0,0,-0.1904673552230648,13.77245508982036,LOW,0,Transaction narration pattern is rarely seen,NORMAL
btx_514642f20e85,bac_eb0ff218,2025-10-30,2025-10-30,4101.0,0.0,4101.0,865438.86,UPI-Speedpost Couriers-speedpost@paytm-HDFC0706837-543022236053-MISCELLANEOUS EXPE,SPEEDPOST COURIERS,543022236053,,-4101.0,1,0,3,30,10,631,116974.839207607,38044.38,203932.55657779044,2196000.0,-0.5534861186548753,0.1077951592324543,2,6,1,1,0,0.0,0,-0.1906450805709316,13.697604790419163,LOW,0,Transaction narration pattern is rarely seen,NORMAL
btx_f546ad65461c,bac_eb0ff218,2026-05-26,2026-05-26,109891.0,0.0,109891.0,1478299.82,IMPS-380211080083-GOMATHIHEALTHCARESUPPLIES-HDFC-XXXXXXXX4228-GHS/26-27/0265,GOMATHI HEALTHCARE S,380211080083,,-109891.0,1,0,1,26,5,631,116974.839207607,38044.38,203932.55657779044,2196000.0,-0.0347361859552074,2.8884949629879637,4,11,1,1,0,0.0,0,-0.1907569829038075,13.622754491017965,LOW,0,Transaction narration pattern is rarely seen,NORMAL
btx_e7335d86df7d,bac_eb0ff218,2026-06-11,2026-06-11,5397.0,0.0,5397.0,1489924.48,UPI-Bank charges-bankcharg@okicici-SBIN0367433-460412952360-MISCELLANEOUS EXPE,BANK CHARGES,460412952360,,-5397.0,1,0,3,11,6,631,116974.839207607,38044.38,203932.55657779044,2196000.0,-0.5471310764696142,0.1418606374975752,6,4,1,1,0,0.0,0,-0.190817683050091,13.547904191616766,LOW,0,Elevated transaction activity for this account on the same day; Transaction narration pattern is rarely seen,NORMAL
btx_cbd76167111a,bac_eb0ff218,2026-06-11,2026-06-11,5679.0,0.0,5679.0,1495321.48,UPI-BANK CHARGES-bankcharg@ybl-SBIN0367433-383369913212-MISCELLANEOUS EXPE,BANK CHARGES,383369913212,,-5679.0,1,0,3,11,6,631,116974.839207607,38044.38,203932.55657779044,2196000.0,-0.5457482663644879,0.1492730332311894,6,4,1,1,0,0.0,0,-0.1910003841985899,13.47305389221557,LOW,0,Elevated transaction activity for this account on the same day; Transaction narration pattern is rarely seen,NORMAL
btx_489c152d2cb5,bac_eb0ff218,2026-07-30,2026-07-30,101451.68,0.0,101451.68,681040.09,IMPS-143005577144-BANERJEE WAREHOUSING-HDFC-XXXXXXXX8612-BWP/26-27/0170,BANERJEE WAREHOUSING,143005577144,,-101451.68,1,0,3,30,7,631,116974.839207607,38044.38,203932.55657779044,2196000.0,-0.0761190830346191,2.6666666666666665,3,10,1,1,0,-5.820766091346741e-11,0,-0.1910041164004994,13.39820359281437,LOW,0,Transaction narration pattern is rarely seen,NORMAL
btx_5fba25e00c34,bac_eb0ff218,2026-05-10,2026-05-10,12047.8,0.0,12047.8,1652555.4,POS 416021XXXXXX0201 ZENITH SAAS SOLUTIONS,ZENITH SAAS SOLUTION,395536578849,,-12047.8,1,0,6,10,5,631,116974.839207607,38044.38,203932.55657779044,2196000.0,-0.5145183337491401,0.3166775224093545,1,11,1,1,0,-4.729372449219227e-11,0,-0.1911828299523651,13.323353293413174,LOW,0,Transaction narration pattern is rarely seen,NORMAL
btx_55505273eb78,bac_eb0ff218,2026-06-11,2026-06-11,33829.95,0.0,33829.95,1409947.08,"NEFT DR-HDFC0192081-Bharat Transport Servi-NETBANK, MUM-BILL PMT-HDFCN26061120319693",BHARAT TRANSPORT SER,HDFCN26061120319693,,-33829.95,1,0,3,11,6,631,116974.839207607,38044.38,203932.55657779044,2196000.0,-0.4077077765456798,0.88922332286661,6,24,1,1,0,4.365574568510056e-11,0,-0.1912283221173767,13.248502994011975,LOW,0,Elevated transaction activity for this account on the same day; Transaction narration pattern is rarely seen,NORMAL
btx_24cd7c1fcc24,bac_eb0ff218,2025-11-26,2025-11-26,11793.6,0.0,11793.6,1185210.94,"NEFT DR-HDFC0192081-BHARAT TRANSPORT SERVICES-NETBANK, MUM-BTS/25-26/0020-HDFCN251126",BHARAT TRANSPORT SER,HDFCN25112618947798,,-11793.6,1,0,2,26,11,631,116974.839207607,38044.38,203932.55657779044,2196000.0,-0.5157648242765269,0.3099958522126002,1,24,1,1,0,-9.276845958083868e-11,0,-0.1912387740516133,13.17365269461078,LOW,0,Transaction narration pattern is rarely seen,NORMAL
btx_bd0d6bd35b9b,bac_eb0ff218,2026-08-29,2026-08-29,21616.35,0.0,21616.35,693747.48,UPI- metro cabs hyderabad-metrocabs@oksbi-UTIB0252131-121326402933-CLIENT VISIT TRAVE,METRO CABS HYDERABAD,121326402933,,-21616.35,1,0,5,29,8,631,116974.839207607,38044.38,203932.55657779044,2196000.0,-0.4675981648434458,0.5681877323273503,1,17,1,1,0,2.182787284255028e-11,0,-0.1913472838382248,13.09880239520958,LOW,0,Transaction narration pattern is rarely seen,NORMAL
btx_eb75610abec8,bac_eb0ff218,2026-02-18,2026-02-18,101451.68,0.0,101451.68,819004.02,IMPS- 372943531135-Banerjee Warehousing P-HDFC-XXXXXXXX8612-,BANERJEE WAREHOUSING,372943531135,,-101451.68,1,0,2,18,2,631,116974.839207607,38044.38,203932.55657779044,2196000.0,-0.0761190830346191,2.6666666666666665,2,10,1,1,0,5.820766091346741e-11,0,-0.191370941039033,13.023952095808385,LOW,0,Transaction narration pattern is rarely seen,NORMAL
btx_cd74ea5c687a,bac_eb0ff218,2025-12-12,2025-12-12,72649.72,0.0,72649.72,1283296.73,"NEFT DR-ICIC0288312-OM SAI STEEL AND PIPES LLP-NETBANK, MUM-PAYMENT-HDFCN251212905058",OM SAI STEEL AND PIP,HDFCN25121290505811,,-72649.72,1,0,4,12,12,631,116974.839207607,38044.38,203932.55657779044,2196000.0,-0.2173518537276763,1.9096045197740117,1,7,1,1,0,2.9103830456733704e-11,0,-0.1914068547122668,12.949101796407186,LOW,0,Transaction narration pattern is rarely seen,NORMAL
btx_3e1f81e8a876,bac_eb0ff218,2026-07-28,2026-07-28,24394.14,0.0,24394.14,1083441.92,IMPS-944102705490-M/S NAVARATNA MACHINERY MAI-KKBK-XXXXXXXX3465-PAYMENT,NAVARATNA MACHINERY ,944102705490,,-24394.14,1,0,1,28,7,631,116974.839207607,38044.38,203932.55657779044,2196000.0,-0.4539770439855782,0.6412021959616637,5,10,1,1,0,-1.3096723705530167e-10,0,-0.191410292140349,12.874251497005988,LOW,0,Elevated transaction activity for this account on the same day; Transaction narration pattern is rarely seen,NORMAL
btx_99483eefd9cf,bac_eb0ff218,2025-11-22,2025-11-22,1351.35,0.0,1351.35,896313.86,UPI-HYDERABAD HOUSE CATERER-hyderabad@paytm-KKBK0341565-896545248272-TEAM AND CLIENT ,HYDERABAD HOUSE CATE,896545248272,,-1351.35,1,0,5,22,11,631,116974.839207607,38044.38,203932.55657779044,2196000.0,-0.5669692527171462,0.035520358066027,2,10,1,1,0,2.319211489520967e-11,0,-0.1914321339294776,12.79940119760479,LOW,0,Transaction narration pattern is rarely seen,NORMAL
btx_6135635fb1e5,bac_eb0ff218,2026-01-10,2026-01-10,12047.8,0.0,12047.8,1058187.69,POS 416021XXXXXX2427 Zenith Saas Solutions,ZENITH SAAS SOLUTION,553337525462,,-12047.8,1,0,5,10,1,631,116974.839207607,38044.38,203932.55657779044,2196000.0,-0.5145183337491401,0.3166775224093545,2,11,1,1,0,-4.729372449219227e-11,0,-0.191455784866741,12.724550898203594,LOW,0,Transaction narration pattern is rarely seen,NORMAL
btx_c6a192dfc881,bac_eb0ff218,2025-10-07,2025-10-07,45137.4,0.0,45137.4,2554940.12,IMPS-313135034190-JANATA CATERERS-UTIB-XXXXXXXX4333-JCL/25-26/0105,JANATA CATERERS,313135034190,,-45137.4,1,0,1,7,10,631,116974.839207607,38044.38,203932.55657779044,2196000.0,-0.3522607690165668,1.186440677966102,4,13,1,1,0,9.458744898438454e-11,0,-0.1914779946612729,12.649700598802395,LOW,0,Transaction narration pattern is rarely seen,NORMAL
btx_ecdbbe8d7eeb,bac_eb0ff218,2026-06-07,2026-06-07,2796.15,0.0,2796.15,1577324.13,POS 416021XXXXXX0214 CAFENIRVANA,CAFE NIRVANA,039040106337,,-2796.15,1,0,6,7,6,631,116974.839207607,38044.38,203932.55657779044,2196000.0,-0.559884557540244,0.0734970579097359,3,10,1,1,0,-1.3960743672214448e-10,0,-0.1915015598907981,12.574850299401197,LOW,0,Transaction narration pattern is rarely seen,NORMAL
btx_0dd554f7c863,bac_eb0ff218,2026-06-02,2026-06-02,5562.9,0.0,5562.9,1498138.24,UPI-HYDERABADHOUSECATERER-hyderabadh@paytm-KKBK0341565-155238593451-TEAM AND CLIENT M,HYDERABAD HOUSE CATE,155238593451,,-5562.9,1,0,1,2,6,631,116974.839207607,38044.38,203932.55657779044,2196000.0,-0.5463175722269176,0.1462213341366057,2,10,1,1,0,9.276845958083868e-11,0,-0.1915214388658388,12.5,LOW,0,Transaction narration pattern is rarely seen,NORMAL
btx_d43b27038fe3,bac_eb0ff218,2026-09-29,2026-09-29,12654.32,0.0,12654.32,705009.59,POS 416021XXXXXX6754 M/S Paper Point,PAPER POINT,005239343579,,-12654.32,1,0,1,29,9,631,116974.839207607,38044.38,203932.55657779044,2196000.0,-0.5115442132350935,0.3326199559567011,1,8,1,1,0,-6.548361852765083e-11,0,-0.1915864837924832,12.4251497005988,LOW,0,Transaction narration pattern is rarely seen,NORMAL
btx_2ff98c8dd1e4,bac_eb0ff218,2026-05-14,2026-05-14,20239.8,0.0,20239.8,2336359.54,"NEFT DR-HDFC0192081-BHARAT TRANSPORT SE-NETBANK, MUM-BTS/26-27/0019-HDFCN260514230003",BHARAT TRANSPORT SER,HDFCN26051423000344,,-20239.8,1,0,3,14,5,631,116974.839207607,38044.38,203932.55657779044,2196000.0,-0.4743481905534157,0.5320049899617236,6,24,1,1,0,1.8553691916167736e-10,0,-0.1916113524374831,12.350299401197605,LOW,0,Elevated transaction activity for this account on the same day; Transaction narration pattern is rarely seen,NORMAL
btx_2f3831434213,bac_eb0ff218,2025-12-18,2025-12-18,92306.59,0.0,92306.59,1235751.99,"NEFT DR-UTIB0617631-kumaran paper produ-NETBANK, MUM-KPP/25-26/0293-HDFCN251218404350",KUMARAN PAPER PRODUC,HDFCN25121840435057,,-92306.59,1,0,3,18,12,631,116974.839207607,38044.38,203932.55657779044,2196000.0,-0.1209627811349348,2.4262871414910694,3,5,1,1,0,-8.731149137020111e-11,0,-0.1916412390832055,12.275449101796406,LOW,0,Transaction narration pattern is rarely seen,NORMAL
btx_f488ff29760d,bac_eb0ff218,2026-06-14,2026-06-14,12333.0,0.0,12333.0,830210.4,TAX PAYMENT- ITNS280-051030814062609330,CBDT,051030814062609330,,-12333.0,1,0,6,14,6,631,116974.839207607,38044.38,203932.55657779044,2196000.0,-0.5131198321818281,0.3241740304349815,1,17,1,1,0,0.0,0,-0.1919913587279647,12.20059880239521,LOW,0,Transaction narration pattern is rarely seen,NORMAL
btx_9d1bf065a7cc,bac_eb0ff218,2026-03-26,2026-03-26,5380.2,0.0,5380.2,1184229.83,POS 416021XXXXXX5012 HYDERABAD HOUSE CATERE,HYDERABAD HOUSE CATE,260192349310,,-5380.2,1,0,3,26,3,631,116974.839207607,38044.38,203932.55657779044,2196000.0,-0.5472134566460898,0.1414190479645088,5,10,1,1,0,4.638422979041934e-11,0,-0.192043702173432,12.125748502994012,LOW,0,Elevated transaction activity for this account on the same day; Transaction narration pattern is rarely seen,NORMAL
btx_b75e19d879b2,bac_eb0ff218,2026-01-16,2026-01-16,25303.95,0.0,25303.95,1742211.58,IMPS-102518862861-BHARAT TRANSPORT SER-HDFC-XXXXXXXX0706-BTS/25-26/0026,BHARAT TRANSPORT SER,102518862861,,-25303.95,1,0,4,16,1,631,116974.839207607,38044.38,203932.55657779044,2196000.0,-0.4495157161070501,0.6651166348354213,2,24,1,1,0,4.729372449219227e-11,0,-0.1920487453411714,12.050898203592816,LOW,0,Transaction narration pattern is rarely seen,NORMAL
btx_ee952f2e6b4e,bac_eb0ff218,2026-07-17,2026-07-17,135508.28,0.0,135508.28,1718783.76,IMPS-911559901391-AARAV PANDEY-SBIN-XXXXXXXX3913-AOF/26-27/0240,AARAV PANDEY,911559901391,,-135508.28,1,0,4,17,7,631,116974.839207607,38044.38,203932.55657779044,2196000.0,0.0908802454272346,3.561847505465985,2,2,1,1,0,-2.9103830456733704e-11,0,-0.1920517595621302,11.976047904191615,LOW,0,Counterparty is rarely seen in the dataset; Transaction narration pattern is rarely seen,NORMAL
btx_4be236435a5a,bac_eb0ff218,2026-08-22,2026-08-22,81433.16,0.0,81433.16,1770604.6,"NEFT DR-SBIN0740737-PIXEL BLOOM DIGITAL-NETBANK, MUM-MARKETING CAMPAIGN-HDFCN26082214",PIXEL BLOOM DIGITAL,HDFCN26082214709729,,-81433.16,1,0,5,22,8,631,116974.839207607,38044.38,203932.55657779044,2196000.0,-0.1742815360334559,2.1404780416976177,2,1,1,1,0,8.731149137020111e-11,0,-0.1921385238453191,11.901197604790418,LOW,0,Counterparty is rarely seen in the dataset; Transaction narration pattern is rarely seen,NORMAL
btx_3efa572872ed,bac_eb0ff218,2026-01-09,2026-01-09,22827.1,0.0,22827.1,1171687.17,POS 416021XXXXXX8012 CLOUDSTACK SOFTWARE,CLOUDSTACK SOFTWARE,220920485559,,-22827.1,1,0,4,9,1,631,116974.839207607,38044.38,203932.55657779044,2196000.0,-0.4616611530179791,0.6000124065630719,1,11,1,1,0,-9.458744898438454e-11,0,-0.1921803861418613,11.826347305389222,LOW,0,Transaction narration pattern is rarely seen,NORMAL
btx_ddfcac3b64be,bac_eb0ff218,2026-08-25,2026-08-25,10633.35,0.0,10633.35,1308553.93,POS 416021XXXXXX2734 METRO CABS HYDERABAD,METRO CABS HYDERABAD,352775483405,,-10633.35,1,0,1,25,8,631,116974.839207607,38044.38,203932.55657779044,2196000.0,-0.5214542052143736,0.2794985750852031,5,17,1,1,0,-9.276845958083868e-11,0,-0.1921892300694989,11.751497005988025,LOW,0,Elevated transaction activity for this account on the same day; Transaction narration pattern is rarely seen,NORMAL
btx_9533d2cab5b3,bac_eb0ff218,2026-07-04,2026-07-04,74517.0,0.0,74517.0,1966182.77,"NEFT DR-SBIN0493140-SAMBHAV INDUSTRIAL SPA-NETBANK, MUM-PAYMENT-HDFCN26070408187442",SAMBHAV INDUSTRIAL S,HDFCN26070408187442,,-74517.0,1,0,5,4,7,631,116974.839207607,38044.38,203932.55657779044,2196000.0,-0.2081954932556899,1.9586861449706896,3,8,1,1,0,0.0,0,-0.1922469914222156,11.676646706586826,LOW,0,Transaction narration pattern is rarely seen,NORMAL
btx_e38fd07148c4,bac_eb0ff218,2025-10-30,2025-10-30,38044.38,0.0,38044.38,827394.48,"NEFT DR-SBIN0695480-Bhagya Facility Services-NETBANK, MUM-VENDOR PMT-HDFCN25103035854",BHAGYA FACILITY SERV,HDFCN25103035854701,,-38044.38,1,0,3,30,10,631,116974.839207607,38044.38,203932.55657779044,2196000.0,-0.3870419737394839,1.0,2,18,1,1,0,-7.275957614183426e-12,0,-0.1922593212806426,11.60179640718563,LOW,0,Transaction narration pattern is rarely seen,NORMAL
btx_2ab70a778061,bac_eb0ff218,2026-05-08,2026-05-08,44385.7,0.0,44385.7,1687430.3,"NEFT DR-HDFC0335006-Supreme Educational Society-NETBANK, MUM-BILL PMT-HDFCN2605082275",SUPREME EDUCATIONAL ,HDFCN26050822754880,,-44385.7,1,0,4,8,5,631,116974.839207607,38044.38,203932.55657779044,2196000.0,-0.3559467915556569,1.1666821748705063,5,16,1,1,0,4.365574568510056e-11,0,-0.1922733686696284,11.526946107784433,LOW,0,Elevated transaction activity for this account on the same day; Transaction narration pattern is rarely seen,NORMAL
btx_ca38c1776910,bac_eb0ff218,2026-06-02,2026-06-02,13610.1,0.0,13610.1,1484528.14,POS 416021XXXXXX5140 Skyline Travels,SKYLINE TRAVELS,439790488114,,-13610.1,1,0,1,2,6,631,116974.839207607,38044.38,203932.55657779044,2196000.0,-0.506857467695102,0.3577427204754027,2,18,1,1,0,-9.276845958083868e-11,0,-0.1923241559921829,11.452095808383234,LOW,0,Transaction narration pattern is rarely seen,NORMAL
btx_db48ef777c14,bac_eb0ff218,2026-04-29,2026-04-29,5193.0,0.0,5193.0,478114.41,UPI-Local hardware store-localhard@okicici-UTIB0402256-144192608442-MISCELLANEOUS EXP,LOCAL HARDWARE STORE,144192608442,,-5193.0,1,0,2,29,4,631,116974.839207607,38044.38,203932.55657779044,2196000.0,-0.5481314071839608,0.1364984788817691,2,4,1,1,0,0.0,0,-0.1924042437183914,11.377245508982035,LOW,0,Transaction narration pattern is rarely seen,NORMAL
btx_52648959c8a6,bac_eb0ff218,2026-05-29,2026-05-29,3403.0,0.0,3403.0,1167535.36,UPI- Speedpost Couriers-speedpost@paytm-HDFC0706837-343602243336-MISCELLANEOUS EXPE,SPEEDPOST COURIERS,343602243336,,-3403.0,1,0,4,29,5,631,116974.839207607,38044.38,203932.55657779044,2196000.0,-0.5569088188441594,0.0894481655371963,1,6,1,1,0,0.0,0,-0.1925124437433502,11.30239520958084,LOW,0,Transaction narration pattern is rarely seen,NORMAL
btx_5c487bd3eb4f,bac_eb0ff218,2026-03-15,2026-03-15,6635.0,0.0,6635.0,1646921.9,ESIC CHALLAN-101750424233,ESIC,101750424233,,-6635.0,1,0,6,15,3,631,116974.839207607,38044.38,203932.55657779044,2196000.0,-0.5410604420364713,0.1744015804699669,3,12,1,1,0,0.0,0,-0.1926105798892109,11.22754491017964,LOW,0,Transaction narration pattern is rarely seen,NORMAL
btx_5039a94be923,bac_eb0ff218,2026-02-21,2026-02-21,45137.4,0.0,45137.4,773860.72,IMPS-159505446612-Janata Caterers Llp-UTIB-XXXXXXXX4333-PAYMENT,JANATA CATERERS,159505446612,,-45137.4,1,0,5,21,2,631,116974.839207607,38044.38,203932.55657779044,2196000.0,-0.3522607690165668,1.186440677966102,3,13,1,1,0,-2.182787284255028e-11,0,-0.1926151726628079,11.152694610778443,LOW,0,Transaction narration pattern is rarely seen,NORMAL
btx_0493d4c3e267,bac_eb0ff218,2026-07-03,2026-07-03,75858.0,0.0,75858.0,2116966.11,UPI-SAMBHAV INDUSTRIAL SP-sambhavin@okicici-SBIN0493140-008356921486-PAYMENT,SAMBHAV INDUSTRIAL S,008356921486,,-75858.0,1,0,4,3,7,631,116974.839207607,38044.38,203932.55657779044,2196000.0,-0.2016197898834406,1.9939344523422384,4,8,1,1,0,0.0,0,-0.1926692510524776,11.077844311377245,LOW,0,Transaction narration pattern is rarely seen,NORMAL
btx_53a1d9d2cb6f,bac_eb0ff218,2025-10-23,2025-10-23,44385.7,0.0,44385.7,1338972.23,"NEFT DR-HDFC0699307-SHIVA IT SERVICES-NETBANK, MUM-VENDOR PMT-HDFCN25102325484677",SHIVA IT SERVICES,HDFCN25102325484677,,-44385.7,1,0,3,23,10,631,116974.839207607,38044.38,203932.55657779044,2196000.0,-0.3559467915556569,1.1666821748705063,1,1,1,1,0,4.365574568510056e-11,0,-0.1930461408424408,11.002994011976048,LOW,0,Counterparty is rarely seen in the dataset; Transaction narration pattern is rarely seen,NORMAL
btx_9b24559140b8,bac_eb0ff218,2026-04-08,2026-04-08,63275.31,0.0,63275.31,1171569.56,UPI-GALAXY ELECTRICAL DISTRIBUTO-galaxyele@ybl-SBIN0345284-914454395642-GED/25-26/016,GALAXY ELECTRICAL DI,914454395642,,-63275.31,1,0,2,8,4,631,116974.839207607,38044.38,203932.55657779044,2196000.0,-0.2633200412368841,1.6631972974720577,1,5,1,1,0,-5.820766091346741e-11,0,-0.1930596991869356,10.928143712574853,LOW,0,Transaction narration pattern is rarely seen,NORMAL
btx_aa3d189496f8,bac_eb0ff218,2026-05-07,2026-05-07,139281.12,0.0,139281.12,951736.91,"NEFT DR-ICIC0055422-Banjara Estates LLP-NETBANK, MUM-HEAD OFFICE RENT-HDFCN2605079150",BANJARA ESTATES,HDFCN26050791501641,,-139281.12,1,0,3,7,5,631,116974.839207607,38044.38,203932.55657779044,2196000.0,0.1093806754876053,3.6610169491525424,2,11,1,1,0,0.0,0,-0.1931091687020981,10.853293413173652,LOW,0,Transaction narration pattern is rarely seen,NORMAL
btx_26aa6dbd3324,bac_eb0ff218,2026-03-25,2026-03-25,114994.0,0.0,114994.0,1202062.57,IMPS-222734333007-GOMATHI HEALTHCARE SUP-HDFC-XXXXXXXX4228-VENDOR PMT,GOMATHI HEALTHCARE S,222734333007,,-114994.0,1,0,2,25,3,631,116974.839207607,38044.38,203932.55657779044,2196000.0,-0.0097132073507419,3.0226277836568767,3,11,1,1,0,0.0,0,-0.1931595221639901,10.778443113772456,LOW,0,Transaction narration pattern is rarely seen,NORMAL
btx_a5db5042f8dd,bac_eb0ff218,2026-07-12,2026-07-12,8243.48,0.0,8243.48,1501658.69,"NEFT DR-KKBK0921023-FiberNet Broadband-NETBANK, MUM-INTERNET LEASED LI-HDFCN260712278",FIBERNET BROADBAND,HDFCN26071227835146,,-8243.48,1,0,6,12,7,631,116974.839207607,38044.38,203932.55657779044,2196000.0,-0.533173128568764,0.2166806240501225,1,10,1,1,0,1.8189894035458565e-11,0,-0.1934467588887809,10.703592814371255,LOW,0,Transaction narration pattern is rarely seen,NORMAL
btx_373f26841723,bac_eb0ff218,2026-03-26,2026-03-26,12446.64,0.0,12446.64,1189610.03,UPI-Supreme Stationers-supremest@ybl-HDFC0186011-711250226460-OFFICE SUPPLIES PU,SUPREME STATIONERS,711250226460,,-12446.64,1,0,3,26,3,631,116974.839207607,38044.38,203932.55657779044,2196000.0,-0.5125625891309538,0.3271610682050805,5,9,1,1,0,1.0186340659856795e-10,0,-0.1934661364565719,10.62874251497006,LOW,0,Elevated transaction activity for this account on the same day; Transaction narration pattern is rarely seen,NORMAL
btx_36ffb4d48a49,bac_eb0ff218,2026-05-14,2026-05-14,14918.4,0.0,14918.4,2321441.14,UPI-M/S REDLINE TOURS AND TR-msredlin@ybl-YESB0221736-353123448104-CLIENT VISIT TRAVE,REDLINE TOURS AND TR,353123448104,,-14918.4,1,0,3,14,5,631,116974.839207607,38044.38,203932.55657779044,2196000.0,-0.5004421114520642,0.3921315053629471,6,17,1,1,0,9.276845958083868e-11,0,-0.193573055818427,10.553892215568862,LOW,0,Elevated transaction activity for this account on the same day; Transaction narration pattern is rarely seen,NORMAL
btx_d37c6684560d,bac_eb0ff218,2026-08-22,2026-08-22,101278.44,0.0,101278.44,1669326.16,"NEFT DR-HDFC0113842-Brandwave Events-NETBANK, MUM-MARKETING CAMPAIGN-HDFCN26082230814",BRANDWAVE EVENTS,HDFCN26082230814410,,-101278.44,1,0,5,22,8,631,116974.839207607,38044.38,203932.55657779044,2196000.0,-0.0769685795687044,2.662113037457833,2,7,1,1,0,-1.7462298274040222e-10,0,-0.1937910659251331,10.479041916167663,LOW,0,Transaction narration pattern is rarely seen,NORMAL
btx_0210dba0abc6,bac_eb0ff218,2026-06-15,2026-06-15,44385.7,0.0,44385.7,690072.7,IMPS-043205453235-SUPREME EDUCATIONAL SOCIETY-HDFC-XXXXXXXX1195-SIS/26-27/0281,SUPREME EDUCATIONAL ,043205453235,,-44385.7,1,0,0,15,6,631,116974.839207607,38044.38,203932.55657779044,2196000.0,-0.3559467915556569,1.1666821748705063,4,16,1,1,0,-7.275957614183426e-11,0,-0.1940058795455034,10.404191616766468,LOW,0,Transaction narration pattern is rarely seen,NORMAL
btx_8c83ec9c8fb5,bac_eb0ff218,2026-06-11,2026-06-11,43408.0,0.0,43408.0,1443777.03,"NEFT DR-UTIB0034035-City Power Distribution-NETBANK, MUM-ELECTRICITY CHARGE-HDFCN2606",CITY POWER DISTRIBUT,HDFCN26061167122435,,-43408.0,1,0,3,11,6,631,116974.839207607,38044.38,203932.55657779044,2196000.0,-0.3607410236116212,1.1409832411515184,6,11,1,1,0,0.0,0,-0.1940351696044642,10.32934131736527,LOW,0,Elevated transaction activity for this account on the same day; Transaction narration pattern is rarely seen,NORMAL
btx_c20b14277164,bac_eb0ff218,2025-12-10,2025-12-10,22827.1,0.0,22827.1,1450424.33,POS 416021XXXXXX1771 CloudStack Software,CLOUDSTACK SOFTWARE,623000245105,,-22827.1,1,0,2,10,12,631,116974.839207607,38044.38,203932.55657779044,2196000.0,-0.4616611530179791,0.6000124065630719,1,11,1,1,0,1.382431946694851e-10,0,-0.194096498542429,10.254491017964073,LOW,0,Transaction narration pattern is rarely seen,NORMAL
btx_5ff2adc88b0e,bac_eb0ff218,2026-06-30,2026-06-30,26631.42,0.0,26631.42,2918015.66,UPI-BHAGYA FACILITY SER-bhagyafac@paytm-SBIN0695480-621506645911-VENDOR PMT,BHAGYA FACILITY SERV,621506645911,,-26631.42,1,0,1,30,6,631,116974.839207607,38044.38,203932.55657779044,2196000.0,-0.4430063581983552,0.700009304922304,3,18,1,1,0,7.275957614183426e-11,0,-0.1941858467367901,10.179640718562874,LOW,0,Transaction narration pattern is rarely seen,NORMAL
btx_7eaa72878b53,bac_eb0ff218,2026-06-13,2026-06-13,124503.4,0.0,124503.4,900577.2,"NEFT DR-HDFC0133880-GOMATHI HEALTHCARE SUPPLIES-NETBANK, MUM-GHS/26-27/0265-HDFCN2606",GOMATHI HEALTHCARE S,HDFCN26061302057564,,-124503.4,1,0,5,13,6,631,116974.839207607,38044.38,203932.55657779044,2196000.0,0.0369169146836112,3.2725832304272013,2,11,1,1,0,-2.9103830456733704e-11,0,-0.1942101768700693,10.104790419161676,LOW,0,Transaction narration pattern is rarely seen,NORMAL
btx_2821935d9574,bac_eb0ff218,2026-03-24,2026-03-24,88049.73,0.0,88049.73,1343687.99,"NEFT DR-KKBK0356604-PRAGATI TEXTILE MILL-NETBANK, MUM-PAYMENT-HDFCN26032461378133",PRAGATI TEXTILE MILL,HDFCN26032461378133,,-88049.73,1,0,1,24,3,631,116974.839207607,38044.38,203932.55657779044,2196000.0,-0.141836642922551,2.314395187935774,3,7,1,1,0,1.4551915228366852e-11,0,-0.1942375168001925,10.02994011976048,LOW,0,Transaction narration pattern is rarely seen,NORMAL
btx_6813bb7e045d,bac_eb0ff218,2026-08-04,2026-08-04,7949.66,0.0,7949.66,1172907.53,POS 416021XXXXXX3238 PAPER POINT,PAPER POINT,821491253014,,-7949.66,1,0,1,4,8,631,116974.839207607,38044.38,203932.55657779044,2196000.0,-0.534613899012339,0.2089575385378865,2,8,1,1,0,8.36735125631094e-11,0,-0.194257283560632,9.95508982035928,LOW,0,Transaction narration pattern is rarely seen,NORMAL
btx_4ba567244774,bac_eb0ff218,2026-05-17,2026-05-17,5235.66,0.0,5235.66,1684389.73,POS 416021XXXXXX1922 SUPREME STATIONERS,SUPREME STATIONERS,316021435724,,-5235.66,1,0,6,17,5,631,116974.839207607,38044.38,203932.55657779044,2196000.0,-0.547922220378696,0.1376198008746627,2,9,1,1,0,8.36735125631094e-11,0,-0.1944062780326767,9.880239520958083,LOW,0,Transaction narration pattern is rarely seen,NORMAL
btx_a34e0bffa9a3,bac_eb0ff218,2026-07-02,2026-07-02,7287.0,0.0,7287.0,2910533.96,"NEFT DR-SBIN0064050-SKYLINE TRAVELS-NETBANK, MUM-CLIENT VISIT TRAVE-HDFCN260702830020",SKYLINE TRAVELS,HDFCN26070283002055,,-7287.0,1,0,3,2,7,631,116974.839207607,38044.38,203932.55657779044,2196000.0,-0.5378633066161085,0.1915394599675431,1,18,1,1,0,0.0,0,-0.1945004417603153,9.805389221556888,LOW,0,Transaction narration pattern is rarely seen,NORMAL
btx_f6de23d14a2b,bac_eb0ff218,2026-07-03,2026-07-03,3844.05,0.0,3844.05,2906689.91,POS 416021XXXXXX1688 Cafe Nirvana,CAFE NIRVANA,347403055823,,-3844.05,1,0,4,3,7,631,116974.839207607,38044.38,203932.55657779044,2196000.0,-0.554746094032578,0.1010412050347515,4,10,1,1,0,1.864464138634503e-10,0,-0.1946482279431977,9.73053892215569,LOW,0,Transaction narration pattern is rarely seen,NORMAL
btx_b873848ee1ca,bac_eb0ff218,2025-11-18,2025-11-18,27682.2,0.0,27682.2,1513623.85,"NEFT DR-HDFC0192081-BHARAT TRANSPORT SERVI-NETBANK, MUM-BTS/25-26/0019-HDFCN251118905",BHARAT TRANSPORT SER,HDFCN25111890575747,,-27682.2,1,0,1,18,11,631,116974.839207607,38044.38,203932.55657779044,2196000.0,-0.437853772374722,0.7276291531101309,3,24,1,1,0,4.729372449219227e-11,0,-0.1946831425094919,9.655688622754491,LOW,0,Transaction narration pattern is rarely seen,NORMAL
btx_0873809b9a6d,bac_eb0ff218,2025-10-15,2025-10-15,107181.5,0.0,107181.5,1878504.46,"NEFT DR-UTIB0617631-KUMARAN PAPER PRODUCTS P-NETBANK, MUM-PAYMENT-HDFCN25101505445981",KUMARAN PAPER PRODUC,HDFCN25101505445981,,-107181.5,1,0,2,15,10,631,116974.839207607,38044.38,203932.55657779044,2196000.0,-0.0480224412028655,2.817275508235382,3,5,1,1,0,0.0,0,-0.1948963315392413,9.580838323353294,LOW,0,Transaction narration pattern is rarely seen,NORMAL
btx_08254d60d952,bac_eb0ff218,2026-07-25,2026-07-25,67921.2,0.0,67921.2,1405382.96,"NEFT DR-UTIB0123844-MENON LEGAL LLP-NETBANK, MUM-LEGAL AND ADVISORY-HDFCN260725416614",MENON LEGAL,HDFCN26072541661479,,-67921.2,1,0,5,25,7,631,116974.839207607,38044.38,203932.55657779044,2196000.0,-0.2405385389698451,1.7853149400778776,3,2,1,1,0,4.365574568510056e-11,0,-0.1949496987940914,9.505988023952096,LOW,0,Counterparty is rarely seen in the dataset; Transaction narration pattern is rarely seen,NORMAL
btx_c39f3f0702ca,bac_eb0ff218,2026-09-07,2026-09-07,12047.8,0.0,12047.8,1256305.84,POS 416021XXXXXX2244 zenith saas solutions,ZENITH SAAS SOLUTION,142830165144,,-12047.8,1,0,0,7,9,631,116974.839207607,38044.38,203932.55657779044,2196000.0,-0.5145183337491401,0.3166775224093545,2,11,1,1,0,1.8553691916167736e-10,0,-0.1949994648969379,9.431137724550895,LOW,0,Transaction narration pattern is rarely seen,NORMAL
btx_5908697bc885,bac_eb0ff218,2026-05-22,2026-05-22,101451.68,0.0,101451.68,1534838.98,IMPS-397126203425-BANERJEE WAREHOUSING-HDFC-XXXXXXXX8612-BWP/26-27/0168,BANERJEE WAREHOUSING,397126203425,,-101451.68,1,0,4,22,5,631,116974.839207607,38044.38,203932.55657779044,2196000.0,-0.0761190830346191,2.6666666666666665,4,10,1,1,0,5.820766091346741e-11,0,-0.195037549385423,9.3562874251497,LOW,0,Transaction narration pattern is rarely seen,NORMAL
btx_3c6910b615b2,bac_eb0ff218,2026-06-21,2026-06-21,38044.38,0.0,38044.38,852022.42,IMPS-909113995245-Bhagya Facility Services-SBIN-XXXXXXXX4859-,BHAGYA FACILITY SERV,909113995245,,-38044.38,1,0,6,21,6,631,116974.839207607,38044.38,203932.55657779044,2196000.0,-0.3870419737394839,1.0,2,18,1,1,0,-7.275957614183426e-12,0,-0.1950407461186538,9.281437125748502,LOW,0,Transaction narration pattern is rarely seen,NORMAL
btx_388ec3b39ca9,bac_eb0ff218,2026-08-05,2026-08-05,64921.95,0.0,64921.95,1089051.98,"NEFT DR-UTIB0556330-Om Sai Steel and Pipes-NETBANK, MUM-OSS/26-27/0282-HDFCN260805804",OM SAI STEEL AND PIP,HDFCN26080580454753,,-64921.95,1,0,2,5,8,631,116974.839207607,38044.38,203932.55657779044,2196000.0,-0.2552456070826108,1.706479380134464,3,7,1,1,0,4.365574568510056e-11,0,-0.1950524615907759,9.206586826347303,LOW,0,Transaction narration pattern is rarely seen,NORMAL
btx_5b8c39c634c1,bac_eb0ff218,2026-04-21,2026-04-21,9294.86,0.0,9294.86,1683608.68,POS 416021XXXXXX0482 OFFICE MART,OFFICE MART,280938364251,,-9294.86,1,0,1,21,4,631,116974.839207607,38044.38,203932.55657779044,2196000.0,-0.5280176005959709,0.2443162432927018,1,5,1,1,0,-1.0186340659856795e-10,0,-0.1951834135976799,9.131736526946108,LOW,0,Transaction narration pattern is rarely seen,NORMAL
btx_792cfa299505,bac_eb0ff218,2026-03-14,2026-03-14,2801.0,0.0,2801.0,761590.7,UPI-SPEEDPOST COURIERS-speedpost@okhdfcbank-HDFC0706837-049454213285-MISCELLANEOUS EX,SPEEDPOST COURIERS,049454213285,,-2801.0,1,0,5,14,3,631,116974.839207607,38044.38,203932.55657779044,2196000.0,-0.5598607751678687,0.0736245406023176,4,6,1,1,0,0.0,0,-0.1952520965626524,9.056886227544911,LOW,0,Transaction narration pattern is rarely seen,NORMAL
btx_a0beff3d69be,bac_eb0ff218,2026-02-05,2026-02-05,38044.38,0.0,38044.38,1426806.59,"NEFT DR-SBIN0695480-BHAGYAFACILITYSERVICE-NETBANK, MUM-PAYMENT-HDFCN26020533434406",BHAGYA FACILITY SERV,HDFCN26020533434406,,-38044.38,1,0,3,5,2,631,116974.839207607,38044.38,203932.55657779044,2196000.0,-0.3870419737394839,1.0,3,18,1,1,0,1.0913936421275139e-10,0,-0.195281988777296,8.982035928143713,LOW,0,Transaction narration pattern is rarely seen,NORMAL
btx_b9eb3782c477,bac_eb0ff218,2026-08-10,2026-08-10,44057.0,0.0,44057.0,964330.99,"NEFT DR-UTIB0034035-City Power Distribution-NETBANK, MUM-ELECTRICITY CHARGE-HDFCN2608",CITY POWER DISTRIBUT,HDFCN26081058987411,,-44057.0,1,0,0,10,8,631,116974.839207607,38044.38,203932.55657779044,2196000.0,-0.3575585989370576,1.1580422653753328,2,11,1,1,0,0.0,0,-0.1952933784306957,8.907185628742514,LOW,0,Transaction narration pattern is rarely seen,NORMAL
btx_6d7ba92f13c6,bac_eb0ff218,2025-10-13,2025-10-13,15669.15,0.0,15669.15,2037832.96,POS 416021XXXXXX2155 SKYLINE TRAVELS,SKYLINE TRAVELS,271229451925,,-15669.15,1,0,0,13,10,631,116974.839207607,38044.38,203932.55657779044,2196000.0,-0.4967607473158105,0.4118650376218511,2,18,1,1,0,-1.4006218407303095e-10,0,-0.195399656822666,8.832335329341317,LOW,0,Transaction narration pattern is rarely seen,NORMAL
btx_108d01d54fed,bac_eb0ff218,2026-02-11,2026-02-11,39516.75,0.0,39516.75,2495273.18,UPI-Bharat Transport Servi-bharattra@okicici-HDFC0192081-563966579054-BILL PMT,BHARAT TRANSPORT SER,563966579054,,-39516.75,1,0,2,11,2,631,116974.839207607,38044.38,203932.55657779044,2196000.0,-0.3798220868086869,1.0387013798095803,2,24,1,1,0,0.0,0,-0.1954310426114894,8.757485029940119,LOW,0,Transaction narration pattern is rarely seen,NORMAL
btx_29e32e8cee12,bac_eb0ff218,2025-11-27,2025-11-27,4803.75,0.0,4803.75,1180407.19,UPI-M/S Metro Cabs Hyde-msmetro@okhdfcbank-UTIB0252131-154853240278-CLIENT VISIT TRAV,METRO CABS HYDERABAD,154853240278,,-4803.75,1,0,3,27,11,631,116974.839207607,38044.38,203932.55657779044,2196000.0,-0.5500401264514091,0.1262670071111686,2,17,1,1,0,0.0,0,-0.1954963027264365,8.682634730538922,LOW,0,Transaction narration pattern is rarely seen,NORMAL
btx_60bd27823e9a,bac_eb0ff218,2026-05-27,2026-05-27,1295.7,0.0,1295.7,1476998.22,POS 416021XXXXXX1006 CAFE NIRVANA,CAFE NIRVANA,076699448615,,-1295.7,1,0,2,27,5,631,116974.839207607,38044.38,203932.55657779044,2196000.0,-0.5672421370517217,0.0340575927377447,1,10,1,1,0,4.6611603465862566e-11,0,-0.1955555160670379,8.607784431137725,LOW,0,Transaction narration pattern is rarely seen,NORMAL
btx_bb46269fd871,bac_eb0ff218,2026-06-27,2026-06-27,12535.95,0.0,12535.95,1149771.96,UPI-SKYLINE TRAVELS-skylinetr@paytm-SBIN0064050-111490205046-CLIENT VISIT TRAVE,SKYLINE TRAVELS,111490205046,,-12535.95,1,0,5,27,6,631,116974.839207607,38044.38,203932.55657779044,2196000.0,-0.5121246502285112,0.3295085897049709,1,18,1,1,0,4.729372449219227e-11,0,-0.1956629052807346,8.532934131736528,LOW,0,Transaction narration pattern is rarely seen,NORMAL
btx_4a042b00488d,bac_eb0ff218,2026-06-15,2026-06-15,7252.0,0.0,7252.0,734458.4,ESIC CHALLAN-181008093327,ESIC,181008093327,,-7252.0,1,0,0,15,6,631,116974.839207607,38044.38,203932.55657779044,2196000.0,-0.538034931983766,0.1906194817736549,4,12,1,1,0,0.0,0,-0.1956991334640084,8.45808383233533,LOW,0,Transaction narration pattern is rarely seen,NORMAL
btx_25e2f28b75da,bac_eb0ff218,2025-10-14,2025-10-14,45033.0,0.0,45033.0,1992799.96,"NEFT DR-UTIB0034035-CITY POWER DISTRIBUTION-NETBANK, MUM-ELECTRICITY CHARGE-HDFCN2510",CITY POWER DISTRIBUT,HDFCN25101451400111,,-45033.0,1,0,1,14,10,631,116974.839207607,38044.38,203932.55657779044,2196000.0,-0.3527727029703795,1.183696514439189,1,11,1,1,0,0.0,0,-0.1957505299711571,8.383233532934131,LOW,0,Transaction narration pattern is rarely seen,NORMAL
btx_3dc81716f2b1,bac_eb0ff218,2025-10-08,2025-10-08,5496.75,0.0,5496.75,2533299.93,UPI- M/S spice route kitchen-msspice@okhdfcbank-SBIN0384002-252119561629-TEAM AND CLI,SPICE ROUTE KITCHEN,252119561629,,-5496.75,1,0,2,8,10,631,116974.839207607,38044.38,203932.55657779044,2196000.0,-0.5466419441717902,0.1444825753501568,3,4,1,1,0,0.0,0,-0.1957889480636379,8.308383233532934,LOW,0,Transaction narration pattern is rarely seen,NORMAL
btx_3bbde9c1d2d6,bac_eb0ff218,2025-12-25,2025-12-25,17663.1,0.0,17663.1,972366.03,POS 416021XXXXXX4333 RedlineToursandTra,REDLINE TOURS AND TR,937446754663,,-17663.1,1,0,3,25,12,631,116974.839207607,38044.38,203932.55657779044,2196000.0,-0.486983250120362,0.4642761953276673,3,17,1,1,0,2.182787284255028e-11,0,-0.1958546695711279,8.233532934131736,LOW,0,Transaction narration pattern is rarely seen,NORMAL
btx_c59703bd8477,bac_eb0ff218,2026-01-15,2026-01-15,6915.0,0.0,6915.0,1767515.53,ESIC CHALLAN- 163341622725,ESIC,163341622725,,-6915.0,1,0,3,15,1,631,116974.839207607,38044.38,203932.55657779044,2196000.0,-0.5396874390952112,0.1817614060210733,3,12,1,1,0,0.0,0,-0.1958911138694061,8.158682634730539,LOW,0,Transaction narration pattern is rarely seen,NORMAL
btx_4f3b28ed05ca,bac_eb0ff218,2025-12-25,2025-12-25,26631.42,0.0,26631.42,990035.03,IMPS-609430810150-Bhagya Facility Services Lt-SBIN-XXXXXXXX4859-BFS/25-26/0294,BHAGYA FACILITY SERV,609430810150,,-26631.42,1,0,3,25,12,631,116974.839207607,38044.38,203932.55657779044,2196000.0,-0.4430063581983552,0.700009304922304,3,18,1,1,0,7.275957614183426e-11,0,-0.1959435842449021,8.08383233532934,LOW,0,Transaction narration pattern is rarely seen,NORMAL
btx_88c0d44b98c4,bac_eb0ff218,2026-07-14,2026-07-14,89527.64,0.0,89527.64,1871802.32,"NEFT DR-HDFC0113842-Brandwave Events-NETBANK, MUM-MARKETING CAMPAIGN-HDFCN26071420633",BRANDWAVE EVENTS,HDFCN26071420633363,,-89527.64,1,0,1,14,7,631,116974.839207607,38044.38,203932.55657779044,2196000.0,-0.1345895901478448,2.3532421871509013,4,7,1,1,0,1.0186340659856795e-10,0,-0.1961203266667308,8.008982035928144,LOW,0,Transaction narration pattern is rarely seen,NORMAL
btx_18f3a60a5990,bac_eb0ff218,2025-12-18,2025-12-18,6974.98,0.0,6974.98,1228777.01,UPI-PAPER POINT-paperpoin@okicici-HDFC0232533-044902385504-OFFICE SUPPLIES PU,PAPER POINT,044902385504,,-6974.98,1,0,3,18,12,631,116974.839207607,38044.38,203932.55657779044,2196000.0,-0.5393933222508656,0.1833379857944853,3,8,1,1,0,1.8189894035458565e-11,0,-0.196261302648035,7.934131736526946,LOW,0,Transaction narration pattern is rarely seen,NORMAL
btx_0bc2af1fb8c6,bac_eb0ff218,2026-08-10,2026-08-10,5041.05,0.0,5041.05,1008387.99,UPI-CAFE NIRVANA-cafenirva@ybl-YESB0705560-435101904184-TEAM AND CLIENT ME,CAFE NIRVANA,435101904184,,-5041.05,1,0,0,10,8,631,116974.839207607,38044.38,203932.55657779044,2196000.0,-0.5488765064586911,0.1325044592657312,2,10,1,1,0,-4.638422979041934e-11,0,-0.1963060556352473,7.859281437125748,LOW,0,Transaction narration pattern is rarely seen,NORMAL
btx_a6a2c4df8a61,bac_eb0ff218,2025-11-27,2025-11-27,38044.38,0.0,38044.38,1142362.81,"NEFT DR-SBIN0695480-Bhagya Facility Servi-NETBANK, MUM-BILL PMT-HDFCN25112767448673",BHAGYA FACILITY SERV,HDFCN25112767448673,,-38044.38,1,0,3,27,11,631,116974.839207607,38044.38,203932.55657779044,2196000.0,-0.3870419737394839,1.0,2,18,1,1,0,1.0913936421275139e-10,0,-0.1963330296319273,7.784431137724551,LOW,0,Transaction narration pattern is rarely seen,NORMAL
btx_3fe9ee98d18e,bac_eb0ff218,2026-05-28,2026-05-28,15855.0,0.0,15855.0,1170938.36,"NEFT DR-HDFC0192081-Bharat Transport Services P-NETBANK, MUM-BTS/26-27/0020-HDFCN2605",BHARAT TRANSPORT SER,HDFCN26052847410320,,-15855.0,1,0,3,28,5,631,116974.839207607,38044.38,203932.55657779044,2196000.0,-0.4958494166135491,0.416750121831398,4,24,1,1,0,0.0,0,-0.1963956366614346,7.709580838323353,LOW,0,Transaction narration pattern is rarely seen,NORMAL
btx_61d701e22472,bac_eb0ff218,2026-08-04,2026-08-04,18933.6,0.0,18933.6,1153973.93,POS 416021XXXXXX8521 Skyline Travels,SKYLINE TRAVELS,208513301614,,-18933.6,1,0,1,4,8,631,116974.839207607,38044.38,203932.55657779044,2196000.0,-0.4807532492743942,0.4976714037658124,2,18,1,1,0,-9.458744898438454e-11,0,-0.1964343507994243,7.634730538922156,LOW,0,Transaction narration pattern is rarely seen,NORMAL
btx_b84239968c53,bac_eb0ff218,2025-11-11,2025-11-11,45137.4,0.0,45137.4,1809923.62,"NEFT DR-UTIB0352502-janata caterers-NETBANK, MUM-JCL/25-26/0106-HDFCN25111197443315",JANATA CATERERS,HDFCN25111197443315,,-45137.4,1,0,1,11,11,631,116974.839207607,38044.38,203932.55657779044,2196000.0,-0.3522607690165668,1.186440677966102,2,13,1,1,0,9.458744898438454e-11,0,-0.1965452806851444,7.559880239520958,LOW,0,Transaction narration pattern is rarely seen,NORMAL
btx_a3f200ae9c03,bac_eb0ff218,2025-12-11,2025-12-11,44385.7,0.0,44385.7,1367994.25,"NEFT DR- HDFC0335006-SUPREME EDUCATIONAL SOCI-NETBANK, MUM-SIS/25-26/0281-HDFCN251211",SUPREME EDUCATIONAL ,HDFCN25121106508262,,-44385.7,1,0,3,11,12,631,116974.839207607,38044.38,203932.55657779044,2196000.0,-0.3559467915556569,1.1666821748705063,3,16,1,1,0,4.365574568510056e-11,0,-0.1966812802921616,7.48502994011976,LOW,0,Transaction narration pattern is rarely seen,NORMAL
btx_771cc21707f7,bac_eb0ff218,2026-02-05,2026-02-05,9147.6,0.0,9147.6,1477278.77,POS 416021XXXXXX8934 Metro Cabs Hyderabad,METRO CABS HYDERABAD,862900489089,,-9147.6,1,0,3,5,2,631,116974.839207607,38044.38,203932.55657779044,2196000.0,-0.5287397020714351,0.240445500754645,3,17,1,1,0,-9.276845958083868e-11,0,-0.1967764539935871,7.410179640718563,LOW,0,Transaction narration pattern is rarely seen,NORMAL
btx_f2c2babf1439,bac_eb0ff218,2026-04-22,2026-04-22,22624.35,0.0,22624.35,1660984.33,"NEFT DR-HDFC0192081-bharat transport services p-NETBANK, MUM-BTS/26-27/0016-HDFCN2604",BHARAT TRANSPORT SER,HDFCN26042222383397,,-22624.35,1,0,2,22,4,631,116974.839207607,38044.38,203932.55657779044,2196000.0,-0.4626553542549094,0.5946831043113332,1,24,1,1,0,1.382431946694851e-10,0,-0.1968746909911821,7.335329341317365,LOW,0,Transaction narration pattern is rarely seen,NORMAL
btx_9dc3e82e829d,bac_eb0ff218,2026-07-30,2026-07-30,44385.7,0.0,44385.7,782491.77,"NEFT DR- HDFC0335006-SUPREME EDUCATIONAL SOCI-NETBANK, MUM-SIS/26-27/0282-HDFCN260730",SUPREME EDUCATIONAL ,HDFCN26073059147906,,-44385.7,1,0,3,30,7,631,116974.839207607,38044.38,203932.55657779044,2196000.0,-0.3559467915556569,1.1666821748705063,3,16,1,1,0,4.365574568510056e-11,0,-0.1969565828362455,7.260479041916168,LOW,0,Transaction narration pattern is rarely seen,NORMAL
btx_9286fd830d62,bac_eb0ff218,2025-12-11,2025-12-11,38044.38,0.0,38044.38,1412379.95,"NEFT DR-SBIN0695480-Bhagya Facility Services-NETBANK, MUM-BFS/25-26/0293-HDFCN2512118",BHAGYA FACILITY SERV,HDFCN25121181780535,,-38044.38,1,0,3,11,12,631,116974.839207607,38044.38,203932.55657779044,2196000.0,-0.3870419737394839,1.0,3,18,1,1,0,-1.2369127944111824e-10,0,-0.1970692908809789,7.18562874251497,LOW,0,Transaction narration pattern is rarely seen,NORMAL
btx_97d43660f6c6,bac_eb0ff218,2026-09-12,2026-09-12,13841.1,0.0,13841.1,1014837.58,"NEFT DR-HDFC0192081-bharat transport servi-NETBANK, MUM-BTS/26-27/0032-HDFCN260912623",BHARAT TRANSPORT SER,HDFCN26091262354414,,-13841.1,1,0,5,12,9,631,116974.839207607,38044.38,203932.55657779044,2196000.0,-0.5057247402685624,0.3638145765550654,1,24,1,1,0,-9.276845958083868e-11,0,-0.1971450837057944,7.110778443113773,LOW,0,Transaction narration pattern is rarely seen,NORMAL
btx_052baea91b7a,bac_eb0ff218,2025-10-18,2025-10-18,10275.44,0.0,10275.44,1184640.57,UPI-Supreme Stationers-supremest@oksbi-HDFC0186011-843407304103-OFFICE SUPPLIES PU,SUPREME STATIONERS,843407304103,,-10275.44,1,0,5,18,10,631,116974.839207607,38044.38,203932.55657779044,2196000.0,-0.5232092462240393,0.2700908780745014,4,9,1,1,0,5.6388671509921544e-11,0,-0.1971732637736101,7.035928143712575,LOW,0,Transaction narration pattern is rarely seen,NORMAL
btx_501873c06087,bac_eb0ff218,2026-04-25,2026-04-25,2639.7,0.0,2639.7,1418944.55,POS 416021XXXXXX3583 CAFE NIRVANA,CAFE NIRVANA,815402298396,,-2639.7,1,0,5,25,4,631,116974.839207607,38044.38,203932.55657779044,2196000.0,-0.5606517229336732,0.0693847553830552,2,10,1,1,0,4.638422979041934e-11,0,-0.1971832203048865,6.961077844311377,LOW,0,Transaction narration pattern is rarely seen,NORMAL
btx_732df5deb9dd,bac_eb0ff218,2026-06-08,2026-06-08,21871.5,0.0,21871.5,1555452.63,POS 416021XXXXXX5955 redline tours and trav,REDLINE TOURS AND TR,092234260056,,-21871.5,1,0,0,8,6,631,116974.839207607,38044.38,203932.55657779044,2196000.0,-0.4663470159132225,0.5748943733607961,2,17,1,1,0,0.0,0,-0.1972494345322759,6.88622754491018,LOW,0,Transaction narration pattern is rarely seen,NORMAL
btx_95ab4b8bc28d,bac_eb0ff218,2025-11-12,2025-11-12,7114.0,0.0,7114.0,1802809.62,ESIC CHALLAN-185517154403,ESIC,185517154403,,-7114.0,1,0,2,12,11,631,116974.839207607,38044.38,203932.55657779044,2196000.0,-0.5387116262905299,0.1869921391806096,1,12,1,1,0,0.0,0,-0.1973486419508957,6.811377245508981,LOW,0,Transaction narration pattern is rarely seen,NORMAL
btx_61175aa6500f,bac_eb0ff218,2026-04-23,2026-04-23,107438.65,0.0,107438.65,1459576.4,"NEFT DR-HDFC0133880-gomathi healthcare-NETBANK, MUM-BILL PMT-HDFCN26042329850730",GOMATHI HEALTHCARE S,HDFCN26042329850730,,-107438.65,1,0,3,23,4,631,116974.839207607,38044.38,203932.55657779044,2196000.0,-0.0467614851087761,2.824034719451336,3,11,1,1,0,-1.4551915228366852e-10,0,-0.1974027605283436,6.736526946107785,LOW,0,Transaction narration pattern is rarely seen,NORMAL
btx_d0ffd7983d15,bac_eb0ff218,2026-03-14,2026-03-14,8243.48,0.0,8243.48,764391.7,"NEFT DR-KKBK0921023-FiberNetBroadband-NETBANK, MUM-INTERNET LEASED LI-HDFCN2603144348",FIBERNET BROADBAND,HDFCN26031443484053,,-8243.48,1,0,5,14,3,631,116974.839207607,38044.38,203932.55657779044,2196000.0,-0.533173128568764,0.2166806240501225,4,10,1,1,0,-9.822542779147624e-11,0,-0.1974072030947784,6.661676646706587,LOW,0,Transaction narration pattern is rarely seen,NORMAL
btx_79813871d601,bac_eb0ff218,2026-05-16,2026-05-16,92221.78,0.0,92221.78,2158879.91,"NEFT DR-ICIC0040303-Kumaran Paper Products-NETBANK, MUM-KPP/26-27/0138-HDFCN260516192",KUMARAN PAPER PRODUC,HDFCN26051619230531,,-92221.78,1,0,5,16,5,631,116974.839207607,38044.38,203932.55657779044,2196000.0,-0.1213786539186786,2.4240579029018217,2,5,1,1,0,2.0372681319713595e-10,0,-0.1974400384555442,6.58682634730539,LOW,0,Transaction narration pattern is rarely seen,NORMAL
btx_3cb9be889d31,bac_eb0ff218,2026-03-14,2026-03-14,20555.0,0.0,20555.0,772635.18,TAX PAYMENT-ITNS280-051030814032614044,CBDT,051030814032614044,,-20555.0,1,0,5,14,3,631,116974.839207607,38044.38,203932.55657779044,2196000.0,-0.4728025815281115,0.5402900507249692,4,17,1,1,0,0.0,0,-0.1975277081876658,6.511976047904192,LOW,0,Transaction narration pattern is rarely seen,NORMAL
btx_6c7ccddfe67a,bac_eb0ff218,2026-06-26,2026-06-26,101451.68,0.0,101451.68,1225136.99,"NEFT DR- HDFC0015840-Banerjee Warehousing Pvt-NETBANK, MUM-BWP/26-27/0169-HDFCN260626",BANERJEE WAREHOUSING,HDFCN26062609327295,,-101451.68,1,0,4,26,6,631,116974.839207607,38044.38,203932.55657779044,2196000.0,-0.0761190830346191,2.6666666666666665,2,10,1,1,0,5.820766091346741e-11,0,-0.197571580772923,6.437125748502994,LOW,0,Transaction narration pattern is rarely seen,NORMAL
btx_656bc74ca31b,bac_eb0ff218,2026-03-10,2026-03-10,22827.1,0.0,22827.1,1213850.82,POS 416021XXXXXX0700 Cloudstack Software,CLOUDSTACK SOFTWARE,385094453221,,-22827.1,1,0,1,10,3,631,116974.839207607,38044.38,203932.55657779044,2196000.0,-0.4616611530179791,0.6000124065630719,1,11,1,1,0,1.382431946694851e-10,0,-0.1976963308963877,6.362275449101797,LOW,0,Transaction narration pattern is rarely seen,NORMAL
btx_16212df798d8,bac_eb0ff218,2026-08-18,2026-08-18,2889.0,0.0,2889.0,1707095.71,UPI- SPEEDPOST COURIERS-speedpost@paytm-HDFC0706837-508330533470-MISCELLANEOUS EXPE,SPEEDPOST COURIERS,508330533470,,-2889.0,1,0,1,18,8,631,116974.839207607,38044.38,203932.55657779044,2196000.0,-0.5594292599577583,0.0759376286326653,1,6,1,1,0,0.0,0,-0.1977963166852795,6.287425149700598,LOW,0,Transaction narration pattern is rarely seen,NORMAL
btx_13f8dc56295e,bac_eb0ff218,2026-02-05,2026-02-05,12427.8,0.0,12427.8,1464850.97,"NEFT DR-YESB0221736-REDLINE TOURS AND TRAVELS-NETBANK, MUM-CLIENT VISIT TRAVE-HDFCN26",REDLINE TOURS AND TR,HDFCN26020528128089,,-12427.8,1,0,3,5,2,631,116974.839207607,38044.38,203932.55657779044,2196000.0,-0.5126549726145728,0.326665857085856,3,17,1,1,0,-4.729372449219227e-11,0,-0.1978637104532622,6.212574850299401,LOW,0,Transaction narration pattern is rarely seen,NORMAL
btx_102471c23de2,bac_eb0ff218,2026-09-15,2026-09-15,44385.7,0.0,44385.7,1151989.02,"NEFT DR-HDFC0335006-SUPREMEEDUCATIONALSOCIETY-NETBANK, MUM-BILL PMT-HDFCN260915467920",SUPREME EDUCATIONAL ,HDFCN26091546792018,,-44385.7,1,0,1,15,9,631,116974.839207607,38044.38,203932.55657779044,2196000.0,-0.3559467915556569,1.1666821748705063,1,16,1,1,0,4.365574568510056e-11,0,-0.1980356206157364,6.137724550898203,LOW,0,Transaction narration pattern is rarely seen,NORMAL
btx_61f40558f948,bac_eb0ff218,2026-09-09,2026-09-09,91595.88,0.0,91595.88,1123955.96,"NEFT DR-YESB0731473-KAMATH VALUERS-NETBANK, MUM-LEGAL AND ADVISORY-HDFCN2609091572858",KAMATH VALUERS,HDFCN26090915728588,,-91595.88,1,0,2,9,9,631,116974.839207607,38044.38,203932.55657779044,2196000.0,-0.1244478058505883,2.407606064285974,3,7,1,1,0,-1.1641532182693479e-10,0,-0.1982013885178303,6.062874251497006,LOW,0,Transaction narration pattern is rarely seen,NORMAL
btx_33741f58fd08,bac_eb0ff218,2025-11-11,2025-11-11,12047.8,0.0,12047.8,1855061.02,POS 416021XXXXXX8712 ZENITH SAAS SOLUTIONS,ZENITH SAAS SOLUTION,389560027438,,-12047.8,1,0,1,11,11,631,116974.839207607,38044.38,203932.55657779044,2196000.0,-0.5145183337491401,0.3166775224093545,2,11,1,1,0,-4.729372449219227e-11,0,-0.1982835530339698,5.9880239520958085,LOW,0,Transaction narration pattern is rarely seen,NORMAL
btx_1c1f61860a99,bac_eb0ff218,2025-11-21,2025-11-21,5521.95,0.0,5521.95,1156580.79,UPI- HYDERABAD HOUSE CATERERS-hyderabad@ybl-KKBK0341565-250234435730-TEAM AND CLIENT ,HYDERABAD HOUSE CATE,250234435730,,-5521.95,1,0,4,21,11,631,116974.839207607,38044.38,203932.55657779044,2196000.0,-0.5465183739070769,0.1451449596497564,3,10,1,1,0,4.638422979041934e-11,0,-0.1983160826336145,5.913173652694611,LOW,0,Transaction narration pattern is rarely seen,NORMAL
btx_1dfebfff02ed,bac_eb0ff218,2026-03-21,2026-03-21,7252.28,0.0,7252.28,1652158.72,UPI-Office Mart-officemar@oksbi-UTIB0557967-623530104384-OFFICE SUPPLIES PU,OFFICE MART,623530104384,,-7252.28,1,0,5,21,3,631,116974.839207607,38044.38,203932.55657779044,2196000.0,-0.5380335589808247,0.1906268415992059,3,5,1,1,0,-2.8194335754960772e-11,0,-0.1983358623879429,5.838323353293413,LOW,0,Transaction narration pattern is rarely seen,NORMAL
btx_74de1813e100,bac_eb0ff218,2026-05-28,2026-05-28,11207.64,0.0,11207.64,1213790.58,POS 416021XXXXXX3541 Paper Point,PAPER POINT,320793031889,,-11207.64,1,0,3,28,5,631,116974.839207607,38044.38,203932.55657779044,2196000.0,-0.5186381271460297,0.2945938401414348,4,8,1,1,0,1.0186340659856795e-10,0,-0.1984992158128734,5.763473053892216,LOW,0,Transaction narration pattern is rarely seen,NORMAL
btx_25886fd12820,bac_eb0ff218,2026-03-21,2026-03-21,4538.1,0.0,4538.1,1647620.62,UPI-Redline Tours and Trave-redlineto@okicici-YESB0221736-850902453512-CLIENT VISIT T,REDLINE TOURS AND TR,850902453512,,-4538.1,1,0,5,21,3,631,116974.839207607,38044.38,203932.55657779044,2196000.0,-0.5513427629919295,0.1192843726195564,3,17,1,1,0,1.4006218407303095e-10,0,-0.1985261601054746,5.688622754491018,LOW,0,Transaction narration pattern is rarely seen,NORMAL
btx_d2941aa1951b,bac_eb0ff218,2026-02-06,2026-02-06,21582.75,0.0,21582.75,1405223.84,"NEFT DR-SBIN0064050-SKYLINETRAVELS-NETBANK, MUM-CLIENT VISIT TRAVE-HDFCN2602060251252",SKYLINE TRAVELS,HDFCN26020602512527,,-21582.75,1,0,4,6,2,631,116974.839207607,38044.38,203932.55657779044,2196000.0,-0.467762925196397,0.5673045532612176,2,18,1,1,0,0.0,0,-0.198614819794117,5.61377245508982,LOW,0,Transaction narration pattern is rarely seen,NORMAL
btx_3eb59f30c7a9,bac_eb0ff218,2026-04-14,2026-04-14,58033.8,0.0,58033.8,831137.06,"NEFT DR-HDFC0412283-RAO AND ASSOCIATES-NETBANK, MUM-MONTHLY ACCOUNTING-HDFCN260414411",RAO AND ASSOCIATES C,HDFCN26041441190925,,-58033.8,1,0,1,14,4,631,116974.839207607,38044.38,203932.55657779044,2196000.0,-0.2890222149748994,1.5254237288135597,2,11,1,1,0,7.275957614183426e-11,0,-0.1986269259725946,5.538922155688622,LOW,0,Transaction narration pattern is rarely seen,NORMAL
btx_a370abe5a53e,bac_eb0ff218,2025-10-16,2025-10-16,58033.8,0.0,58033.8,1812227.18,"NEFT DR-HDFC0412283-rao and associates ch-NETBANK, MUM-MONTHLY ACCOUNTING-HDFCN251016",RAO AND ASSOCIATES C,HDFCN25101631385103,,-58033.8,1,0,3,16,10,631,116974.839207607,38044.38,203932.55657779044,2196000.0,-0.2890222149748994,1.5254237288135597,1,11,1,1,0,-4.365574568510056e-11,0,-0.1989189698923189,5.4640718562874255,LOW,0,Transaction narration pattern is rarely seen,NORMAL
btx_f0f6080d157c,bac_eb0ff218,2026-06-12,2026-06-12,95658.24,0.0,95658.24,1120137.36,"NEFT DR-UTIB0051527-DeccanPrintMedia-NETBANK, MUM-MARKETING CAMPAIGN-HDFCN26061252811",DECCAN PRINT MEDIA,HDFCN26061252811436,,-95658.24,1,0,4,12,6,631,116974.839207607,38044.38,203932.55657779044,2196000.0,-0.1045276907489546,2.514385567592375,4,8,1,1,0,1.4551915228366852e-11,0,-0.1989545672008602,5.389221556886228,LOW,0,Transaction narration pattern is rarely seen,NORMAL
btx_02c82bb9882b,bac_eb0ff218,2025-12-11,2025-12-11,12047.8,0.0,12047.8,1355946.45,POS 416021XXXXXX5439 M/S ZENITHSAASSOLUT,ZENITH SAAS SOLUTION,759209501592,,-12047.8,1,0,3,11,12,631,116974.839207607,38044.38,203932.55657779044,2196000.0,-0.5145183337491401,0.3166775224093545,3,11,1,1,0,-4.729372449219227e-11,0,-0.199038655630443,5.31437125748503,LOW,0,Transaction narration pattern is rarely seen,NORMAL
btx_b382705daca5,bac_eb0ff218,2026-05-07,2026-05-07,93249.15,0.0,93249.15,858487.76,"NEFT DR-UTIB0556330-OM SAI STEEL AND PIPES-NETBANK, MUM-OSS/26-27/0280-HDFCN260507228",OM SAI STEEL AND PIP,HDFCN26050722864133,,-93249.15,1,0,3,7,5,631,116974.839207607,38044.38,203932.55657779044,2196000.0,-0.1163408609480987,2.451062417103393,2,7,1,1,0,-2.9103830456733704e-11,0,-0.1993049424769816,5.239520958083832,LOW,0,Transaction narration pattern is rarely seen,NORMAL
btx_f8917459f0e1,bac_eb0ff218,2026-04-15,2026-04-15,44385.7,0.0,44385.7,786751.36,"NEFT DR-HDFC0335006-SupremeEducationalSociety-NETBANK, MUM-SIS/26-27/0279-HDFCN260415",SUPREME EDUCATIONAL ,HDFCN26041508971330,,-44385.7,1,0,2,15,4,631,116974.839207607,38044.38,203932.55657779044,2196000.0,-0.3559467915556569,1.1666821748705063,1,16,1,1,0,-7.275957614183426e-11,0,-0.1993530786465159,5.164670658682635,LOW,0,Transaction narration pattern is rarely seen,NORMAL
btx_7964a1bb7327,bac_eb0ff218,2026-08-28,2026-08-28,24127.95,0.0,24127.95,715363.83,"NEFT DR-HDFC0192081-BHARAT TRANSPORT SERVICES-NETBANK, MUM-BTS/26-27/0031-HDFCN260828",BHARAT TRANSPORT SER,HDFCN26082822428957,,-24127.95,1,0,4,28,8,631,116974.839207607,38044.38,203932.55657779044,2196000.0,-0.4552823284603426,0.6342053675207745,2,24,1,1,0,-6.912159733474255e-11,0,-0.199413401703791,5.089820359281437,LOW,0,Transaction narration pattern is rarely seen,NORMAL
btx_26390733d2dd,bac_eb0ff218,2026-03-24,2026-03-24,5740.35,0.0,5740.35,1431737.72,UPI-HYDERABAD HOUSE CATERERS-hyderabad@okicici-KKBK0341565-252015741090-TEAM AND CLIE,HYDERABAD HOUSE CATE,252015741090,,-5740.35,1,0,1,24,3,631,116974.839207607,38044.38,203932.55657779044,2196000.0,-0.545447431612894,0.1508856235796194,3,10,1,1,0,-9.276845958083868e-11,0,-0.1995362425061632,5.014970059880239,LOW,0,Transaction narration pattern is rarely seen,NORMAL
btx_37f74ee46e42,bac_eb0ff218,2026-05-09,2026-05-09,22827.1,0.0,22827.1,1664603.2,POS 416021XXXXXX2033 CloudStack Software,CLOUDSTACK SOFTWARE,818164148685,,-22827.1,1,0,5,9,5,631,116974.839207607,38044.38,203932.55657779044,2196000.0,-0.4616611530179791,0.6000124065630719,1,11,1,1,0,-9.458744898438454e-11,0,-0.1996034014167819,4.940119760479042,LOW,0,Transaction narration pattern is rarely seen,NORMAL
btx_25f12353b966,bac_eb0ff218,2026-02-13,2026-02-13,58033.8,0.0,58033.8,2422567.9,"NEFT DR-HDFC0412283-RAO AND ASSOCIATES CHAR-NETBANK, MUM-MONTHLY ACCOUNTING-HDFCN2602",RAO AND ASSOCIATES C,HDFCN26021308519947,,-58033.8,1,0,4,13,2,631,116974.839207607,38044.38,203932.55657779044,2196000.0,-0.2890222149748994,1.5254237288135597,2,11,1,1,0,-2.764863893389702e-10,0,-0.1997680298362646,4.865269461077845,LOW,0,Transaction narration pattern is rarely seen,NORMAL
btx_e14c7edb8349,bac_eb0ff218,2025-10-24,2025-10-24,9460.06,0.0,9460.06,1174169.89,UPI-PAPER POINT-paperpoin@okicici-HDFC0232533-014061346044-OFFICE SUPPLIES PU,PAPER POINT,014061346044,,-9460.06,1,0,4,24,10,631,116974.839207607,38044.38,203932.55657779044,2196000.0,-0.5272075288606274,0.2486585403678546,2,8,1,1,0,-5.6388671509921544e-11,0,-0.200014763845323,4.790419161676647,LOW,0,Transaction narration pattern is rarely seen,NORMAL
btx_a2a7d044f508,bac_eb0ff218,2026-07-11,2026-07-11,45110.0,0.0,45110.0,1509902.17,"NEFT DR-UTIB0034035-City Power Distribution-NETBANK, MUM-ELECTRICITY CHARGE-HDFCN2607",CITY POWER DISTRIBUT,HDFCN26071124267505,,-45110.0,1,0,5,11,7,631,116974.839207607,38044.38,203932.55657779044,2196000.0,-0.352395127161533,1.1857204664657437,4,11,1,1,0,0.0,0,-0.2000822492893789,4.715568862275449,LOW,0,Transaction narration pattern is rarely seen,NORMAL
btx_80e65003244f,bac_eb0ff218,2026-08-08,2026-08-08,22617.0,0.0,22617.0,1023061.38,"NEFT DR-SBIN0064050-SKYLINE TRAVELS-NETBANK, MUM-CLIENT VISIT TRAVE-HDFCN260808384044",SKYLINE TRAVELS,HDFCN26080838404475,,-22617.0,1,0,5,8,8,631,116974.839207607,38044.38,203932.55657779044,2196000.0,-0.4626913955821174,0.5944899088906167,2,18,1,1,0,0.0,0,-0.2002507542368299,4.640718562874251,LOW,0,Transaction narration pattern is rarely seen,NORMAL
btx_7ad7c199fb76,bac_eb0ff218,2026-07-22,2026-07-22,38044.38,0.0,38044.38,1491742.21,"NEFT DR-SBIN0695480-bhagya facility ser-NETBANK, MUM-BFS/26-27/0295-HDFCN260722553440",BHAGYA FACILITY SERV,HDFCN26072255344017,,-38044.38,1,0,2,22,7,631,116974.839207607,38044.38,203932.55657779044,2196000.0,-0.3870419737394839,1.0,1,18,1,1,0,-1.2369127944111824e-10,0,-0.2003221543857136,4.565868263473054,LOW,0,Transaction narration pattern is rarely seen,NORMAL
btx_51dc9d4c82a4,bac_eb0ff218,2026-06-13,2026-06-13,58033.8,0.0,58033.8,842543.4,"NEFT DR-HDFC0412283-RAO AND ASSOCIATES CHARTE-NETBANK, MUM-MONTHLY ACCOUNTING-HDFCN26",RAO AND ASSOCIATES C,HDFCN26061300521857,,-58033.8,1,0,5,13,6,631,116974.839207607,38044.38,203932.55657779044,2196000.0,-0.2890222149748994,1.5254237288135597,2,11,1,1,0,7.275957614183426e-11,0,-0.2003871233667994,4.491017964071856,LOW,0,Transaction narration pattern is rarely seen,NORMAL
btx_798ceecc6fef,bac_eb0ff218,2026-08-08,2026-08-08,12047.8,0.0,12047.8,1045678.38,POS 416021XXXXXX4414 ZENITH SAAS SOLUTIONS,ZENITH SAAS SOLUTION,901000104865,,-12047.8,1,0,5,8,8,631,116974.839207607,38044.38,203932.55657779044,2196000.0,-0.5145183337491401,0.3166775224093545,2,11,1,1,0,6.912159733474255e-11,0,-0.2004024721940139,4.416167664670659,LOW,0,Transaction narration pattern is rarely seen,NORMAL
btx_d341d21fe90f,bac_eb0ff218,2026-07-14,2026-07-14,22508.85,0.0,22508.85,2146349.86,IMPS-722942294815-BHARAT TRANSPORT SE-HDFC-XXXXXXXX0706-BTS/26-27/0026,BHARAT TRANSPORT SER,722942294815,,-22508.85,1,0,1,14,7,631,116974.839207607,38044.38,203932.55657779044,2196000.0,-0.4632217179681792,0.5916471762715019,4,24,1,1,0,-9.458744898438454e-11,0,-0.2004048894259724,4.341317365269461,LOW,0,Transaction narration pattern is rarely seen,NORMAL
btx_59c0149725aa,bac_eb0ff218,2025-11-14,2025-11-14,8243.48,0.0,8243.48,1574731.14,"NEFT DR- KKBK0921023-Fibernet Broadband-NETBANK, MUM-INTERNET LEASED LI-HDFCN25111458",FIBERNET BROADBAND,HDFCN25111458535532,,-8243.48,1,0,4,14,11,631,116974.839207607,38044.38,203932.55657779044,2196000.0,-0.533173128568764,0.2166806240501225,2,10,1,1,0,-2.1464074961841104e-10,0,-0.2007145375107907,4.266467065868264,LOW,0,Transaction narration pattern is rarely seen,NORMAL
btx_7a63011282c3,bac_eb0ff218,2026-06-26,2026-06-26,62829.08,0.0,62829.08,1162307.91,"NEFT DR-UTIB0051527-DECCAN PRINT MEDIA-NETBANK, MUM-MARKETING CAMPAIGN-HDFCN260626642",DECCAN PRINT MEDIA,HDFCN26062664251635,,-62829.08,1,0,4,26,6,631,116974.839207607,38044.38,203932.55657779044,2196000.0,-0.2655081666028788,1.651468101201807,2,8,1,1,0,-7.275957614183426e-11,0,-0.2007572789893117,4.191616766467066,LOW,0,Transaction narration pattern is rarely seen,NORMAL
btx_064e876db89f,bac_eb0ff218,2026-02-11,2026-02-11,35598.0,0.0,35598.0,2534789.93,"NEFT DR-UTIB0034035-CITY POWER DISTRIBUTION-NETBANK, MUM-ELECTRICITY CHARGE-HDFCN2602",CITY POWER DISTRIBUT,HDFCN26021158303842,,-35598.0,1,0,2,11,2,631,116974.839207607,38044.38,203932.55657779044,2196000.0,-0.3990379985089121,0.9356966784581586,2,11,1,1,0,0.0,0,-0.2008246011277081,4.116766467065868,LOW,0,Transaction narration pattern is rarely seen,NORMAL
btx_fcb75b9b531a,bac_eb0ff218,2026-07-08,2026-07-08,9893.1,0.0,9893.1,1608215.77,"NEFT DR-SBIN0064050-Skyline Travels-NETBANK, MUM-CLIENT VISIT TRAVE-HDFCN260708151114",SKYLINE TRAVELS,HDFCN26070815111455,,-9893.1,1,0,2,8,7,631,116974.839207607,38044.38,203932.55657779044,2196000.0,-0.5250840817403299,0.2600410362844657,4,18,1,1,0,-9.276845958083868e-11,0,-0.2009657612762485,4.04191616766467,LOW,0,Transaction narration pattern is rarely seen,NORMAL
btx_e29893b7f881,bac_eb0ff218,2026-07-23,2026-07-23,2645.0,0.0,2645.0,1489097.21,UPI-SPEEDPOST COURIERS-speedpost@okhdfcbank-HDFC0706837-384038212352-MISCELLANEOUS EX,SPEEDPOST COURIERS,384038212352,,-2645.0,1,0,3,23,7,631,116974.839207607,38044.38,203932.55657779044,2196000.0,-0.5606257339494278,0.0695240663667012,1,6,1,1,0,0.0,0,-0.2010089487240595,3.967065868263473,LOW,0,Transaction narration pattern is rarely seen,NORMAL
btx_82ed2713b72f,bac_eb0ff218,2026-07-11,2026-07-11,14595.0,0.0,14595.0,1581572.97,POS 416021XXXXXX6533 Metro Cabs Hyderabad,METRO CABS HYDERABAD,050122130030,,-14595.0,1,0,5,11,7,631,116974.839207607,38044.38,203932.55657779044,2196000.0,-0.5020279298492196,0.3836309068514193,4,17,1,1,0,0.0,0,-0.2010269831062324,3.892215568862276,LOW,0,Transaction narration pattern is rarely seen,NORMAL
btx_3abd9bbf92e3,bac_eb0ff218,2026-07-08,2026-07-08,12879.7,0.0,12879.7,1636159.33,UPI-supreme stationers-supremest@okicici-HDFC0186011-316107439461-OFFICE SUPPLIES PU,SUPREME STATIONERS,316107439461,,-12879.7,1,0,2,8,7,631,116974.839207607,38044.38,203932.55657779044,2196000.0,-0.5104390439390177,0.3385440898235167,4,9,1,1,0,4.729372449219227e-11,0,-0.2011020835092089,3.817365269461078,LOW,0,Transaction narration pattern is rarely seen,NORMAL
btx_d9b9d6e06731,bac_eb0ff218,2026-03-25,2026-03-25,26631.42,0.0,26631.42,1317056.57,"NEFT DR-SBIN0695480-BHAGYA FACILITY SERVICES LTD-NETBANK, MUM-BFS/25-26/0300-HDFCN260",BHAGYA FACILITY SERV,HDFCN26032521170224,,-26631.42,1,0,2,25,3,631,116974.839207607,38044.38,203932.55657779044,2196000.0,-0.4430063581983552,0.700009304922304,3,18,1,1,0,7.275957614183426e-11,0,-0.2011463967410138,3.74251497005988,LOW,0,Transaction narration pattern is rarely seen,NORMAL
btx_d00860d555ee,bac_eb0ff218,2026-05-22,2026-05-22,45137.4,0.0,45137.4,1489695.68,IMPS-221115102035-JANATA CATERERS LLP-UTIB-XXXXXXXX4333-BILL PMT,JANATA CATERERS,221115102035,,-45137.4,1,0,4,22,5,631,116974.839207607,38044.38,203932.55657779044,2196000.0,-0.3522607690165668,1.186440677966102,4,13,1,1,0,-1.382431946694851e-10,0,-0.2011960614221966,3.667664670658682,LOW,0,Transaction narration pattern is rarely seen,NORMAL
btx_4a1cd2badc9f,bac_eb0ff218,2025-10-11,2025-10-11,22827.1,0.0,22827.1,2243843.91,POS 416021XXXXXX1395 CLOUDSTACK SOFTWARE,CLOUDSTACK SOFTWARE,541363666908,,-22827.1,1,0,5,11,10,631,116974.839207607,38044.38,203932.55657779044,2196000.0,-0.4616611530179791,0.6000124065630719,3,11,1,1,0,3.7107383832335467e-10,0,-0.2014869594632997,3.592814371257485,LOW,0,Transaction narration pattern is rarely seen,NORMAL
btx_96128a97fb6b,bac_eb0ff218,2026-04-14,2026-04-14,7252.0,0.0,7252.0,889170.86,ESIC CHALLAN-951931143635,ESIC,951931143635,,-7252.0,1,0,1,14,4,631,116974.839207607,38044.38,203932.55657779044,2196000.0,-0.538034931983766,0.1906194817736549,2,12,1,1,0,0.0,0,-0.2015585695726441,3.5179640718562872,LOW,0,Transaction narration pattern is rarely seen,NORMAL
btx_5e064b0fd411,bac_eb0ff218,2025-11-14,2025-11-14,12635.7,0.0,12635.7,1562095.44,UPI-REDLINE TOURS AND-redlineto@ybl-YESB0221736-411701514664-CLIENT VISIT TRAVE,REDLINE TOURS AND TR,411701514664,,-12635.7,1,0,4,14,11,631,116974.839207607,38044.38,203932.55657779044,2196000.0,-0.5116355179306872,0.3321305275575525,2,17,1,1,0,4.729372449219227e-11,0,-0.2016050033782542,3.44311377245509,LOW,0,Transaction narration pattern is rarely seen,NORMAL
btx_023105de6ce7,bac_eb0ff218,2026-07-25,2026-07-25,15793.05,0.0,15793.05,1473304.16,POS 416021XXXXXX3552 M/S Redline Tours and T,REDLINE TOURS AND TR,179300122205,,-15793.05,1,0,5,25,7,631,116974.839207607,38044.38,203932.55657779044,2196000.0,-0.4961531935143028,0.4151217604282157,3,17,1,1,0,-4.729372449219227e-11,0,-0.20162551716507,3.3682634730538923,LOW,0,Transaction narration pattern is rarely seen,NORMAL
btx_839df848c899,bac_eb0ff218,2026-08-06,2026-08-06,45137.4,0.0,45137.4,1080553.28,"NEFT DR-UTIB0352502-janata caterers-NETBANK, MUM-JCL/26-27/0109-HDFCN26080648789144",JANATA CATERERS,HDFCN26080648789144,,-45137.4,1,0,3,6,8,631,116974.839207607,38044.38,203932.55657779044,2196000.0,-0.3522607690165668,1.186440677966102,2,13,1,1,0,9.458744898438454e-11,0,-0.20170436751907,3.293413173652695,LOW,0,Transaction narration pattern is rarely seen,NORMAL
btx_1bb0fff9d1dc,bac_eb0ff218,2026-03-13,2026-03-13,87985.46,0.0,87985.46,1013968.18,"NEFT DR- SBIN0493140-Sambhav Industrial S-NETBANK, MUM-PAYMENT-HDFCN26031314014537",SAMBHAV INDUSTRIAL S,HDFCN26031314014537,,-87985.46,1,0,4,13,3,631,116974.839207607,38044.38,203932.55657779044,2196000.0,-0.1421517961333894,2.312705845120883,2,8,1,1,0,1.6007106751203534e-10,0,-0.2017489075081237,3.218562874251497,LOW,0,Transaction narration pattern is rarely seen,NORMAL
btx_957bd73eadee,bac_eb0ff218,2026-04-10,2026-04-10,4761.0,0.0,4761.0,1331933.66,UPI- LOCAL HARDWARE STOR-localhard@paytm-UTIB0402256-440104249588-MISCELLANEOUS EXPE,LOCAL HARDWARE STORE,440104249588,,-4761.0,1,0,4,10,4,631,116974.839207607,38044.38,203932.55657779044,2196000.0,-0.5502497545790479,0.1251433194600621,3,4,1,1,0,0.0,0,-0.2018872280779715,3.143712574850299,LOW,0,Transaction narration pattern is rarely seen,NORMAL
btx_70f2db750457,bac_eb0ff218,2026-07-11,2026-07-11,5035.8,0.0,5035.8,1576537.17,POS 416021XXXXXX2543 Hyderabad House Caterers,HYDERABAD HOUSE CATE,141145346094,,-5035.8,1,0,5,11,7,631,116974.839207607,38044.38,203932.55657779044,2196000.0,-0.5489022502638398,0.132366462536648,4,10,1,1,0,-4.638422979041934e-11,0,-0.2020186331959456,3.068862275449101,LOW,0,Transaction narration pattern is rarely seen,NORMAL
btx_fed5dc82f4b6,bac_eb0ff218,2026-09-11,2026-09-11,58033.8,0.0,58033.8,1028678.68,"NEFT DR-HDFC0412283-Rao and Associates Cha-NETBANK, MUM-MONTHLY ACCOUNTING-HDFCN26091",RAO AND ASSOCIATES C,HDFCN26091179115532,,-58033.8,1,0,4,11,9,631,116974.839207607,38044.38,203932.55657779044,2196000.0,-0.2890222149748994,1.5254237288135597,1,11,1,1,0,7.275957614183426e-11,0,-0.202102126698385,2.9940119760479043,LOW,0,Transaction narration pattern is rarely seen,NORMAL
btx_c9a791311b4f,bac_eb0ff218,2025-10-10,2025-10-10,19377.75,0.0,19377.75,2360570.01,"NEFT DR-UTIB0252131-Metro Cabs Hyderabad-NETBANK, MUM-CLIENT VISIT TRAVE-HDFCN2510107",METRO CABS HYDERABAD,HDFCN25101073151401,,-19377.75,1,0,4,10,10,631,116974.839207607,38044.38,203932.55657779044,2196000.0,-0.4785753233588203,0.5093459270462549,1,17,1,1,0,0.0,0,-0.2022302855534696,2.9191616766467066,LOW,0,Transaction narration pattern is rarely seen,NORMAL
btx_fb51fa713006,bac_eb0ff218,2026-03-11,2026-03-11,12047.8,0.0,12047.8,1201803.02,POS 416021XXXXXX3913 ZENITH SAAS SOLUTIONS,ZENITH SAAS SOLUTION,131381637591,,-12047.8,1,0,2,11,3,631,116974.839207607,38044.38,203932.55657779044,2196000.0,-0.5145183337491401,0.3166775224093545,1,11,1,1,0,-4.729372449219227e-11,0,-0.2022725361828292,2.844311377245509,LOW,0,Transaction narration pattern is rarely seen,NORMAL
btx_9d9ac5a02c35,bac_eb0ff218,2026-07-11,2026-07-11,21525.0,0.0,21525.0,1555012.17,"NEFT DR-SBIN0064050-SKYLINE TRAVELS-NETBANK, MUM-CLIENT VISIT TRAVE-HDFCN260711594605",SKYLINE TRAVELS,HDFCN26071159460597,,-21525.0,1,0,5,11,7,631,116974.839207607,38044.38,203932.55657779044,2196000.0,-0.4680461070530319,0.5657865892413019,4,18,1,1,0,0.0,0,-0.2023475155456863,2.769461077844311,LOW,0,Transaction narration pattern is rarely seen,NORMAL
btx_3d5a4ac9303f,bac_eb0ff218,2026-07-08,2026-07-08,22827.1,0.0,22827.1,1649039.03,POS 416021XXXXXX1406 CLOUDSTACKSOFTWARE,CLOUDSTACK SOFTWARE,201022135045,,-22827.1,1,0,2,8,7,631,116974.839207607,38044.38,203932.55657779044,2196000.0,-0.4616611530179791,0.6000124065630719,4,11,1,1,0,1.382431946694851e-10,0,-0.2023667641235881,2.694610778443114,LOW,0,Transaction narration pattern is rarely seen,NORMAL
btx_8b54b3f131f8,bac_eb0ff218,2026-08-07,2026-08-07,22827.1,0.0,22827.1,1057726.18,POS 416021XXXXXX6214 M/S CLOUDSTACK SOFTWARE PVT,CLOUDSTACK SOFTWARE,714595055643,,-22827.1,1,0,4,7,8,631,116974.839207607,38044.38,203932.55657779044,2196000.0,-0.4616611530179791,0.6000124065630719,1,11,1,1,0,-9.458744898438454e-11,0,-0.2024932477434522,2.619760479041916,LOW,0,Transaction narration pattern is rarely seen,NORMAL
btx_643c8294db3b,bac_eb0ff218,2026-06-23,2026-06-23,17320.8,0.0,17320.8,1334695.72,"NEFT DR- SBIN0064050-SKYLINE TRAVELS-NETBANK, MUM-CLIENT VISIT TRAVE-HDFCN26062301563",SKYLINE TRAVELS,HDFCN26062301563218,,-17320.8,1,0,1,23,6,631,116974.839207607,38044.38,203932.55657779044,2196000.0,-0.4886617462160524,0.4552788085914398,3,18,1,1,0,-4.729372449219227e-11,0,-0.2025856277528364,2.5449101796407185,LOW,0,Transaction narration pattern is rarely seen,NORMAL
btx_f891bc04f118,bac_eb0ff218,2025-11-13,2025-11-13,41541.0,0.0,41541.0,1582974.62,"NEFT DR-UTIB0034035-CITY POWER DISTRIBUTION-NETBANK, MUM-ELECTRICITY CHARGE-HDFCN2511",CITY POWER DISTRIBUT,HDFCN25111377507980,,-41541.0,1,0,3,13,11,631,116974.839207607,38044.38,203932.55657779044,2196000.0,-0.3698960110806663,1.0919089757803913,2,11,1,1,0,0.0,0,-0.2026697861441323,2.470059880239521,LOW,0,Transaction narration pattern is rarely seen,NORMAL
btx_bb56d290c211,bac_eb0ff218,2026-03-19,2026-03-19,35089.95,0.0,35089.95,1611831.95,"NEFT DR-HDFC0192081-BHARAT TRANSPORT SERVICES-NETBANK, MUM-BILL PMT-HDFCN260319524330",BHARAT TRANSPORT SER,HDFCN26031952433005,,-35089.95,1,0,3,19,3,631,116974.839207607,38044.38,203932.55657779044,2196000.0,-0.4015292633100093,0.9223425378465886,2,24,1,1,0,4.365574568510056e-11,0,-0.2027527643515768,2.395209580838324,LOW,0,Transaction narration pattern is rarely seen,NORMAL
btx_8470b50b251e,bac_eb0ff218,2026-08-19,2026-08-19,6079.0,0.0,6079.0,1701016.71,UPI-Bank charges-bankcharg@oksbi-SBIN0367433-060366674009-MISCELLANEOUS EXPE,BANK CHARGES,060366674009,,-6079.0,1,0,2,19,8,631,116974.839207607,38044.38,203932.55657779044,2196000.0,-0.5437868335912592,0.15978706973277,2,4,1,1,0,0.0,0,-0.2027700265996908,2.320359281437125,LOW,0,Transaction narration pattern is rarely seen,NORMAL
btx_eb55d3199324,bac_eb0ff218,2026-06-05,2026-06-05,45137.4,0.0,45137.4,1123322.9,"NEFT DR-UTIB0352502-JANATA CATERERS-NETBANK, MUM-JCL/26-27/0107-HDFCN26060595247539",JANATA CATERERS,HDFCN26060595247539,,-45137.4,1,0,4,5,6,631,116974.839207607,38044.38,203932.55657779044,2196000.0,-0.3522607690165668,1.186440677966102,2,13,1,1,0,-1.382431946694851e-10,0,-0.2027874028079026,2.245508982035928,LOW,0,Transaction narration pattern is rarely seen,NORMAL
btx_60396a43558e,bac_eb0ff218,2026-05-12,2026-05-12,20290.2,0.0,20290.2,1588795.2,"NEFT DR-HDFC0192081-Bharat Transport Services-NETBANK, MUM-BTS/26-27/0018-HDFCN260512",BHARAT TRANSPORT SER,HDFCN26051297108912,,-20290.2,1,0,1,12,5,631,116974.839207607,38044.38,203932.55657779044,2196000.0,-0.474101050023989,0.5333297585609229,2,24,1,1,0,4.729372449219227e-11,0,-0.203010845909051,2.1706586826347305,LOW,0,Transaction narration pattern is rarely seen,NORMAL
btx_46a8cea93919,bac_eb0ff218,2026-06-25,2026-06-25,8107.05,0.0,8107.05,1326588.67,"NEFT DR-YESB0221736-redline tours and travels-NETBANK, MUM-CLIENT VISIT TRAVE-HDFCN26",REDLINE TOURS AND TR,HDFCN26062524025321,,-8107.05,1,0,3,25,6,631,116974.839207607,38044.38,203932.55657779044,2196000.0,-0.5338421242518929,0.2130945490503459,1,17,1,1,0,-4.638422979041934e-11,0,-0.2030140514005447,2.095808383233533,LOW,0,Transaction narration pattern is rarely seen,NORMAL
btx_8e0a4d23d594,bac_eb0ff218,2026-02-12,2026-02-12,8243.48,0.0,8243.48,2480601.7,"NEFT DR-KKBK0921023-Fibernet Broadband-NETBANK, MUM-INTERNET LEASED LI-HDFCN260212740",FIBERNET BROADBAND,HDFCN26021274057504,,-8243.48,1,0,3,12,2,631,116974.839207607,38044.38,203932.55657779044,2196000.0,-0.533173128568764,0.2166806240501225,2,10,1,1,0,1.8189894035458565e-11,0,-0.2030738995766026,2.020958083832335,LOW,0,Transaction narration pattern is rarely seen,NORMAL
btx_d7998ffba598,bac_eb0ff218,2026-06-05,2026-06-05,13725.6,0.0,13725.6,1168460.3,UPI-REDLINE TOURS AND T-redlineto@paytm-YESB0221736-405554200920-CLIENT VISIT TRAVE,REDLINE TOURS AND TR,405554200920,,-13725.6,1,0,4,5,6,631,116974.839207607,38044.38,203932.55657779044,2196000.0,-0.5062911039818322,0.360778648515234,2,17,1,1,0,1.4006218407303095e-10,0,-0.2033402372927039,1.9461077844311376,LOW,0,Transaction narration pattern is rarely seen,NORMAL
btx_f1a7c0891b0d,bac_eb0ff218,2026-02-12,2026-02-12,6428.0,0.0,6428.0,2488845.18,ESIC CHALLAN-118417668431,ESIC,118417668431,,-6428.0,1,0,3,12,2,631,116974.839207607,38044.38,203932.55657779044,2196000.0,-0.5420754834966172,0.168960566580399,2,12,1,1,0,0.0,0,-0.2033474552503516,1.87125748502994,LOW,0,Transaction narration pattern is rarely seen,NORMAL
btx_4fced3cbe6d5,bac_eb0ff218,2025-10-15,2025-10-15,8243.48,0.0,8243.48,1870260.98,"NEFT DR-KKBK0921023-Fibernet Broadband-NETBANK, MUM-INTERNET LEASED LI-HDFCN251015451",FIBERNET BROADBAND,HDFCN25101545111423,,-8243.48,1,0,2,15,10,631,116974.839207607,38044.38,203932.55657779044,2196000.0,-0.533173128568764,0.2166806240501225,3,10,1,1,0,1.8189894035458565e-11,0,-0.2034609355996254,1.7964071856287425,LOW,0,Transaction narration pattern is rarely seen,NORMAL
btx_da91b753daa9,bac_eb0ff218,2026-06-09,2026-06-09,18005.4,0.0,18005.4,1502572.33,"NEFT DR-YESB0221736-REDLINETOURSANDTRAVEL-NETBANK, MUM-CLIENT VISIT TRAVE-HDFCN260609",REDLINE TOURS AND TR,HDFCN26060902340043,,-18005.4,1,0,1,9,6,631,116974.839207607,38044.38,203932.55657779044,2196000.0,-0.4853047540246714,0.4732735820638949,2,17,1,1,0,9.458744898438454e-11,0,-0.2034764923584553,1.721556886227545,LOW,0,Transaction narration pattern is rarely seen,NORMAL
btx_0c57abc2856b,bac_eb0ff218,2026-05-12,2026-05-12,43470.0,0.0,43470.0,1609085.4,"NEFT DR- UTIB0034035-CITY POWER DISTRIBUTION-NETBANK, MUM-ELECTRICITY CHARGE-HDFCN260",CITY POWER DISTRIBUT,HDFCN26051247289411,,-43470.0,1,0,1,12,5,631,116974.839207607,38044.38,203932.55657779044,2196000.0,-0.3604370015317708,1.1426129168092634,2,11,1,1,0,0.0,0,-0.2034771921441877,1.6467065868263475,LOW,0,Transaction narration pattern is rarely seen,NORMAL
btx_28f657db76d9,bac_eb0ff218,2026-09-10,2026-09-10,8243.48,0.0,8243.48,1086712.48,"NEFT DR- KKBK0921023-FiberNet Broadband-NETBANK, MUM-INTERNET LEASED LI-HDFCN26091068",FIBERNET BROADBAND,HDFCN26091068743110,,-8243.48,1,0,3,10,9,631,116974.839207607,38044.38,203932.55657779044,2196000.0,-0.533173128568764,0.2166806240501225,1,10,1,1,0,1.8189894035458565e-11,0,-0.2037764538017561,1.5718562874251496,LOW,0,Transaction narration pattern is rarely seen,NORMAL
btx_4b126904c26f,bac_eb0ff218,2026-05-16,2026-05-16,5053.65,0.0,5053.65,2251101.69,POS 416021XXXXXX8604 Hyderabad House Caterers,HYDERABAD HOUSE CATE,215006170568,,-5053.65,1,0,5,16,5,631,116974.839207607,38044.38,203932.55657779044,2196000.0,-0.5488147213263345,0.132835651415531,2,10,1,1,0,9.276845958083868e-11,0,-0.2038265230808987,1.497005988023952,LOW,0,Transaction narration pattern is rarely seen,NORMAL
btx_82a2da614e93,bac_eb0ff218,2026-09-09,2026-09-09,40754.0,0.0,40754.0,1215551.84,"NEFT DR-UTIB0034035-CITY POWER DISTRIBUTION-NETBANK, MUM-ELECTRICITY CHARGE-HDFCN2609",CITY POWER DISTRIBUT,HDFCN26090943432849,,-40754.0,1,0,2,9,9,631,116974.839207607,38044.38,203932.55657779044,2196000.0,-0.3737551300619938,1.0712226089635315,3,11,1,1,0,0.0,0,-0.2038991677943038,1.4221556886227544,LOW,0,Transaction narration pattern is rarely seen,NORMAL
btx_88d41a4bb9aa,bac_eb0ff218,2026-04-09,2026-04-09,22827.1,0.0,22827.1,1148742.46,POS 416021XXXXXX4383 CLOUDSTACK SOFTWARE,CLOUDSTACK SOFTWARE,530055904474,,-22827.1,1,0,3,9,4,631,116974.839207607,38044.38,203932.55657779044,2196000.0,-0.4616611530179791,0.6000124065630719,1,11,1,1,0,-9.458744898438454e-11,0,-0.2040451425369036,1.347305389221557,LOW,0,Transaction narration pattern is rarely seen,NORMAL
btx_ec77ae789599,bac_eb0ff218,2025-10-15,2025-10-15,7114.0,0.0,7114.0,1985685.96,ESIC CHALLAN-364893891749,ESIC,364893891749,,-7114.0,1,0,2,15,10,631,116974.839207607,38044.38,203932.55657779044,2196000.0,-0.5387116262905299,0.1869921391806096,3,12,1,1,0,0.0,0,-0.2040804230606769,1.2724550898203593,LOW,0,Transaction narration pattern is rarely seen,NORMAL
btx_1f2795f27512,bac_eb0ff218,2026-06-09,2026-06-09,12047.8,0.0,12047.8,1520577.73,POS 416021XXXXXX3276 ZENITH SAAS SOLUTIONS,ZENITH SAAS SOLUTION,054224580710,,-12047.8,1,0,1,9,6,631,116974.839207607,38044.38,203932.55657779044,2196000.0,-0.5145183337491401,0.3166775224093545,2,11,1,1,0,-4.729372449219227e-11,0,-0.2041972209114052,1.1976047904191618,LOW,0,Transaction narration pattern is rarely seen,NORMAL
btx_3d3c4cf120a0,bac_eb0ff218,2026-07-21,2026-07-21,4629.45,0.0,4629.45,1547990.44,"NEFT DR-YESB0221736-REDLINE TOURS AND TRA-NETBANK, MUM-CLIENT VISIT TRAVE-HDFCN260721",REDLINE TOURS AND TR,HDFCN26072115536842,,-4629.45,1,0,1,21,7,631,116974.839207607,38044.38,203932.55657779044,2196000.0,-0.5508948207823435,0.1216855157056048,3,17,1,1,0,4.638422979041934e-11,0,-0.2047802961918391,1.122754491017964,LOW,0,Transaction narration pattern is rarely seen,NORMAL
btx_e27ebef98b9f,bac_eb0ff218,2026-05-15,2026-05-15,7252.0,0.0,7252.0,2256155.34,ESIC CHALLAN-361461905849,ESIC,361461905849,,-7252.0,1,0,4,15,5,631,116974.839207607,38044.38,203932.55657779044,2196000.0,-0.538034931983766,0.1906194817736549,1,12,1,1,0,0.0,0,-0.204832681201245,1.0479041916167664,LOW,0,Transaction narration pattern is rarely seen,NORMAL
btx_5f8c5c4646fa,bac_eb0ff218,2026-07-21,2026-07-21,18203.85,0.0,18203.85,1529786.59,POS 416021XXXXXX2958 skyline travels,SKYLINE TRAVELS,169652291935,,-18203.85,1,0,1,21,7,631,116974.839207607,38044.38,203932.55657779044,2196000.0,-0.4843316381900534,0.4784898584232415,3,18,1,1,0,1.382431946694851e-10,0,-0.2048872127680933,0.9730538922155688,LOW,0,Transaction narration pattern is rarely seen,NORMAL
btx_4f399c9fc86e,bac_eb0ff218,2026-06-12,2026-06-12,8243.48,0.0,8243.48,1215795.6,"NEFT DR-KKBK0921023-FIBERNET BROADBAND-NETBANK, MUM-INTERNET LEASED LI-HDFCN260612084",FIBERNET BROADBAND,HDFCN26061208432950,,-8243.48,1,0,4,12,6,631,116974.839207607,38044.38,203932.55657779044,2196000.0,-0.533173128568764,0.2166806240501225,4,10,1,1,0,1.8189894035458565e-11,0,-0.2049623475048268,0.8982035928143712,LOW,0,Transaction narration pattern is rarely seen,NORMAL
btx_555076209f15,bac_eb0ff218,2026-05-21,2026-05-21,19911.15,0.0,19911.15,1636290.66,POS 416021XXXXXX0524 REDLINE TOURS AND T,REDLINE TOURS AND TR,141015031443,,-19911.15,1,0,3,21,5,631,116974.839207607,38044.38,203932.55657779044,2196000.0,-0.4759597527557198,0.5233663947211127,1,17,1,1,0,-1.382431946694851e-10,0,-0.2051097553245269,0.8233532934131738,LOW,0,Transaction narration pattern is rarely seen,NORMAL
btx_50fa87eb7e36,bac_eb0ff218,2026-09-09,2026-09-09,29000.0,0.0,29000.0,1094955.96,UPI-Navaratna Machinery Mainten-navaratna@okicici-KKBK0311215-053583296415-UPI,NAVARATNA MACHINERY ,053583296415,,-29000.0,1,0,2,9,9,631,116974.839207607,38044.38,203932.55657779044,2196000.0,-0.43139183210332,0.762267646364588,3,10,1,1,0,0.0,0,-0.2053526942016724,0.7485029940119761,LOW,0,Transaction narration pattern is rarely seen,NORMAL
btx_070015768915,bac_eb0ff218,2026-07-15,2026-07-15,6954.0,0.0,6954.0,1864848.32,ESIC CHALLAN-126911033219,ESIC,126911033219,,-6954.0,1,0,2,15,7,631,116974.839207607,38044.38,203932.55657779044,2196000.0,-0.5394961993998214,0.1827865245799774,1,12,1,1,0,0.0,0,-0.2056805827196514,0.6736526946107785,LOW,0,Transaction narration pattern is rarely seen,NORMAL
btx_ae7f4d4f87e0,bac_eb0ff218,2026-05-13,2026-05-13,38044.38,0.0,38044.38,1364842.82,"NEFT DR-SBIN0695480-BHAGYA FACILITY SERVI-NETBANK, MUM-BFS/26-27/0291-HDFCN2605131424",BHAGYA FACILITY SERV,HDFCN26051314245120,,-38044.38,1,0,2,13,5,631,116974.839207607,38044.38,203932.55657779044,2196000.0,-0.3870419737394839,1.0,3,18,1,1,0,1.0913936421275139e-10,0,-0.2059278889476082,0.5988023952095809,LOW,0,Transaction narration pattern is rarely seen,NORMAL
btx_89fea9e95b10,bac_eb0ff218,2025-09-12,2025-09-12,24666.0,0.0,24666.0,3273334.0,TAX PAYMENT-ITNS280-051030812092572115,CBDT,051030812092572115,,-24666.0,1,0,4,12,9,631,116974.839207607,38044.38,203932.55657779044,2196000.0,-0.4526439562012533,0.648348060869963,1,17,1,1,0,0.0,0,-0.2060542219906761,0.5239520958083832,LOW,0,Transaction narration pattern is rarely seen,NORMAL
btx_edcf8daa93b5,bac_eb0ff218,2026-03-13,2026-03-13,38890.0,0.0,38890.0,975078.18,"NEFT DR-UTIB0034035-CITY POWER DISTRIBUTION-NETBANK, MUM-ELECTRICITY CHARGE-HDFCN2603",CITY POWER DISTRIBUT,HDFCN26031339212023,,-38890.0,1,0,4,13,3,631,116974.839207607,38044.38,203932.55657779044,2196000.0,-0.3828954067852397,1.0222271988661664,2,11,1,1,0,0.0,0,-0.2062182482018758,0.4491017964071856,LOW,0,Transaction narration pattern is rarely seen,NORMAL
btx_e8f866b57cb6,bac_eb0ff218,2026-08-14,2026-08-14,6879.0,0.0,6879.0,709984.71,ESIC CHALLAN-399399002040,ESIC,399399002040,,-6879.0,1,0,4,14,8,631,116974.839207607,38044.38,203932.55657779044,2196000.0,-0.5398639680448017,0.180815142735931,2,12,1,1,0,0.0,0,-0.2065596466536133,0.374251497005988,LOW,0,Transaction narration pattern is rarely seen,NORMAL
btx_badd45fb4ee6,bac_eb0ff218,2026-07-16,2026-07-16,10556.28,0.0,10556.28,1854292.04,UPI-Supreme Stationers-supremest@oksbi-HDFC0186011-890615110690-OFFICE SUPPLIES PU,SUPREME STATIONERS,890615110690,,-10556.28,1,0,3,16,7,631,116974.839207607,38044.38,203932.55657779044,2196000.0,-0.5218321242739554,0.2774727831022611,1,9,1,1,0,-2.7284841053187847e-11,0,-0.2066774129748327,0.2994011976047904,LOW,0,Transaction narration pattern is rarely seen,NORMAL
btx_9e9099a04f95,bac_eb0ff218,2026-07-09,2026-07-09,12047.8,0.0,12047.8,1596167.97,POS 416021XXXXXX3470 Zenith SaaS Solutions,ZENITH SAAS SOLUTION,855363059676,,-12047.8,1,0,3,9,7,631,116974.839207607,38044.38,203932.55657779044,2196000.0,-0.5145183337491401,0.3166775224093545,1,11,1,1,0,-4.729372449219227e-11,0,-0.206689090220617,0.2245508982035928,LOW,0,Transaction narration pattern is rarely seen,NORMAL
btx_27c66a32bdac,bac_eb0ff218,2026-05-13,2026-05-13,8243.48,0.0,8243.48,1356599.34,"NEFT DR-KKBK0921023-FIBERNET BROADBAND-NETBANK, MUM-INTERNET LEASED LI-HDFCN260513559",FIBERNET BROADBAND,HDFCN26051355971534,,-8243.48,1,0,2,13,5,631,116974.839207607,38044.38,203932.55657779044,2196000.0,-0.533173128568764,0.2166806240501225,3,10,1,1,0,1.8189894035458565e-11,0,-0.207138407016387,0.1497005988023952,LOW,0,Transaction narration pattern is rarely seen,NORMAL
btx_16767e4b809a,bac_eb0ff218,2026-08-20,2026-08-20,21837.9,0.0,21837.9,898538.06,POS 416021XXXXXX8471 METRO CABS HYDERABAD,METRO CABS HYDERABAD,014502403048,,-21837.9,1,0,3,20,8,631,116974.839207607,38044.38,203932.55657779044,2196000.0,-0.4665117762661737,0.5740111942946633,2,17,1,1,0,9.458744898438454e-11,0,-0.20730083502301,0.0748502994011976,LOW,0,Transaction narration pattern is rarely seen,NORMAL
